Groupe;OF;Date de besoin;Statut
GRP113;SUGBSK000033151085;2026-07-07;OUI
GRP113;SUGBSK000033120375;2026-07-07;OUI
INDIVIDUEL;SUGBSK000033104344;2026-06-23;OUI
INDIVIDUEL;SUGBSK000033147970;2026-06-29;OUI
INDIVIDUEL;SUGBSK000033147971;2026-06-29;OUI
INDIVIDUEL;SUGBSK000033147972;2026-06-29;OUI
INDIVIDUEL;SUGBSK000033147973;2026-06-29;OUI
INDIVIDUEL;SUGBSK000033147974;2026-06-29;OUI
INDIVIDUEL;SUGBSK000033147975;2026-06-29;OUI
INDIVIDUEL;SUGBSK000033147976;2026-06-29;OUI
INDIVIDUEL;SUGBSK000033147977;2026-06-29;OUI
INDIVIDUEL;SUGBSK000033147978;2026-06-29;NON
INDIVIDUEL;SUGBSK000033147979;2026-06-29;NON
INDIVIDUEL;SUGBSK000033147991;2026-06-29;NON
INDIVIDUEL;SUGBSK000033147992;2026-06-29;NON
INDIVIDUEL;SUGBSK000033147993;2026-06-29;NON
INDIVIDUEL;SUGBSK000033147994;2026-06-29;NON
INDIVIDUEL;SUGBSK000033147995;2026-06-29;NON
INDIVIDUEL;SUGBSK000033147996;2026-06-29;NON
INDIVIDUEL;SUGBSK000033147997;2026-06-29;NON
INDIVIDUEL;SUGBSK000033147998;2026-06-29;NON
INDIVIDUEL;SUGBSK000033147999;2026-06-29;NON
INDIVIDUEL;SUGBSK000033148000;2026-06-29;NON
INDIVIDUEL;SUGBSK000033148001;2026-06-29;NON
INDIVIDUEL;SUGBSK000033148002;2026-06-29;NON
INDIVIDUEL;SUGBSK000033148003;2026-06-29;NON
INDIVIDUEL;SUGBSK000033148004;2026-06-29;NON
INDIVIDUEL;SUGBSK000033148005;2026-06-29;NON
INDIVIDUEL;SUGBSK000033148006;2026-06-29;NON
INDIVIDUEL;SUGBSK000033148007;2026-06-29;NON
INDIVIDUEL;SUGBSK000033148008;2026-06-29;NON
INDIVIDUEL;SUGBSK000033148009;2026-06-29;NON
INDIVIDUEL;SUGBSK000033148010;2026-06-29;NON
INDIVIDUEL;SUGBSK000033148011;2026-06-29;NON
INDIVIDUEL;SUGBSK000033148012;2026-06-29;NON
INDIVIDUEL;SUGBSK000033148013;2026-06-29;NON
INDIVIDUEL;SUGBSK000033148014;2026-06-29;NON
INDIVIDUEL;SUGBSK000033148015;2026-06-29;NON
INDIVIDUEL;SUGBSK000033148016;2026-06-29;NON
INDIVIDUEL;SUGBSK000033148017;2026-06-29;NON
INDIVIDUEL;SUGBSK000033148018;2026-06-29;NON
INDIVIDUEL;SUGBSK000033148019;2026-06-29;NON
INDIVIDUEL;SUGBSK000033148020;2026-06-29;NON
INDIVIDUEL;SUGBSK000033132123;2026-07-14;OUI
INDIVIDUEL;SUGBSK000033147980;2026-07-17;OUI
INDIVIDUEL;SUGBSK000033147981;2026-07-17;OUI
INDIVIDUEL;SUGBSK000033147982;2026-07-17;OUI
INDIVIDUEL;SUGBSK000033147983;2026-07-17;OUI
INDIVIDUEL;SUGBSK000033147984;2026-07-17;OUI
INDIVIDUEL;SUGBSK000033148021;2026-07-17;OUI
INDIVIDUEL;SUGBSK000033148022;2026-07-17;OUI
INDIVIDUEL;SUGBSK000033148023;2026-07-17;OUI
INDIVIDUEL;SUGBSK000033148024;2026-07-17;OUI
INDIVIDUEL;SUGBSK000033148025;2026-07-17;OUI
INDIVIDUEL;SUGBSK000033148026;2026-07-17;OUI
INDIVIDUEL;SUGBSK000033148027;2026-07-17;OUI
INDIVIDUEL;SUGBSK000033148028;2026-07-17;OUI
INDIVIDUEL;SUGBSK000033148029;2026-07-17;OUI
INDIVIDUEL;SUGBSK000033148030;2026-07-17;OUI
INDIVIDUEL;SUGBSK000033148031;2026-07-17;OUI
INDIVIDUEL;SUGBSK000033148032;2026-07-17;OUI
INDIVIDUEL;SUGBSK000033104345;2026-09-21;OUI
INDIVIDUEL;SUGBSK000033147985;2026-10-19;OUI
INDIVIDUEL;SUGBSK000033147986;2026-10-19;OUI
INDIVIDUEL;SUGBSK000033148033;2026-10-19;OUI
INDIVIDUEL;SUGBSK000033148034;2026-10-19;OUI
INDIVIDUEL;SUGBSK000033148035;2026-10-19;OUI
INDIVIDUEL;SUGBSK000033148036;2026-10-19;OUI
INDIVIDUEL;SUGBSK000033148037;2026-10-19;OUI
INDIVIDUEL;SUGBSK000033148038;2026-10-19;OUI
INDIVIDUEL;SUGBSK000033148039;2026-10-19;NON
INDIVIDUEL;SUGBSK000033148040;2026-10-19;NON
GRP58;BSK2604OF011791;2026-06-02;OUI
GRP58;BSK2605OF016317;2026-06-02;OUI
GRP58;BSK2605OF016318;2026-06-02;OUI
GRP58;BSK2605OF016319;2026-06-02;OUI
GRP58;BSK2605OF016320;2026-06-02;OUI
GRP58;BSK2605OF016321;2026-06-02;OUI
GRP58;BSK2605OF016322;2026-06-02;OUI
GRP58;BSK2605OF016323;2026-06-02;OUI
GRP58;BSK2605OF016324;2026-06-02;OUI
GRP58;BSK2606OF014437;2026-06-11;OUI
GRP58;BSK2606OF014438;2026-06-11;OUI
GRP58;BSK2606OF014439;2026-06-11;OUI
GRP58;BSK2606OF014440;2026-06-11;OUI
GRP58;BSK2606OF014441;2026-06-11;OUI
GRP58;BSK2606OF014442;2026-06-11;OUI
GRP58;BSK2606OF014443;2026-06-11;OUI
GRP58;BSK2606OF014444;2026-06-11;OUI
GRP58;BSK2605OF016202;2026-06-02;OUI
GRP58;BSK2605OF016203;2026-06-02;OUI
GRP58;BSK2605OF016204;2026-06-02;OUI
GRP58;BSK2605OF016205;2026-06-02;NON
GRP58;BSK2605OF016206;2026-06-02;NON
GRP58;BSK2605OF016207;2026-06-02;NON
GRP58;BSK2606OF014322;2026-06-25;OUI
GRP58;BSK2606OF014323;2026-06-25;OUI
GRP58;BSK2606OF014324;2026-06-25;OUI
GRP58;BSK2606OF014325;2026-06-25;OUI
GRP58;BSK2606OF014326;2026-06-25;OUI
GRP58;BSK2606OF014327;2026-06-25;OUI
GRP58;BSK2605OF016208;2026-06-02;NON
GRP58;BSK2605OF016209;2026-06-02;NON
GRP58;BSK2606OF014328;2026-06-25;OUI
GRP58;BSK2606OF014329;2026-06-25;OUI
GRP59;BSK2605OF016278;2026-06-02;OUI
GRP59;BSK2605OF016279;2026-06-02;OUI
GRP59;BSK2605OF016280;2026-06-02;OUI
GRP59;BSK2605OF016281;2026-06-02;OUI
GRP59;BSK2605OF016211;2026-06-02;NON
GRP59;BSK2605OF016212;2026-06-02;NON
GRP59;BSK2605OF016213;2026-06-02;NON
GRP59;BSK2605OF016214;2026-06-02;NON
INDIVIDUEL;BSK2606OF014383;2026-06-11;OUI
INDIVIDUEL;BSK2606OF014384;2026-06-11;OUI
INDIVIDUEL;BSK2606OF014385;2026-06-11;OUI
INDIVIDUEL;BSK2606OF014386;2026-06-11;OUI
INDIVIDUEL;BSK2606OF014387;2026-06-11;OUI
INDIVIDUEL;BSK2606OF014388;2026-06-11;OUI
INDIVIDUEL;BSK2606OF014389;2026-06-11;OUI
INDIVIDUEL;BSK2606OF014390;2026-06-11;OUI
INDIVIDUEL;BSK2606OF014391;2026-06-11;OUI
INDIVIDUEL;BSK2606OF014392;2026-06-11;OUI
INDIVIDUEL;BSK2606OF014393;2026-06-11;OUI
INDIVIDUEL;BSK2606OF014394;2026-06-11;OUI
INDIVIDUEL;BSK2606OF014395;2026-06-11;OUI
INDIVIDUEL;BSK2606OF014396;2026-06-11;OUI
INDIVIDUEL;BSK2606OF014397;2026-06-11;OUI
INDIVIDUEL;BSK2606OF014398;2026-06-11;OUI
INDIVIDUEL;BSK2606OF014399;2026-06-11;OUI
INDIVIDUEL;BSK2606OF014400;2026-06-11;OUI
INDIVIDUEL;BSK2606OF014401;2026-06-11;OUI
INDIVIDUEL;BSK2606OF014402;2026-06-11;OUI
INDIVIDUEL;BSK2606OF014403;2026-06-11;OUI
INDIVIDUEL;BSK2606OF014404;2026-06-11;OUI
INDIVIDUEL;BSK2606OF014405;2026-06-11;OUI
INDIVIDUEL;BSK2606OF014406;2026-06-11;NON
INDIVIDUEL;BSK2606OF014407;2026-06-11;NON
INDIVIDUEL;BSK2606OF014408;2026-06-11;NON
INDIVIDUEL;BSK2606OF014409;2026-06-11;NON
INDIVIDUEL;BSK2606OF014410;2026-06-11;NON
INDIVIDUEL;BSK2606OF014411;2026-06-11;NON
INDIVIDUEL;BSK2606OF014412;2026-06-11;NON
INDIVIDUEL;BSK2606OF014413;2026-06-11;NON
INDIVIDUEL;BSK2606OF014414;2026-06-11;NON
INDIVIDUEL;BSK2606OF014415;2026-06-11;NON
INDIVIDUEL;BSK2606OF014416;2026-06-11;NON
INDIVIDUEL;BSK2606OF014417;2026-06-11;NON
INDIVIDUEL;BSK2606OF014418;2026-06-11;NON
INDIVIDUEL;BSK2606OF014419;2026-06-11;NON
INDIVIDUEL;BSK2606OF014420;2026-06-11;NON
INDIVIDUEL;BSK2606OF014421;2026-06-11;NON
INDIVIDUEL;BSK2606OF014422;2026-06-11;NON
INDIVIDUEL;BSK2606OF014423;2026-06-11;NON
INDIVIDUEL;BSK2606OF014424;2026-06-11;NON
INDIVIDUEL;BSK2606OF014425;2026-06-11;NON
INDIVIDUEL;BSK2606OF014426;2026-06-11;NON
INDIVIDUEL;BSK2606OF014427;2026-06-11;NON
INDIVIDUEL;BSK2606OF014428;2026-06-11;NON
INDIVIDUEL;BSK2606OF014429;2026-06-11;NON
INDIVIDUEL;BSK2606OF014430;2026-06-11;NON
INDIVIDUEL;BSK2606OF014431;2026-06-11;NON
INDIVIDUEL;BSK2606OF014432;2026-06-11;NON
INDIVIDUEL;BSK2606OF014433;2026-06-11;NON
INDIVIDUEL;BSK2606OF014434;2026-06-11;NON
INDIVIDUEL;BSK2606OF014435;2026-06-11;NON
INDIVIDUEL;BSK2606OF014436;2026-06-11;NON
INDIVIDUEL;BSK2606OF025744;2026-06-11;NON
INDIVIDUEL;BSK2606OF025745;2026-06-11;NON
INDIVIDUEL;BSK2606OF025746;2026-06-11;NON
INDIVIDUEL;BSK2606OF025747;2026-06-11;NON
INDIVIDUEL;BSK2606OF025748;2026-06-11;NON
INDIVIDUEL;BSK2606OF025749;2026-06-11;NON
INDIVIDUEL;BSK2606OF025750;2026-06-11;NON
INDIVIDUEL;BSK2606OF025751;2026-06-11;NON
INDIVIDUEL;BSK2606OF025752;2026-06-11;NON
INDIVIDUEL;BSK2606OF025753;2026-06-11;NON
INDIVIDUEL;BSK2606OF025754;2026-06-11;NON
INDIVIDUEL;BSK2606OF025755;2026-06-11;NON
INDIVIDUEL;BSK2606OF025756;2026-06-11;NON
INDIVIDUEL;BSK2606OF025757;2026-06-11;NON
INDIVIDUEL;BSK2606OF025758;2026-06-11;NON
INDIVIDUEL;BSK2606OF025759;2026-06-11;NON
INDIVIDUEL;BSK2606OF025760;2026-06-11;NON
INDIVIDUEL;BSK2606OF025761;2026-06-11;NON
INDIVIDUEL;BSK2606OF025762;2026-06-11;NON
GRP154;BSK2607OF014411;2026-07-11;OUI
GRP154;BSK2607OF014412;2026-07-11;OUI
GRP154;BSK2607OF014413;2026-07-11;OUI
GRP154;BSK2607OF014414;2026-07-11;OUI
GRP154;BSK2607OF014415;2026-07-11;OUI
GRP154;BSK2607OF014416;2026-07-11;OUI
GRP154;BSK2607OF014417;2026-07-11;OUI
GRP154;BSK2607OF014418;2026-07-11;OUI
GRP154;BSK2607OF014296;2026-07-25;OUI
GRP154;BSK2607OF014297;2026-07-25;OUI
GRP154;BSK2607OF014298;2026-07-25;OUI
GRP154;BSK2607OF014299;2026-07-25;OUI
GRP154;BSK2607OF014300;2026-07-25;OUI
GRP154;BSK2607OF014301;2026-07-25;OUI
GRP154;BSK2607OF014302;2026-07-25;OUI
GRP154;BSK2607OF014303;2026-07-25;OUI
GRP194;BSK2609OF011802;2026-09-11;OUI
GRP194;BSK2609OF011803;2026-09-11;OUI
GRP194;BSK2609OF011804;2026-09-11;OUI
GRP194;BSK2609OF011805;2026-09-11;OUI
GRP194;BSK2609OF011806;2026-09-11;OUI
GRP194;BSK2609OF011807;2026-09-11;OUI
GRP194;BSK2609OF011808;2026-09-11;OUI
GRP194;BSK2609OF011809;2026-09-11;OUI
GRP194;BSK2609OF011687;2026-09-25;OUI
GRP194;BSK2609OF011688;2026-09-25;OUI
GRP194;BSK2609OF011689;2026-09-25;OUI
GRP194;BSK2609OF011690;2026-09-25;OUI
GRP194;BSK2609OF011691;2026-09-25;OUI
GRP194;BSK2609OF011692;2026-09-25;OUI
GRP194;BSK2609OF011693;2026-09-25;OUI
GRP194;BSK2609OF011694;2026-09-25;OUI
INDIVIDUEL;BSK2609OF011748;2026-09-11;OUI
INDIVIDUEL;BSK2609OF011749;2026-09-11;OUI
INDIVIDUEL;BSK2609OF011750;2026-09-11;OUI
INDIVIDUEL;BSK2609OF011751;2026-09-11;OUI
INDIVIDUEL;BSK2609OF011752;2026-09-11;OUI
INDIVIDUEL;BSK2609OF011753;2026-09-11;OUI
INDIVIDUEL;BSK2609OF011754;2026-09-11;OUI
INDIVIDUEL;BSK2609OF011755;2026-09-11;OUI
INDIVIDUEL;BSK2609OF011756;2026-09-11;OUI
INDIVIDUEL;BSK2609OF011757;2026-09-11;OUI
INDIVIDUEL;BSK2609OF011758;2026-09-11;OUI
INDIVIDUEL;BSK2609OF011759;2026-09-11;OUI
INDIVIDUEL;BSK2609OF011760;2026-09-11;OUI
INDIVIDUEL;BSK2609OF011761;2026-09-11;OUI
INDIVIDUEL;BSK2609OF011762;2026-09-11;OUI
INDIVIDUEL;BSK2609OF011763;2026-09-11;OUI
INDIVIDUEL;BSK2609OF011764;2026-09-11;OUI
INDIVIDUEL;BSK2609OF011765;2026-09-11;OUI
INDIVIDUEL;BSK2609OF011766;2026-09-11;OUI
INDIVIDUEL;BSK2609OF011767;2026-09-11;OUI
INDIVIDUEL;BSK2609OF011768;2026-09-11;OUI
INDIVIDUEL;BSK2609OF011769;2026-09-11;OUI
INDIVIDUEL;BSK2609OF011770;2026-09-11;OUI
INDIVIDUEL;BSK2609OF011771;2026-09-11;OUI
INDIVIDUEL;BSK2609OF011772;2026-09-11;OUI
INDIVIDUEL;BSK2609OF011773;2026-09-11;OUI
INDIVIDUEL;BSK2609OF011774;2026-09-11;OUI
INDIVIDUEL;BSK2609OF011775;2026-09-11;OUI
INDIVIDUEL;BSK2609OF011776;2026-09-11;OUI
INDIVIDUEL;BSK2609OF011777;2026-09-11;OUI
INDIVIDUEL;BSK2609OF011778;2026-09-11;NON
INDIVIDUEL;BSK2609OF011779;2026-09-11;NON
INDIVIDUEL;BSK2609OF011780;2026-09-11;NON
INDIVIDUEL;BSK2609OF011781;2026-09-11;NON
INDIVIDUEL;BSK2609OF011782;2026-09-11;NON
INDIVIDUEL;BSK2609OF011783;2026-09-11;NON
INDIVIDUEL;BSK2609OF011784;2026-09-11;NON
INDIVIDUEL;BSK2609OF011785;2026-09-11;NON
INDIVIDUEL;BSK2609OF011786;2026-09-11;NON
INDIVIDUEL;BSK2609OF011787;2026-09-11;NON
INDIVIDUEL;BSK2609OF011788;2026-09-11;NON
INDIVIDUEL;BSK2609OF011789;2026-09-11;NON
INDIVIDUEL;BSK2609OF011790;2026-09-11;NON
INDIVIDUEL;BSK2609OF011791;2026-09-11;NON
INDIVIDUEL;BSK2609OF011792;2026-09-11;NON
INDIVIDUEL;BSK2609OF011793;2026-09-11;NON
INDIVIDUEL;BSK2609OF011794;2026-09-11;NON
INDIVIDUEL;BSK2609OF011795;2026-09-11;NON
INDIVIDUEL;BSK2609OF011796;2026-09-11;NON
INDIVIDUEL;BSK2609OF011797;2026-09-11;NON
INDIVIDUEL;BSK2609OF011798;2026-09-11;NON
INDIVIDUEL;BSK2609OF011799;2026-09-11;NON
INDIVIDUEL;BSK2609OF011800;2026-09-11;NON
INDIVIDUEL;BSK2609OF011801;2026-09-11;NON
INDIVIDUEL;BSK2609OF015592;2026-09-11;NON
INDIVIDUEL;BSK2609OF015593;2026-09-11;NON
INDIVIDUEL;BSK2609OF015594;2026-09-11;NON
INDIVIDUEL;BSK2609OF015595;2026-09-11;NON
INDIVIDUEL;BSK2609OF015596;2026-09-11;NON
INDIVIDUEL;BSK2609OF015597;2026-09-11;NON
INDIVIDUEL;BSK2609OF015598;2026-09-11;NON
INDIVIDUEL;BSK2609OF015599;2026-09-11;NON
INDIVIDUEL;BSK2609OF015600;2026-09-11;NON
INDIVIDUEL;BSK2609OF015601;2026-09-11;NON
INDIVIDUEL;BSK2609OF015602;2026-09-11;NON
INDIVIDUEL;BSK2609OF015603;2026-09-11;NON
INDIVIDUEL;BSK2609OF015604;2026-09-11;NON
INDIVIDUEL;BSK2609OF015605;2026-09-11;NON
INDIVIDUEL;BSK2609OF015606;2026-09-11;NON
INDIVIDUEL;BSK2609OF015607;2026-09-11;NON
INDIVIDUEL;BSK2609OF015608;2026-09-11;NON
INDIVIDUEL;BSK2609OF015609;2026-09-11;NON
GRP218;BSK2610OF010447;2026-10-11;OUI
GRP218;BSK2610OF010448;2026-10-11;OUI
GRP218;BSK2610OF010449;2026-10-11;OUI
GRP218;BSK2610OF010450;2026-10-11;OUI
GRP218;BSK2610OF010451;2026-10-11;OUI
GRP218;BSK2610OF010452;2026-10-11;OUI
GRP218;BSK2610OF010453;2026-10-11;OUI
GRP218;BSK2610OF010454;2026-10-11;OUI
GRP218;BSK2610OF010332;2026-10-25;OUI
GRP218;BSK2610OF010333;2026-10-25;OUI
GRP218;BSK2610OF010334;2026-10-25;OUI
GRP218;BSK2610OF010335;2026-10-25;OUI
GRP218;BSK2610OF010336;2026-10-25;OUI
GRP218;BSK2610OF010337;2026-10-25;OUI
GRP218;BSK2610OF010338;2026-10-25;OUI
GRP218;BSK2610OF010339;2026-10-25;OUI
GRP244;BSK2611OF007645;2026-11-11;OUI
GRP244;BSK2611OF007646;2026-11-11;OUI
GRP244;BSK2611OF007647;2026-11-11;OUI
GRP244;BSK2611OF007648;2026-11-11;OUI
GRP244;BSK2611OF007649;2026-11-11;OUI
GRP244;BSK2611OF007650;2026-11-11;OUI
GRP244;BSK2611OF007651;2026-11-11;OUI
GRP244;BSK2611OF007652;2026-11-11;OUI
GRP244;BSK2611OF007530;2026-11-25;OUI
GRP244;BSK2611OF007531;2026-11-25;OUI
GRP244;BSK2611OF007532;2026-11-25;OUI
GRP244;BSK2611OF007533;2026-11-25;OUI
GRP244;BSK2611OF007534;2026-11-25;OUI
GRP244;BSK2611OF007535;2026-11-25;OUI
GRP244;BSK2611OF007536;2026-11-25;OUI
GRP244;BSK2611OF007537;2026-11-25;OUI
GRP254;BSK2612OF004954;2026-12-11;OUI
GRP254;BSK2612OF004955;2026-12-11;OUI
GRP254;BSK2612OF004956;2026-12-11;OUI
GRP254;BSK2612OF004957;2026-12-11;OUI
GRP254;BSK2612OF004958;2026-12-11;OUI
GRP254;BSK2612OF004959;2026-12-11;OUI
GRP254;BSK2612OF004960;2026-12-11;OUI
GRP254;BSK2612OF004961;2026-12-11;OUI
GRP254;BSK2612OF004839;2026-12-25;OUI
GRP254;BSK2612OF004840;2026-12-25;OUI
GRP254;BSK2612OF004841;2026-12-25;OUI
GRP254;BSK2612OF004842;2026-12-25;OUI
GRP254;BSK2612OF004843;2026-12-25;OUI
GRP254;BSK2612OF004844;2026-12-25;OUI
GRP254;BSK2612OF004845;2026-12-25;OUI
GRP254;BSK2612OF004846;2026-12-25;OUI
GRP257;BSK2701OF005187;2027-01-11;OUI
GRP257;BSK2701OF005188;2027-01-11;OUI
GRP257;BSK2701OF005189;2027-01-11;OUI
GRP257;BSK2701OF005190;2027-01-11;OUI
GRP257;BSK2701OF005191;2027-01-11;OUI
GRP257;BSK2701OF005192;2027-01-11;OUI
GRP257;BSK2701OF005193;2027-01-11;OUI
GRP257;BSK2701OF005194;2027-01-11;OUI
GRP257;BSK2701OF005073;2027-01-25;OUI
GRP257;BSK2701OF005074;2027-01-25;OUI
GRP257;BSK2701OF005075;2027-01-25;OUI
GRP257;BSK2701OF005076;2027-01-25;OUI
GRP257;BSK2701OF005077;2027-01-25;OUI
GRP257;BSK2701OF005078;2027-01-25;OUI
GRP257;BSK2701OF005079;2027-01-25;OUI
GRP257;BSK2701OF005080;2027-01-25;OUI
GRP260;BSK2702OF004682;2027-02-11;OUI
GRP260;BSK2702OF004683;2027-02-11;OUI
GRP260;BSK2702OF004684;2027-02-11;OUI
GRP260;BSK2702OF004685;2027-02-11;OUI
GRP260;BSK2702OF004686;2027-02-11;OUI
GRP260;BSK2702OF004687;2027-02-11;OUI
GRP260;BSK2702OF004688;2027-02-11;OUI
GRP260;BSK2702OF004689;2027-02-11;OUI
GRP260;BSK2702OF004568;2027-02-25;OUI
GRP260;BSK2702OF004569;2027-02-25;OUI
GRP260;BSK2702OF004570;2027-02-25;OUI
GRP260;BSK2702OF004571;2027-02-25;OUI
GRP260;BSK2702OF004572;2027-02-25;OUI
GRP260;BSK2702OF004573;2027-02-25;OUI
GRP260;BSK2702OF004574;2027-02-25;OUI
GRP260;BSK2702OF004575;2027-02-25;OUI
GRP263;BSK2703OF004340;2027-03-11;OUI
GRP263;BSK2703OF004341;2027-03-11;OUI
GRP263;BSK2703OF004342;2027-03-11;OUI
GRP263;BSK2703OF004343;2027-03-11;OUI
GRP263;BSK2703OF004344;2027-03-11;OUI
GRP263;BSK2703OF004345;2027-03-11;OUI
GRP263;BSK2703OF004346;2027-03-11;OUI
GRP263;BSK2703OF004347;2027-03-11;OUI
GRP263;BSK2703OF004226;2027-03-25;OUI
GRP263;BSK2703OF004227;2027-03-25;OUI
GRP263;BSK2703OF004228;2027-03-25;OUI
GRP263;BSK2703OF004229;2027-03-25;OUI
GRP263;BSK2703OF004230;2027-03-25;OUI
GRP263;BSK2703OF004231;2027-03-25;OUI
GRP263;BSK2703OF004232;2027-03-25;OUI
GRP263;BSK2703OF004233;2027-03-25;OUI
GRP266;BSK2704OF004573;2027-04-11;OUI
GRP266;BSK2704OF004574;2027-04-11;OUI
GRP266;BSK2704OF004575;2027-04-11;OUI
GRP266;BSK2704OF004576;2027-04-11;OUI
GRP266;BSK2704OF004577;2027-04-11;OUI
GRP266;BSK2704OF004578;2027-04-11;OUI
GRP266;BSK2704OF004579;2027-04-11;OUI
GRP266;BSK2704OF004580;2027-04-11;OUI
GRP266;BSK2704OF004459;2027-04-25;OUI
GRP266;BSK2704OF004460;2027-04-25;OUI
GRP266;BSK2704OF004461;2027-04-25;OUI
GRP266;BSK2704OF004462;2027-04-25;OUI
GRP266;BSK2704OF004463;2027-04-25;OUI
GRP266;BSK2704OF004464;2027-04-25;OUI
GRP266;BSK2704OF004465;2027-04-25;OUI
GRP266;BSK2704OF004466;2027-04-25;OUI
GRP271;BSK2705OF004707;2027-05-11;OUI
GRP271;BSK2705OF004708;2027-05-11;OUI
GRP271;BSK2705OF004709;2027-05-11;OUI
GRP271;BSK2705OF004710;2027-05-11;OUI
GRP271;BSK2705OF004711;2027-05-11;OUI
GRP271;BSK2705OF004712;2027-05-11;OUI
GRP271;BSK2705OF004713;2027-05-11;OUI
GRP271;BSK2705OF004714;2027-05-11;OUI
GRP271;BSK2705OF004593;2027-05-25;OUI
GRP271;BSK2705OF004594;2027-05-25;OUI
GRP271;BSK2705OF004595;2027-05-25;OUI
GRP271;BSK2705OF004596;2027-05-25;OUI
GRP271;BSK2705OF004597;2027-05-25;OUI
GRP271;BSK2705OF004598;2027-05-25;OUI
GRP271;BSK2705OF004599;2027-05-25;OUI
GRP271;BSK2705OF004600;2027-05-25;OUI
GRP276;BSK2607OF014376;2026-07-11;OUI
GRP276;BSK2607OF014377;2026-07-11;OUI
GRP276;BSK2607OF014378;2026-07-11;OUI
GRP276;BSK2607OF014379;2026-07-11;OUI
GRP276;BSK2607OF014380;2026-07-11;OUI
GRP276;BSK2607OF014381;2026-07-11;OUI
GRP276;BSK2607OF014382;2026-07-11;OUI
GRP276;BSK2607OF014383;2026-07-11;OUI
GRP276;BSK2607OF014384;2026-07-11;OUI
GRP276;BSK2607OF014385;2026-07-11;OUI
GRP276;BSK2607OF014386;2026-07-11;OUI
GRP276;BSK2607OF014387;2026-07-11;OUI
GRP276;BSK2607OF014388;2026-07-11;OUI
GRP276;BSK2607OF014389;2026-07-11;OUI
GRP276;BSK2607OF014390;2026-07-11;OUI
GRP276;BSK2607OF014391;2026-07-11;OUI
GRP276;BSK2607OF014392;2026-07-11;OUI
GRP276;BSK2607OF014393;2026-07-11;OUI
GRP276;BSK2607OF014394;2026-07-11;OUI
GRP276;BSK2607OF014395;2026-07-11;OUI
GRP276;BSK2607OF014396;2026-07-11;OUI
GRP276;BSK2607OF014397;2026-07-11;OUI
GRP276;BSK2607OF014398;2026-07-11;OUI
GRP276;BSK2607OF014399;2026-07-11;OUI
GRP276;BSK2607OF014400;2026-07-11;OUI
GRP276;BSK2607OF014401;2026-07-11;OUI
GRP276;BSK2607OF014402;2026-07-11;OUI
GRP276;BSK2607OF014403;2026-07-11;NON
GRP276;BSK2607OF014404;2026-07-11;NON
GRP276;BSK2607OF014405;2026-07-11;NON
GRP276;BSK2607OF014406;2026-07-11;NON
GRP276;BSK2607OF014407;2026-07-11;NON
GRP276;BSK2607OF014408;2026-07-11;NON
GRP276;BSK2607OF014409;2026-07-11;NON
GRP276;BSK2607OF014410;2026-07-11;NON
GRP276;BSK2606OF014348;2026-06-25;OUI
GRP276;BSK2606OF014349;2026-06-25;OUI
GRP276;BSK2606OF014350;2026-06-25;OUI
GRP276;BSK2606OF014351;2026-06-25;OUI
GRP276;BSK2606OF014352;2026-06-25;OUI
GRP276;BSK2606OF014353;2026-06-25;OUI
GRP276;BSK2606OF014354;2026-06-25;OUI
GRP276;BSK2606OF014355;2026-06-25;OUI
GRP276;BSK2606OF014356;2026-06-25;OUI
GRP276;BSK2606OF014357;2026-06-25;OUI
GRP276;BSK2606OF014358;2026-06-25;OUI
GRP276;BSK2606OF014359;2026-06-25;OUI
GRP276;BSK2606OF014360;2026-06-25;OUI
GRP276;BSK2606OF014361;2026-06-25;OUI
GRP276;BSK2606OF014362;2026-06-25;OUI
GRP276;BSK2606OF014363;2026-06-25;OUI
GRP276;BSK2606OF014364;2026-06-25;OUI
GRP276;BSK2606OF014365;2026-06-25;OUI
GRP276;BSK2606OF014366;2026-06-25;OUI
GRP276;BSK2606OF014367;2026-06-25;OUI
GRP276;BSK2606OF014368;2026-06-25;NON
GRP276;BSK2606OF014369;2026-06-25;NON
GRP276;BSK2606OF014370;2026-06-25;NON
GRP276;BSK2606OF014371;2026-06-25;NON
GRP276;BSK2606OF014372;2026-06-25;NON
GRP276;BSK2606OF014373;2026-06-25;NON
GRP276;BSK2606OF014374;2026-06-25;NON
GRP276;BSK2606OF014375;2026-06-25;NON
GRP276;BSK2606OF014376;2026-06-25;NON
GRP276;BSK2606OF014377;2026-06-25;NON
GRP276;BSK2606OF014378;2026-06-25;NON
GRP276;BSK2606OF014379;2026-06-25;NON
GRP276;BSK2606OF014380;2026-06-25;NON
GRP276;BSK2606OF014381;2026-06-25;NON
GRP276;BSK2606OF014382;2026-06-25;NON
GRP277;BSK2607OF014357;2026-07-11;NON
GRP277;BSK2607OF014358;2026-07-11;NON
GRP277;BSK2607OF014359;2026-07-11;NON
GRP277;BSK2607OF014360;2026-07-11;NON
GRP277;BSK2607OF014361;2026-07-11;NON
GRP277;BSK2607OF014362;2026-07-11;NON
GRP277;BSK2607OF014363;2026-07-11;NON
GRP277;BSK2607OF014364;2026-07-11;NON
GRP277;BSK2607OF014365;2026-07-11;NON
GRP277;BSK2607OF014366;2026-07-11;NON
GRP277;BSK2607OF014367;2026-07-11;NON
GRP277;BSK2607OF014368;2026-07-11;NON
GRP277;BSK2607OF014369;2026-07-11;NON
GRP277;BSK2607OF014370;2026-07-11;NON
GRP277;BSK2607OF018872;2026-07-11;NON
GRP277;BSK2607OF018873;2026-07-11;NON
GRP277;BSK2607OF018874;2026-07-11;NON
GRP277;BSK2607OF018875;2026-07-11;NON
GRP277;BSK2607OF018876;2026-07-11;NON
GRP277;BSK2607OF018877;2026-07-11;NON
GRP277;BSK2607OF018878;2026-07-11;NON
GRP277;BSK2607OF018879;2026-07-11;NON
GRP277;BSK2607OF018880;2026-07-11;NON
GRP277;BSK2607OF018881;2026-07-11;NON
GRP277;BSK2607OF018882;2026-07-11;NON
GRP277;BSK2607OF018883;2026-07-11;NON
GRP277;BSK2607OF018884;2026-07-11;NON
GRP277;BSK2606OF014343;2026-06-25;OUI
GRP277;BSK2606OF014344;2026-06-25;OUI
GRP277;BSK2606OF014345;2026-06-25;OUI
GRP277;BSK2606OF014346;2026-06-25;OUI
GRP277;BSK2606OF014347;2026-06-25;OUI
GRP277;BSK2606OF025730;2026-06-25;OUI
GRP277;BSK2606OF025731;2026-06-25;OUI
GRP277;BSK2606OF025732;2026-06-25;OUI
GRP277;BSK2606OF025733;2026-06-25;OUI
GRP277;BSK2606OF025734;2026-06-25;OUI
GRP277;BSK2606OF025735;2026-06-25;OUI
GRP277;BSK2606OF025736;2026-06-25;OUI
GRP277;BSK2606OF025737;2026-06-25;OUI
GRP277;BSK2606OF025738;2026-06-25;OUI
GRP277;BSK2606OF025739;2026-06-25;OUI
GRP277;BSK2606OF025740;2026-06-25;NON
GRP277;BSK2606OF025741;2026-06-25;NON
GRP277;BSK2606OF025742;2026-06-25;NON
GRP277;BSK2606OF025743;2026-06-25;NON
GRP277;BSK2606OF023749;2026-07-22;OUI
GRP277;BSK2606OF023750;2026-07-22;OUI
GRP277;BSK2606OF023751;2026-07-22;OUI
GRP277;BSK2606OF023760;2026-07-22;OUI
GRP277;BSK2606OF023761;2026-07-22;OUI
GRP277;BSK2606OF023762;2026-07-22;OUI
GRP278;BSK2607OF014371;2026-07-11;NON
GRP278;BSK2607OF014372;2026-07-11;NON
GRP278;BSK2607OF014373;2026-07-11;NON
GRP278;BSK2607OF014374;2026-07-11;NON
GRP278;BSK2607OF014375;2026-07-11;NON
GRP278;BSK2607OF018885;2026-07-11;NON
GRP278;BSK2607OF018886;2026-07-11;NON
GRP278;BSK2607OF018887;2026-07-11;NON
GRP278;BSK2607OF018888;2026-07-11;NON
GRP278;BSK2607OF018889;2026-07-11;NON
GRP278;BSK2606OF014330;2026-06-25;OUI
GRP278;BSK2606OF014331;2026-06-25;OUI
GRP278;BSK2606OF014332;2026-06-25;OUI
GRP278;BSK2606OF014333;2026-06-25;OUI
GRP278;BSK2606OF014334;2026-06-25;OUI
GRP278;BSK2606OF025725;2026-06-25;NON
GRP278;BSK2606OF025726;2026-06-25;NON
GRP278;BSK2606OF025727;2026-06-25;NON
GRP278;BSK2606OF025728;2026-06-25;NON
GRP278;BSK2606OF025729;2026-06-25;NON
INDIVIDUEL;BSK2607OF014304;2026-07-25;NON
INDIVIDUEL;BSK2607OF014305;2026-07-25;NON
INDIVIDUEL;BSK2607OF014306;2026-07-25;NON
INDIVIDUEL;BSK2607OF014307;2026-07-25;NON
INDIVIDUEL;BSK2607OF014308;2026-07-25;NON
INDIVIDUEL;BSK2607OF014309;2026-07-25;OUI
INDIVIDUEL;BSK2607OF014310;2026-07-25;OUI
INDIVIDUEL;BSK2607OF014311;2026-07-25;OUI
INDIVIDUEL;BSK2607OF014312;2026-07-25;OUI
INDIVIDUEL;BSK2607OF014313;2026-07-25;OUI
INDIVIDUEL;BSK2607OF014314;2026-07-25;OUI
INDIVIDUEL;BSK2607OF014315;2026-07-25;OUI
INDIVIDUEL;BSK2607OF014316;2026-07-25;OUI
INDIVIDUEL;BSK2607OF014317;2026-07-25;OUI
INDIVIDUEL;BSK2607OF014318;2026-07-25;OUI
INDIVIDUEL;BSK2607OF014319;2026-07-25;OUI
INDIVIDUEL;BSK2607OF014320;2026-07-25;OUI
INDIVIDUEL;BSK2607OF014321;2026-07-25;OUI
INDIVIDUEL;BSK2607OF014322;2026-07-25;OUI
INDIVIDUEL;BSK2607OF014323;2026-07-25;OUI
INDIVIDUEL;BSK2607OF014324;2026-07-25;OUI
INDIVIDUEL;BSK2607OF014325;2026-07-25;OUI
INDIVIDUEL;BSK2607OF014326;2026-07-25;OUI
INDIVIDUEL;BSK2607OF014327;2026-07-25;OUI
INDIVIDUEL;BSK2607OF014328;2026-07-25;OUI
INDIVIDUEL;BSK2607OF014329;2026-07-25;OUI
INDIVIDUEL;BSK2607OF014330;2026-07-25;OUI
INDIVIDUEL;BSK2607OF014331;2026-07-25;OUI
INDIVIDUEL;BSK2607OF014332;2026-07-25;OUI
INDIVIDUEL;BSK2607OF014333;2026-07-25;OUI
INDIVIDUEL;BSK2607OF014334;2026-07-25;OUI
INDIVIDUEL;BSK2607OF014335;2026-07-25;OUI
INDIVIDUEL;BSK2607OF014336;2026-07-25;OUI
INDIVIDUEL;BSK2607OF014337;2026-07-25;OUI
INDIVIDUEL;BSK2607OF014338;2026-07-25;OUI
INDIVIDUEL;BSK2607OF014339;2026-07-25;OUI
INDIVIDUEL;BSK2607OF014340;2026-07-25;OUI
INDIVIDUEL;BSK2607OF014341;2026-07-25;OUI
INDIVIDUEL;BSK2607OF014342;2026-07-25;OUI
INDIVIDUEL;BSK2607OF014343;2026-07-25;OUI
INDIVIDUEL;BSK2607OF014344;2026-07-25;OUI
INDIVIDUEL;BSK2607OF014345;2026-07-25;OUI
INDIVIDUEL;BSK2607OF014346;2026-07-25;OUI
INDIVIDUEL;BSK2607OF014347;2026-07-25;NON
INDIVIDUEL;BSK2607OF014348;2026-07-25;NON
INDIVIDUEL;BSK2607OF014349;2026-07-25;NON
INDIVIDUEL;BSK2607OF014350;2026-07-25;NON
INDIVIDUEL;BSK2607OF014351;2026-07-25;NON
INDIVIDUEL;BSK2607OF014352;2026-07-25;NON
INDIVIDUEL;BSK2607OF014353;2026-07-25;NON
INDIVIDUEL;BSK2607OF014354;2026-07-25;NON
INDIVIDUEL;BSK2607OF014355;2026-07-25;NON
INDIVIDUEL;BSK2607OF014356;2026-07-25;NON
INDIVIDUEL;BSK2607OF018854;2026-07-25;NON
INDIVIDUEL;BSK2607OF018855;2026-07-25;NON
INDIVIDUEL;BSK2607OF018856;2026-07-25;NON
INDIVIDUEL;BSK2607OF018857;2026-07-25;NON
INDIVIDUEL;BSK2607OF018858;2026-07-25;NON
INDIVIDUEL;BSK2607OF018859;2026-07-25;OUI
INDIVIDUEL;BSK2607OF018860;2026-07-25;OUI
INDIVIDUEL;BSK2607OF018861;2026-07-25;OUI
INDIVIDUEL;BSK2607OF018862;2026-07-25;OUI
INDIVIDUEL;BSK2607OF018863;2026-07-25;OUI
INDIVIDUEL;BSK2607OF018864;2026-07-25;OUI
INDIVIDUEL;BSK2607OF018865;2026-07-25;OUI
INDIVIDUEL;BSK2607OF018866;2026-07-25;NON
INDIVIDUEL;BSK2607OF018867;2026-07-25;NON
INDIVIDUEL;BSK2607OF018868;2026-07-25;NON
INDIVIDUEL;BSK2607OF018869;2026-07-25;NON
INDIVIDUEL;BSK2607OF018870;2026-07-25;NON
INDIVIDUEL;BSK2607OF018871;2026-07-25;NON
GRP334;BSK2610OF010393;2026-10-11;OUI
GRP334;BSK2610OF010394;2026-10-11;OUI
GRP334;BSK2610OF010395;2026-10-11;OUI
GRP334;BSK2610OF010396;2026-10-11;OUI
GRP334;BSK2610OF010397;2026-10-11;OUI
GRP334;BSK2610OF010398;2026-10-11;OUI
GRP334;BSK2610OF010399;2026-10-11;OUI
GRP334;BSK2610OF010400;2026-10-11;OUI
GRP334;BSK2610OF010401;2026-10-11;OUI
GRP334;BSK2610OF010402;2026-10-11;OUI
GRP334;BSK2610OF010403;2026-10-11;OUI
GRP334;BSK2610OF010404;2026-10-11;OUI
GRP334;BSK2610OF010405;2026-10-11;OUI
GRP334;BSK2610OF010406;2026-10-11;OUI
GRP334;BSK2607OF018144;2026-09-18;OUI
GRP334;BSK2607OF018151;2026-09-18;OUI
GRP334;BSK2607OF018149;2026-09-21;OUI
GRP334;BSK2609OF011700;2026-09-25;OUI
GRP334;BSK2609OF011701;2026-09-25;OUI
GRP334;BSK2609OF011702;2026-09-25;OUI
GRP334;BSK2609OF011703;2026-09-25;OUI
GRP334;BSK2609OF011704;2026-09-25;OUI
GRP334;BSK2609OF011705;2026-09-25;OUI
GRP334;BSK2609OF011706;2026-09-25;OUI
GRP334;BSK2609OF011707;2026-09-25;OUI
GRP334;BSK2609OF011708;2026-09-25;OUI
GRP334;BSK2609OF011709;2026-09-25;OUI
GRP334;BSK2609OF011710;2026-09-25;OUI
GRP334;BSK2609OF011711;2026-09-25;OUI
GRP334;BSK2609OF011712;2026-09-25;OUI
GRP334;BSK2609OF015579;2026-09-25;OUI
GRP334;BSK2609OF015580;2026-09-25;OUI
GRP334;BSK2609OF015581;2026-09-25;OUI
GRP334;BSK2609OF015582;2026-09-25;OUI
GRP334;BSK2609OF015583;2026-09-25;OUI
GRP334;BSK2609OF015584;2026-09-25;OUI
GRP334;BSK2609OF015585;2026-09-25;OUI
GRP334;BSK2609OF015586;2026-09-25;OUI
GRP334;BSK2609OF015587;2026-09-25;OUI
GRP334;BSK2609OF015588;2026-09-25;OUI
GRP334;BSK2609OF015589;2026-09-25;NON
GRP334;BSK2609OF015590;2026-09-25;NON
GRP334;BSK2609OF015591;2026-09-25;NON
GRP342;BSK2610OF010412;2026-10-11;OUI
GRP342;BSK2610OF010413;2026-10-11;OUI
GRP342;BSK2610OF010414;2026-10-11;OUI
GRP342;BSK2610OF010415;2026-10-11;OUI
GRP342;BSK2610OF010416;2026-10-11;OUI
GRP342;BSK2610OF010417;2026-10-11;OUI
GRP342;BSK2610OF010418;2026-10-11;OUI
GRP342;BSK2610OF010419;2026-10-11;OUI
GRP342;BSK2610OF010420;2026-10-11;OUI
GRP342;BSK2610OF010421;2026-10-11;OUI
GRP342;BSK2610OF010422;2026-10-11;OUI
GRP342;BSK2610OF010423;2026-10-11;OUI
GRP342;BSK2610OF010424;2026-10-11;OUI
GRP342;BSK2610OF010425;2026-10-11;OUI
GRP342;BSK2610OF010426;2026-10-11;OUI
GRP342;BSK2610OF010427;2026-10-11;NON
GRP342;BSK2610OF010428;2026-10-11;NON
GRP342;BSK2610OF010429;2026-10-11;NON
GRP342;BSK2610OF010430;2026-10-11;NON
GRP342;BSK2610OF010431;2026-10-11;NON
GRP342;BSK2610OF010432;2026-10-11;NON
GRP342;BSK2610OF010433;2026-10-11;NON
GRP342;BSK2610OF010434;2026-10-11;NON
GRP342;BSK2610OF010435;2026-10-11;NON
GRP342;BSK2610OF010436;2026-10-11;NON
GRP342;BSK2610OF010437;2026-10-11;NON
GRP342;BSK2610OF010438;2026-10-11;NON
GRP342;BSK2610OF010439;2026-10-11;NON
GRP342;BSK2610OF010440;2026-10-11;NON
GRP342;BSK2610OF010441;2026-10-11;NON
GRP342;BSK2610OF010442;2026-10-11;NON
GRP342;BSK2610OF010443;2026-10-11;NON
GRP342;BSK2610OF010444;2026-10-11;NON
GRP342;BSK2610OF010445;2026-10-11;NON
GRP342;BSK2610OF010446;2026-10-11;NON
GRP342;BSK2609OF011713;2026-09-25;OUI
GRP342;BSK2609OF011714;2026-09-25;OUI
GRP342;BSK2609OF011715;2026-09-25;OUI
GRP342;BSK2609OF011716;2026-09-25;OUI
GRP342;BSK2609OF011717;2026-09-25;OUI
GRP342;BSK2609OF011718;2026-09-25;OUI
GRP342;BSK2609OF011719;2026-09-25;OUI
GRP342;BSK2609OF011720;2026-09-25;OUI
GRP342;BSK2609OF011721;2026-09-25;OUI
GRP342;BSK2609OF011722;2026-09-25;OUI
GRP342;BSK2609OF011723;2026-09-25;OUI
GRP342;BSK2609OF011724;2026-09-25;OUI
GRP342;BSK2609OF011725;2026-09-25;OUI
GRP342;BSK2609OF011726;2026-09-25;OUI
GRP342;BSK2609OF011727;2026-09-25;OUI
GRP342;BSK2609OF011728;2026-09-25;OUI
GRP342;BSK2609OF011729;2026-09-25;OUI
GRP342;BSK2609OF011730;2026-09-25;OUI
GRP342;BSK2609OF011731;2026-09-25;OUI
GRP342;BSK2609OF011732;2026-09-25;OUI
GRP342;BSK2609OF011733;2026-09-25;OUI
GRP342;BSK2609OF011734;2026-09-25;NON
GRP342;BSK2609OF011735;2026-09-25;NON
GRP342;BSK2609OF011736;2026-09-25;NON
GRP342;BSK2609OF011737;2026-09-25;NON
GRP342;BSK2609OF011738;2026-09-25;NON
GRP342;BSK2609OF011739;2026-09-25;NON
GRP342;BSK2609OF011740;2026-09-25;NON
GRP342;BSK2609OF011741;2026-09-25;NON
GRP342;BSK2609OF011742;2026-09-25;NON
GRP342;BSK2609OF011743;2026-09-25;NON
GRP342;BSK2609OF011744;2026-09-25;NON
GRP342;BSK2609OF011745;2026-09-25;NON
GRP342;BSK2609OF011746;2026-09-25;NON
GRP342;BSK2609OF011747;2026-09-25;NON
GRP343;BSK2610OF010407;2026-10-11;NON
GRP343;BSK2610OF010408;2026-10-11;NON
GRP343;BSK2610OF010409;2026-10-11;NON
GRP343;BSK2610OF010410;2026-10-11;NON
GRP343;BSK2610OF010411;2026-10-11;NON
GRP343;BSK2609OF011695;2026-09-25;OUI
GRP343;BSK2609OF011696;2026-09-25;OUI
GRP343;BSK2609OF011697;2026-09-25;OUI
GRP343;BSK2609OF011698;2026-09-25;OUI
GRP343;BSK2609OF011699;2026-09-25;OUI
GRP343;BSK2609OF015574;2026-09-25;NON
GRP343;BSK2609OF015575;2026-09-25;NON
GRP343;BSK2609OF015576;2026-09-25;NON
GRP343;BSK2609OF015577;2026-09-25;NON
GRP343;BSK2609OF015578;2026-09-25;NON
GRP355;BSK2611OF007591;2026-11-11;OUI
GRP355;BSK2611OF007592;2026-11-11;OUI
GRP355;BSK2611OF007593;2026-11-11;OUI
GRP355;BSK2611OF007594;2026-11-11;OUI
GRP355;BSK2611OF007595;2026-11-11;OUI
GRP355;BSK2611OF007596;2026-11-11;OUI
GRP355;BSK2611OF007597;2026-11-11;OUI
GRP355;BSK2611OF007598;2026-11-11;OUI
GRP355;BSK2611OF007599;2026-11-11;OUI
GRP355;BSK2611OF007600;2026-11-11;OUI
GRP355;BSK2611OF007601;2026-11-11;OUI
GRP355;BSK2611OF007602;2026-11-11;OUI
GRP355;BSK2611OF007603;2026-11-11;OUI
GRP355;BSK2611OF007604;2026-11-11;OUI
GRP355;BSK2609OF014940;2026-10-20;OUI
GRP355;BSK2609OF014945;2026-10-20;OUI
GRP355;BSK2610OF010345;2026-10-25;OUI
GRP355;BSK2610OF010346;2026-10-25;OUI
GRP355;BSK2610OF010347;2026-10-25;OUI
GRP355;BSK2610OF010348;2026-10-25;OUI
GRP355;BSK2610OF010349;2026-10-25;OUI
GRP355;BSK2610OF010350;2026-10-25;OUI
GRP355;BSK2610OF010351;2026-10-25;OUI
GRP355;BSK2610OF010352;2026-10-25;OUI
GRP355;BSK2610OF010353;2026-10-25;OUI
GRP355;BSK2610OF010354;2026-10-25;OUI
GRP355;BSK2610OF010355;2026-10-25;OUI
GRP355;BSK2610OF010356;2026-10-25;OUI
GRP355;BSK2610OF010357;2026-10-25;OUI
GRP367;BSK2611OF007610;2026-11-11;OUI
GRP367;BSK2611OF007611;2026-11-11;OUI
GRP367;BSK2611OF007612;2026-11-11;NON
GRP367;BSK2611OF007613;2026-11-11;NON
GRP367;BSK2611OF007614;2026-11-11;NON
GRP367;BSK2611OF007615;2026-11-11;NON
GRP367;BSK2611OF007616;2026-11-11;NON
GRP367;BSK2611OF007617;2026-11-11;NON
GRP367;BSK2611OF007618;2026-11-11;NON
GRP367;BSK2611OF007619;2026-11-11;NON
GRP367;BSK2611OF007620;2026-11-11;NON
GRP367;BSK2611OF007621;2026-11-11;NON
GRP367;BSK2611OF007622;2026-11-11;NON
GRP367;BSK2611OF007623;2026-11-11;NON
GRP367;BSK2611OF007624;2026-11-11;NON
GRP367;BSK2611OF007625;2026-11-11;NON
GRP367;BSK2611OF007626;2026-11-11;NON
GRP367;BSK2611OF007627;2026-11-11;NON
GRP367;BSK2611OF007628;2026-11-11;NON
GRP367;BSK2611OF007629;2026-11-11;NON
GRP367;BSK2611OF007630;2026-11-11;NON
GRP367;BSK2611OF007631;2026-11-11;NON
GRP367;BSK2611OF007632;2026-11-11;NON
GRP367;BSK2611OF007633;2026-11-11;NON
GRP367;BSK2611OF007634;2026-11-11;NON
GRP367;BSK2611OF007635;2026-11-11;NON
GRP367;BSK2611OF007636;2026-11-11;NON
GRP367;BSK2611OF007637;2026-11-11;NON
GRP367;BSK2611OF007638;2026-11-11;NON
GRP367;BSK2611OF007639;2026-11-11;NON
GRP367;BSK2611OF007640;2026-11-11;NON
GRP367;BSK2611OF007641;2026-11-11;NON
GRP367;BSK2611OF007642;2026-11-11;NON
GRP367;BSK2611OF007643;2026-11-11;NON
GRP367;BSK2611OF007644;2026-11-11;NON
GRP367;BSK2610OF010358;2026-10-25;OUI
GRP367;BSK2610OF010359;2026-10-25;OUI
GRP367;BSK2610OF010360;2026-10-25;OUI
GRP367;BSK2610OF010361;2026-10-25;OUI
GRP367;BSK2610OF010362;2026-10-25;OUI
GRP367;BSK2610OF010363;2026-10-25;OUI
GRP367;BSK2610OF010364;2026-10-25;OUI
GRP367;BSK2610OF010365;2026-10-25;OUI
GRP367;BSK2610OF010366;2026-10-25;OUI
GRP367;BSK2610OF010367;2026-10-25;OUI
GRP367;BSK2610OF010368;2026-10-25;OUI
GRP367;BSK2610OF010369;2026-10-25;OUI
GRP367;BSK2610OF010370;2026-10-25;OUI
GRP367;BSK2610OF010371;2026-10-25;OUI
GRP367;BSK2610OF010372;2026-10-25;OUI
GRP367;BSK2610OF010373;2026-10-25;OUI
GRP367;BSK2610OF010374;2026-10-25;OUI
GRP367;BSK2610OF010375;2026-10-25;OUI
GRP367;BSK2610OF010376;2026-10-25;OUI
GRP367;BSK2610OF010377;2026-10-25;OUI
GRP367;BSK2610OF010378;2026-10-25;OUI
GRP367;BSK2610OF010379;2026-10-25;OUI
GRP367;BSK2610OF010380;2026-10-25;NON
GRP367;BSK2610OF010381;2026-10-25;NON
GRP367;BSK2610OF010382;2026-10-25;NON
GRP367;BSK2610OF010383;2026-10-25;NON
GRP367;BSK2610OF010384;2026-10-25;NON
GRP367;BSK2610OF010385;2026-10-25;NON
GRP367;BSK2610OF010386;2026-10-25;NON
GRP367;BSK2610OF010387;2026-10-25;NON
GRP367;BSK2610OF010388;2026-10-25;NON
GRP367;BSK2610OF010389;2026-10-25;NON
GRP367;BSK2610OF010390;2026-10-25;NON
GRP367;BSK2610OF010391;2026-10-25;NON
GRP367;BSK2610OF010392;2026-10-25;NON
GRP368;BSK2611OF007605;2026-11-11;NON
GRP368;BSK2611OF007606;2026-11-11;NON
GRP368;BSK2611OF007607;2026-11-11;NON
GRP368;BSK2611OF007608;2026-11-11;NON
GRP368;BSK2611OF007609;2026-11-11;NON
GRP368;BSK2610OF010340;2026-10-25;OUI
GRP368;BSK2610OF010341;2026-10-25;OUI
GRP368;BSK2610OF010342;2026-10-25;OUI
GRP368;BSK2610OF010343;2026-10-25;OUI
GRP368;BSK2610OF010344;2026-10-25;OUI
GRP387;BSK2612OF004900;2026-12-11;OUI
GRP387;BSK2612OF004901;2026-12-11;OUI
GRP387;BSK2612OF004902;2026-12-11;OUI
GRP387;BSK2612OF004903;2026-12-11;OUI
GRP387;BSK2612OF004904;2026-12-11;OUI
GRP387;BSK2612OF004905;2026-12-11;OUI
GRP387;BSK2612OF004906;2026-12-11;OUI
GRP387;BSK2612OF004907;2026-12-11;OUI
GRP387;BSK2612OF004908;2026-12-11;OUI
GRP387;BSK2612OF004909;2026-12-11;OUI
GRP387;BSK2612OF004910;2026-12-11;OUI
GRP387;BSK2612OF004911;2026-12-11;OUI
GRP387;BSK2612OF004912;2026-12-11;OUI
GRP387;BSK2612OF004913;2026-12-11;OUI
GRP387;BSK2610OF013095;2026-11-19;OUI
GRP387;BSK2610OF013099;2026-11-19;OUI
GRP387;BSK2611OF007543;2026-11-25;OUI
GRP387;BSK2611OF007544;2026-11-25;OUI
GRP387;BSK2611OF007545;2026-11-25;OUI
GRP387;BSK2611OF007546;2026-11-25;OUI
GRP387;BSK2611OF007547;2026-11-25;OUI
GRP387;BSK2611OF007548;2026-11-25;OUI
GRP387;BSK2611OF007549;2026-11-25;OUI
GRP387;BSK2611OF007550;2026-11-25;OUI
GRP387;BSK2611OF007551;2026-11-25;OUI
GRP387;BSK2611OF007552;2026-11-25;OUI
GRP387;BSK2611OF007553;2026-11-25;OUI
GRP387;BSK2611OF007554;2026-11-25;OUI
GRP387;BSK2611OF007555;2026-11-25;OUI
GRP392;BSK2612OF004919;2026-12-11;OUI
GRP392;BSK2612OF004920;2026-12-11;OUI
GRP392;BSK2612OF004921;2026-12-11;OUI
GRP392;BSK2612OF004922;2026-12-11;OUI
GRP392;BSK2612OF004923;2026-12-11;OUI
GRP392;BSK2612OF004924;2026-12-11;OUI
GRP392;BSK2612OF004925;2026-12-11;OUI
GRP392;BSK2612OF004926;2026-12-11;OUI
GRP392;BSK2612OF004927;2026-12-11;OUI
GRP392;BSK2612OF004928;2026-12-11;OUI
GRP392;BSK2612OF004929;2026-12-11;OUI
GRP392;BSK2612OF004930;2026-12-11;OUI
GRP392;BSK2612OF004931;2026-12-11;OUI
GRP392;BSK2612OF004932;2026-12-11;OUI
GRP392;BSK2612OF004933;2026-12-11;OUI
GRP392;BSK2612OF004934;2026-12-11;NON
GRP392;BSK2612OF004935;2026-12-11;NON
GRP392;BSK2612OF004936;2026-12-11;NON
GRP392;BSK2612OF004937;2026-12-11;NON
GRP392;BSK2612OF004938;2026-12-11;NON
GRP392;BSK2612OF004939;2026-12-11;NON
GRP392;BSK2612OF004940;2026-12-11;NON
GRP392;BSK2612OF004941;2026-12-11;NON
GRP392;BSK2612OF004942;2026-12-11;NON
GRP392;BSK2612OF004943;2026-12-11;NON
GRP392;BSK2612OF004944;2026-12-11;NON
GRP392;BSK2612OF004945;2026-12-11;NON
GRP392;BSK2612OF004946;2026-12-11;NON
GRP392;BSK2612OF004947;2026-12-11;NON
GRP392;BSK2612OF004948;2026-12-11;NON
GRP392;BSK2612OF004949;2026-12-11;NON
GRP392;BSK2612OF004950;2026-12-11;NON
GRP392;BSK2612OF004951;2026-12-11;NON
GRP392;BSK2612OF004952;2026-12-11;NON
GRP392;BSK2612OF004953;2026-12-11;NON
GRP392;BSK2611OF007556;2026-11-25;OUI
GRP392;BSK2611OF007557;2026-11-25;OUI
GRP392;BSK2611OF007558;2026-11-25;OUI
GRP392;BSK2611OF007559;2026-11-25;OUI
GRP392;BSK2611OF007560;2026-11-25;OUI
GRP392;BSK2611OF007561;2026-11-25;OUI
GRP392;BSK2611OF007562;2026-11-25;OUI
GRP392;BSK2611OF007563;2026-11-25;OUI
GRP392;BSK2611OF007564;2026-11-25;OUI
GRP392;BSK2611OF007565;2026-11-25;OUI
GRP392;BSK2611OF007566;2026-11-25;OUI
GRP392;BSK2611OF007567;2026-11-25;OUI
GRP392;BSK2611OF007568;2026-11-25;OUI
GRP392;BSK2611OF007569;2026-11-25;OUI
GRP392;BSK2611OF007570;2026-11-25;OUI
GRP392;BSK2611OF007571;2026-11-25;OUI
GRP392;BSK2611OF007572;2026-11-25;OUI
GRP392;BSK2611OF007573;2026-11-25;OUI
GRP392;BSK2611OF007574;2026-11-25;OUI
GRP392;BSK2611OF007575;2026-11-25;NON
GRP392;BSK2611OF007576;2026-11-25;NON
GRP392;BSK2611OF007577;2026-11-25;NON
GRP392;BSK2611OF007578;2026-11-25;NON
GRP392;BSK2611OF007579;2026-11-25;NON
GRP392;BSK2611OF007580;2026-11-25;NON
GRP392;BSK2611OF007581;2026-11-25;NON
GRP392;BSK2611OF007582;2026-11-25;NON
GRP392;BSK2611OF007583;2026-11-25;NON
GRP392;BSK2611OF007584;2026-11-25;NON
GRP392;BSK2611OF007585;2026-11-25;NON
GRP392;BSK2611OF007586;2026-11-25;NON
GRP392;BSK2611OF007587;2026-11-25;NON
GRP392;BSK2611OF007588;2026-11-25;NON
GRP392;BSK2611OF007589;2026-11-25;NON
GRP392;BSK2611OF007590;2026-11-25;NON
GRP393;BSK2612OF004914;2026-12-11;NON
GRP393;BSK2612OF004915;2026-12-11;NON
GRP393;BSK2612OF004916;2026-12-11;NON
GRP393;BSK2612OF004917;2026-12-11;NON
GRP393;BSK2612OF004918;2026-12-11;NON
GRP393;BSK2611OF007538;2026-11-25;NON
GRP393;BSK2611OF007539;2026-11-25;NON
GRP393;BSK2611OF007540;2026-11-25;NON
GRP393;BSK2611OF007541;2026-11-25;NON
GRP393;BSK2611OF007542;2026-11-25;NON
GRP408;BSK2701OF005152;2027-01-11;NON
GRP408;BSK2701OF005153;2027-01-11;NON
GRP408;BSK2701OF005154;2027-01-11;NON
GRP408;BSK2701OF005155;2027-01-11;NON
GRP408;BSK2701OF005156;2027-01-11;NON
GRP408;BSK2701OF005157;2027-01-11;NON
GRP408;BSK2701OF005158;2027-01-11;NON
GRP408;BSK2701OF005159;2027-01-11;NON
GRP408;BSK2701OF005160;2027-01-11;NON
GRP408;BSK2701OF005161;2027-01-11;NON
GRP408;BSK2701OF005162;2027-01-11;NON
GRP408;BSK2701OF005163;2027-01-11;NON
GRP408;BSK2701OF005164;2027-01-11;NON
GRP408;BSK2701OF005165;2027-01-11;NON
GRP408;BSK2701OF005166;2027-01-11;NON
GRP408;BSK2701OF005167;2027-01-11;NON
GRP408;BSK2701OF005168;2027-01-11;NON
GRP408;BSK2701OF005169;2027-01-11;NON
GRP408;BSK2701OF005170;2027-01-11;NON
GRP408;BSK2701OF005171;2027-01-11;NON
GRP408;BSK2701OF005172;2027-01-11;NON
GRP408;BSK2701OF005173;2027-01-11;NON
GRP408;BSK2701OF005174;2027-01-11;NON
GRP408;BSK2701OF005175;2027-01-11;NON
GRP408;BSK2701OF005176;2027-01-11;NON
GRP408;BSK2701OF005177;2027-01-11;NON
GRP408;BSK2701OF005178;2027-01-11;NON
GRP408;BSK2701OF005179;2027-01-11;NON
GRP408;BSK2701OF005180;2027-01-11;NON
GRP408;BSK2701OF005181;2027-01-11;NON
GRP408;BSK2701OF005182;2027-01-11;NON
GRP408;BSK2701OF005183;2027-01-11;NON
GRP408;BSK2701OF005184;2027-01-11;NON
GRP408;BSK2701OF005185;2027-01-11;NON
GRP408;BSK2701OF005186;2027-01-11;NON
GRP408;BSK2612OF004865;2026-12-25;OUI
GRP408;BSK2612OF004866;2026-12-25;OUI
GRP408;BSK2612OF004867;2026-12-25;OUI
GRP408;BSK2612OF004868;2026-12-25;OUI
GRP408;BSK2612OF004869;2026-12-25;OUI
GRP408;BSK2612OF004870;2026-12-25;OUI
GRP408;BSK2612OF004871;2026-12-25;OUI
GRP408;BSK2612OF004872;2026-12-25;OUI
GRP408;BSK2612OF004873;2026-12-25;OUI
GRP408;BSK2612OF004874;2026-12-25;OUI
GRP408;BSK2612OF004875;2026-12-25;OUI
GRP408;BSK2612OF004876;2026-12-25;OUI
GRP408;BSK2612OF004877;2026-12-25;OUI
GRP408;BSK2612OF004878;2026-12-25;OUI
GRP408;BSK2612OF004879;2026-12-25;OUI
GRP408;BSK2612OF004880;2026-12-25;OUI
GRP408;BSK2612OF004881;2026-12-25;OUI
GRP408;BSK2612OF004882;2026-12-25;OUI
GRP408;BSK2612OF004883;2026-12-25;OUI
GRP408;BSK2612OF004884;2026-12-25;OUI
GRP408;BSK2612OF004885;2026-12-25;OUI
GRP408;BSK2612OF004886;2026-12-25;OUI
GRP408;BSK2612OF004887;2026-12-25;NON
GRP408;BSK2612OF004888;2026-12-25;NON
GRP408;BSK2612OF004889;2026-12-25;NON
GRP408;BSK2612OF004890;2026-12-25;NON
GRP408;BSK2612OF004891;2026-12-25;NON
GRP408;BSK2612OF004892;2026-12-25;NON
GRP408;BSK2612OF004893;2026-12-25;NON
GRP408;BSK2612OF004894;2026-12-25;NON
GRP408;BSK2612OF004895;2026-12-25;NON
GRP408;BSK2612OF004896;2026-12-25;NON
GRP408;BSK2612OF004897;2026-12-25;NON
GRP408;BSK2612OF004898;2026-12-25;NON
GRP408;BSK2612OF004899;2026-12-25;NON
GRP409;BSK2701OF005134;2027-01-11;NON
GRP409;BSK2701OF005135;2027-01-11;NON
GRP409;BSK2701OF005136;2027-01-11;NON
GRP409;BSK2701OF005137;2027-01-11;NON
GRP409;BSK2701OF005138;2027-01-11;NON
GRP409;BSK2701OF005139;2027-01-11;NON
GRP409;BSK2701OF005140;2027-01-11;NON
GRP409;BSK2701OF005141;2027-01-11;NON
GRP409;BSK2701OF005142;2027-01-11;NON
GRP409;BSK2701OF005143;2027-01-11;NON
GRP409;BSK2701OF005144;2027-01-11;NON
GRP409;BSK2701OF005145;2027-01-11;NON
GRP409;BSK2701OF005146;2027-01-11;NON
GRP409;BSK2612OF004852;2026-12-25;OUI
GRP409;BSK2612OF004853;2026-12-25;OUI
GRP409;BSK2612OF004854;2026-12-25;OUI
GRP409;BSK2612OF004855;2026-12-25;OUI
GRP409;BSK2612OF004856;2026-12-25;OUI
GRP409;BSK2612OF004857;2026-12-25;OUI
GRP409;BSK2612OF004858;2026-12-25;OUI
GRP409;BSK2612OF004859;2026-12-25;OUI
GRP409;BSK2612OF004860;2026-12-25;OUI
GRP409;BSK2612OF004861;2026-12-25;OUI
GRP409;BSK2612OF004862;2026-12-25;OUI
GRP409;BSK2612OF004863;2026-12-25;OUI
GRP409;BSK2612OF004864;2026-12-25;OUI
GRP410;BSK2701OF005147;2027-01-11;NON
GRP410;BSK2701OF005148;2027-01-11;NON
GRP410;BSK2701OF005149;2027-01-11;NON
GRP410;BSK2701OF005150;2027-01-11;NON
GRP410;BSK2701OF005151;2027-01-11;NON
GRP410;BSK2612OF004847;2026-12-25;OUI
GRP410;BSK2612OF004848;2026-12-25;OUI
GRP410;BSK2612OF004849;2026-12-25;OUI
GRP410;BSK2612OF004850;2026-12-25;OUI
GRP410;BSK2612OF004851;2026-12-25;OUI
GRP414;BSK2702OF004647;2027-02-11;OUI
GRP414;BSK2702OF004648;2027-02-11;OUI
GRP414;BSK2702OF004649;2027-02-11;OUI
GRP414;BSK2702OF004650;2027-02-11;OUI
GRP414;BSK2702OF004651;2027-02-11;OUI
GRP414;BSK2702OF004652;2027-02-11;OUI
GRP414;BSK2702OF004653;2027-02-11;OUI
GRP414;BSK2702OF004654;2027-02-11;OUI
GRP414;BSK2702OF004655;2027-02-11;OUI
GRP414;BSK2702OF004656;2027-02-11;OUI
GRP414;BSK2702OF004657;2027-02-11;OUI
GRP414;BSK2702OF004658;2027-02-11;OUI
GRP414;BSK2702OF004659;2027-02-11;OUI
GRP414;BSK2702OF004660;2027-02-11;OUI
GRP414;BSK2702OF004661;2027-02-11;OUI
GRP414;BSK2702OF004662;2027-02-11;OUI
GRP414;BSK2702OF004663;2027-02-11;OUI
GRP414;BSK2702OF004664;2027-02-11;OUI
GRP414;BSK2702OF004665;2027-02-11;OUI
GRP414;BSK2702OF004666;2027-02-11;OUI
GRP414;BSK2702OF004667;2027-02-11;NON
GRP414;BSK2702OF004668;2027-02-11;NON
GRP414;BSK2702OF004669;2027-02-11;NON
GRP414;BSK2702OF004670;2027-02-11;NON
GRP414;BSK2702OF004671;2027-02-11;NON
GRP414;BSK2702OF004672;2027-02-11;NON
GRP414;BSK2702OF004673;2027-02-11;NON
GRP414;BSK2702OF004674;2027-02-11;NON
GRP414;BSK2702OF004675;2027-02-11;NON
GRP414;BSK2702OF004676;2027-02-11;NON
GRP414;BSK2702OF004677;2027-02-11;NON
GRP414;BSK2702OF004678;2027-02-11;NON
GRP414;BSK2702OF004679;2027-02-11;NON
GRP414;BSK2702OF004680;2027-02-11;NON
GRP414;BSK2702OF004681;2027-02-11;NON
GRP414;BSK2701OF005099;2027-01-25;OUI
GRP414;BSK2701OF005100;2027-01-25;OUI
GRP414;BSK2701OF005101;2027-01-25;OUI
GRP414;BSK2701OF005102;2027-01-25;OUI
GRP414;BSK2701OF005103;2027-01-25;OUI
GRP414;BSK2701OF005104;2027-01-25;OUI
GRP414;BSK2701OF005105;2027-01-25;OUI
GRP414;BSK2701OF005106;2027-01-25;OUI
GRP414;BSK2701OF005107;2027-01-25;OUI
GRP414;BSK2701OF005108;2027-01-25;OUI
GRP414;BSK2701OF005109;2027-01-25;NON
GRP414;BSK2701OF005110;2027-01-25;NON
GRP414;BSK2701OF005111;2027-01-25;NON
GRP414;BSK2701OF005112;2027-01-25;NON
GRP414;BSK2701OF005113;2027-01-25;NON
GRP414;BSK2701OF005114;2027-01-25;NON
GRP414;BSK2701OF005115;2027-01-25;NON
GRP414;BSK2701OF005116;2027-01-25;NON
GRP414;BSK2701OF005117;2027-01-25;NON
GRP414;BSK2701OF005118;2027-01-25;NON
GRP414;BSK2701OF005119;2027-01-25;NON
GRP414;BSK2701OF005120;2027-01-25;NON
GRP414;BSK2701OF005121;2027-01-25;NON
GRP414;BSK2701OF005122;2027-01-25;NON
GRP414;BSK2701OF005123;2027-01-25;NON
GRP414;BSK2701OF005124;2027-01-25;NON
GRP414;BSK2701OF005125;2027-01-25;NON
GRP414;BSK2701OF005126;2027-01-25;NON
GRP414;BSK2701OF005127;2027-01-25;NON
GRP414;BSK2701OF005128;2027-01-25;NON
GRP414;BSK2701OF005129;2027-01-25;NON
GRP414;BSK2701OF005130;2027-01-25;NON
GRP414;BSK2701OF005131;2027-01-25;NON
GRP414;BSK2701OF005132;2027-01-25;NON
GRP414;BSK2701OF005133;2027-01-25;NON
GRP415;BSK2702OF004629;2027-02-11;NON
GRP415;BSK2702OF004630;2027-02-11;NON
GRP415;BSK2702OF004631;2027-02-11;NON
GRP415;BSK2702OF004632;2027-02-11;NON
GRP415;BSK2702OF004633;2027-02-11;NON
GRP415;BSK2702OF004634;2027-02-11;NON
GRP415;BSK2702OF004635;2027-02-11;NON
GRP415;BSK2702OF004636;2027-02-11;NON
GRP415;BSK2702OF004637;2027-02-11;NON
GRP415;BSK2702OF004638;2027-02-11;NON
GRP415;BSK2702OF004639;2027-02-11;NON
GRP415;BSK2702OF004640;2027-02-11;NON
GRP415;BSK2702OF004641;2027-02-11;NON
GRP415;BSK2701OF005086;2027-01-25;NON
GRP415;BSK2701OF005087;2027-01-25;NON
GRP415;BSK2701OF005088;2027-01-25;NON
GRP415;BSK2701OF005089;2027-01-25;NON
GRP415;BSK2701OF005090;2027-01-25;NON
GRP415;BSK2701OF005091;2027-01-25;NON
GRP415;BSK2701OF005092;2027-01-25;NON
GRP415;BSK2701OF005093;2027-01-25;NON
GRP415;BSK2701OF005094;2027-01-25;NON
GRP415;BSK2701OF005095;2027-01-25;NON
GRP415;BSK2701OF005096;2027-01-25;NON
GRP415;BSK2701OF005097;2027-01-25;NON
GRP415;BSK2701OF005098;2027-01-25;NON
GRP416;BSK2702OF004642;2027-02-11;NON
GRP416;BSK2702OF004643;2027-02-11;NON
GRP416;BSK2702OF004644;2027-02-11;NON
GRP416;BSK2702OF004645;2027-02-11;NON
GRP416;BSK2702OF004646;2027-02-11;NON
GRP416;BSK2701OF005081;2027-01-25;NON
GRP416;BSK2701OF005082;2027-01-25;NON
GRP416;BSK2701OF005083;2027-01-25;NON
GRP416;BSK2701OF005084;2027-01-25;NON
GRP416;BSK2701OF005085;2027-01-25;NON
GRP421;BSK2703OF004300;2027-03-11;OUI
GRP421;BSK2703OF004301;2027-03-11;OUI
GRP421;BSK2703OF004302;2027-03-11;OUI
GRP421;BSK2703OF004303;2027-03-11;OUI
GRP421;BSK2703OF004304;2027-03-11;OUI
GRP421;BSK2702OF004576;2027-02-25;NON
GRP421;BSK2702OF004577;2027-02-25;NON
GRP421;BSK2702OF004578;2027-02-25;NON
GRP421;BSK2702OF004579;2027-02-25;NON
GRP421;BSK2702OF004580;2027-02-25;NON
GRP422;BSK2703OF004305;2027-03-11;OUI
GRP422;BSK2703OF004306;2027-03-11;OUI
GRP422;BSK2703OF004307;2027-03-11;OUI
GRP422;BSK2703OF004308;2027-03-11;OUI
GRP422;BSK2703OF004309;2027-03-11;OUI
GRP422;BSK2703OF004310;2027-03-11;OUI
GRP422;BSK2703OF004311;2027-03-11;OUI
GRP422;BSK2703OF004312;2027-03-11;OUI
GRP422;BSK2703OF004313;2027-03-11;OUI
GRP422;BSK2703OF004314;2027-03-11;OUI
GRP422;BSK2703OF004315;2027-03-11;OUI
GRP422;BSK2703OF004316;2027-03-11;OUI
GRP422;BSK2703OF004317;2027-03-11;OUI
GRP422;BSK2703OF004318;2027-03-11;OUI
GRP422;BSK2703OF004319;2027-03-11;OUI
GRP422;BSK2703OF004320;2027-03-11;OUI
GRP422;BSK2703OF004321;2027-03-11;NON
GRP422;BSK2703OF004322;2027-03-11;NON
GRP422;BSK2703OF004323;2027-03-11;NON
GRP422;BSK2703OF004324;2027-03-11;NON
GRP422;BSK2703OF004325;2027-03-11;NON
GRP422;BSK2703OF004326;2027-03-11;NON
GRP422;BSK2703OF004327;2027-03-11;NON
GRP422;BSK2703OF004328;2027-03-11;NON
GRP422;BSK2703OF004329;2027-03-11;NON
GRP422;BSK2703OF004330;2027-03-11;NON
GRP422;BSK2703OF004331;2027-03-11;NON
GRP422;BSK2703OF004332;2027-03-11;NON
GRP422;BSK2703OF004333;2027-03-11;NON
GRP422;BSK2703OF004334;2027-03-11;NON
GRP422;BSK2703OF004335;2027-03-11;NON
GRP422;BSK2703OF004336;2027-03-11;NON
GRP422;BSK2703OF004337;2027-03-11;NON
GRP422;BSK2703OF004338;2027-03-11;NON
GRP422;BSK2703OF004339;2027-03-11;NON
GRP422;BSK2702OF004594;2027-02-25;OUI
GRP422;BSK2702OF004595;2027-02-25;OUI
GRP422;BSK2702OF004596;2027-02-25;OUI
GRP422;BSK2702OF004597;2027-02-25;OUI
GRP422;BSK2702OF004598;2027-02-25;OUI
GRP422;BSK2702OF004599;2027-02-25;OUI
GRP422;BSK2702OF004600;2027-02-25;OUI
GRP422;BSK2702OF004601;2027-02-25;OUI
GRP422;BSK2702OF004602;2027-02-25;OUI
GRP422;BSK2702OF004603;2027-02-25;OUI
GRP422;BSK2702OF004604;2027-02-25;OUI
GRP422;BSK2702OF004605;2027-02-25;OUI
GRP422;BSK2702OF004606;2027-02-25;OUI
GRP422;BSK2702OF004607;2027-02-25;OUI
GRP422;BSK2702OF004608;2027-02-25;OUI
GRP422;BSK2702OF004609;2027-02-25;OUI
GRP422;BSK2702OF004610;2027-02-25;OUI
GRP422;BSK2702OF004611;2027-02-25;OUI
GRP422;BSK2702OF004612;2027-02-25;OUI
GRP422;BSK2702OF004613;2027-02-25;OUI
GRP422;BSK2702OF004614;2027-02-25;OUI
GRP422;BSK2702OF004615;2027-02-25;OUI
GRP422;BSK2702OF004616;2027-02-25;OUI
GRP422;BSK2702OF004617;2027-02-25;OUI
GRP422;BSK2702OF004618;2027-02-25;OUI
GRP422;BSK2702OF004619;2027-02-25;NON
GRP422;BSK2702OF004620;2027-02-25;NON
GRP422;BSK2702OF004621;2027-02-25;NON
GRP422;BSK2702OF004622;2027-02-25;NON
GRP422;BSK2702OF004623;2027-02-25;NON
GRP422;BSK2702OF004624;2027-02-25;NON
GRP422;BSK2702OF004625;2027-02-25;NON
GRP422;BSK2702OF004626;2027-02-25;NON
GRP422;BSK2702OF004627;2027-02-25;NON
GRP422;BSK2702OF004628;2027-02-25;NON
GRP423;BSK2703OF004287;2027-03-11;NON
GRP423;BSK2703OF004288;2027-03-11;NON
GRP423;BSK2703OF004289;2027-03-11;NON
GRP423;BSK2703OF004290;2027-03-11;NON
GRP423;BSK2703OF004291;2027-03-11;NON
GRP423;BSK2703OF004292;2027-03-11;NON
GRP423;BSK2703OF004293;2027-03-11;NON
GRP423;BSK2703OF004294;2027-03-11;NON
GRP423;BSK2703OF004295;2027-03-11;NON
GRP423;BSK2703OF004296;2027-03-11;NON
GRP423;BSK2703OF004297;2027-03-11;NON
GRP423;BSK2703OF004298;2027-03-11;NON
GRP423;BSK2703OF004299;2027-03-11;NON
GRP423;BSK2702OF004581;2027-02-25;OUI
GRP423;BSK2702OF004582;2027-02-25;OUI
GRP423;BSK2702OF004583;2027-02-25;OUI
GRP423;BSK2702OF004584;2027-02-25;OUI
GRP423;BSK2702OF004585;2027-02-25;OUI
GRP423;BSK2702OF004586;2027-02-25;OUI
GRP423;BSK2702OF004587;2027-02-25;OUI
GRP423;BSK2702OF004588;2027-02-25;OUI
GRP423;BSK2702OF004589;2027-02-25;OUI
GRP423;BSK2702OF004590;2027-02-25;OUI
GRP423;BSK2702OF004591;2027-02-25;OUI
GRP423;BSK2702OF004592;2027-02-25;OUI
GRP423;BSK2702OF004593;2027-02-25;OUI
GRP427;BSK2704OF004538;2027-04-11;OUI
GRP427;BSK2704OF004539;2027-04-11;OUI
GRP427;BSK2704OF004540;2027-04-11;OUI
GRP427;BSK2704OF004541;2027-04-11;OUI
GRP427;BSK2704OF004542;2027-04-11;OUI
GRP427;BSK2704OF004543;2027-04-11;OUI
GRP427;BSK2704OF004544;2027-04-11;OUI
GRP427;BSK2704OF004545;2027-04-11;OUI
GRP427;BSK2704OF004546;2027-04-11;OUI
GRP427;BSK2704OF004547;2027-04-11;OUI
GRP427;BSK2704OF004548;2027-04-11;OUI
GRP427;BSK2704OF004549;2027-04-11;OUI
GRP427;BSK2704OF004550;2027-04-11;OUI
GRP427;BSK2704OF004551;2027-04-11;OUI
GRP427;BSK2704OF004552;2027-04-11;OUI
GRP427;BSK2704OF004553;2027-04-11;OUI
GRP427;BSK2704OF004554;2027-04-11;OUI
GRP427;BSK2704OF004555;2027-04-11;OUI
GRP427;BSK2704OF004556;2027-04-11;OUI
GRP427;BSK2704OF004557;2027-04-11;OUI
GRP427;BSK2704OF004558;2027-04-11;OUI
GRP427;BSK2704OF004559;2027-04-11;OUI
GRP427;BSK2704OF004560;2027-04-11;OUI
GRP427;BSK2704OF004561;2027-04-11;OUI
GRP427;BSK2704OF004562;2027-04-11;OUI
GRP427;BSK2704OF004563;2027-04-11;OUI
GRP427;BSK2704OF004564;2027-04-11;OUI
GRP427;BSK2704OF004565;2027-04-11;NON
GRP427;BSK2704OF004566;2027-04-11;NON
GRP427;BSK2704OF004567;2027-04-11;NON
GRP427;BSK2704OF004568;2027-04-11;NON
GRP427;BSK2704OF004569;2027-04-11;NON
GRP427;BSK2704OF004570;2027-04-11;NON
GRP427;BSK2704OF004571;2027-04-11;NON
GRP427;BSK2704OF004572;2027-04-11;NON
GRP427;BSK2703OF004252;2027-03-25;OUI
GRP427;BSK2703OF004253;2027-03-25;OUI
GRP427;BSK2703OF004254;2027-03-25;OUI
GRP427;BSK2703OF004255;2027-03-25;OUI
GRP427;BSK2703OF004256;2027-03-25;OUI
GRP427;BSK2703OF004257;2027-03-25;OUI
GRP427;BSK2703OF004258;2027-03-25;OUI
GRP427;BSK2703OF004259;2027-03-25;OUI
GRP427;BSK2703OF004260;2027-03-25;OUI
GRP427;BSK2703OF004261;2027-03-25;OUI
GRP427;BSK2703OF004262;2027-03-25;OUI
GRP427;BSK2703OF004263;2027-03-25;OUI
GRP427;BSK2703OF004264;2027-03-25;OUI
GRP427;BSK2703OF004265;2027-03-25;OUI
GRP427;BSK2703OF004266;2027-03-25;OUI
GRP427;BSK2703OF004267;2027-03-25;OUI
GRP427;BSK2703OF004268;2027-03-25;OUI
GRP427;BSK2703OF004269;2027-03-25;OUI
GRP427;BSK2703OF004270;2027-03-25;OUI
GRP427;BSK2703OF004271;2027-03-25;OUI
GRP427;BSK2703OF004272;2027-03-25;OUI
GRP427;BSK2703OF004273;2027-03-25;OUI
GRP427;BSK2703OF004274;2027-03-25;OUI
GRP427;BSK2703OF004275;2027-03-25;NON
GRP427;BSK2703OF004276;2027-03-25;NON
GRP427;BSK2703OF004277;2027-03-25;NON
GRP427;BSK2703OF004278;2027-03-25;NON
GRP427;BSK2703OF004279;2027-03-25;NON
GRP427;BSK2703OF004280;2027-03-25;NON
GRP427;BSK2703OF004281;2027-03-25;NON
GRP427;BSK2703OF004282;2027-03-25;NON
GRP427;BSK2703OF004283;2027-03-25;NON
GRP427;BSK2703OF004284;2027-03-25;NON
GRP427;BSK2703OF004285;2027-03-25;NON
GRP427;BSK2703OF004286;2027-03-25;NON
GRP428;BSK2704OF004520;2027-04-11;NON
GRP428;BSK2704OF004521;2027-04-11;NON
GRP428;BSK2704OF004522;2027-04-11;NON
GRP428;BSK2704OF004523;2027-04-11;NON
GRP428;BSK2704OF004524;2027-04-11;NON
GRP428;BSK2704OF004525;2027-04-11;NON
GRP428;BSK2704OF004526;2027-04-11;NON
GRP428;BSK2704OF004527;2027-04-11;NON
GRP428;BSK2704OF004528;2027-04-11;NON
GRP428;BSK2704OF004529;2027-04-11;NON
GRP428;BSK2704OF004530;2027-04-11;NON
GRP428;BSK2704OF004531;2027-04-11;NON
GRP428;BSK2704OF004532;2027-04-11;NON
GRP428;BSK2703OF004239;2027-03-25;OUI
GRP428;BSK2703OF004240;2027-03-25;OUI
GRP428;BSK2703OF004241;2027-03-25;OUI
GRP428;BSK2703OF004242;2027-03-25;OUI
GRP428;BSK2703OF004243;2027-03-25;OUI
GRP428;BSK2703OF004244;2027-03-25;OUI
GRP428;BSK2703OF004245;2027-03-25;OUI
GRP428;BSK2703OF004246;2027-03-25;OUI
GRP428;BSK2703OF004247;2027-03-25;OUI
GRP428;BSK2703OF004248;2027-03-25;OUI
GRP428;BSK2703OF004249;2027-03-25;OUI
GRP428;BSK2703OF004250;2027-03-25;OUI
GRP428;BSK2703OF004251;2027-03-25;OUI
GRP429;BSK2704OF005733;2027-04-08;NON
GRP429;BSK2704OF005734;2027-04-08;NON
GRP429;BSK2704OF005735;2027-04-08;NON
GRP429;BSK2704OF004533;2027-04-11;NON
GRP429;BSK2704OF004534;2027-04-11;NON
GRP429;BSK2704OF004535;2027-04-11;NON
GRP429;BSK2704OF004536;2027-04-11;NON
GRP429;BSK2704OF004537;2027-04-11;NON
GRP429;BSK2703OF004234;2027-03-25;OUI
GRP429;BSK2703OF004235;2027-03-25;OUI
GRP429;BSK2703OF004236;2027-03-25;OUI
GRP429;BSK2703OF004237;2027-03-25;OUI
GRP429;BSK2703OF004238;2027-03-25;NON
GRP431;BSK2705OF004654;2027-05-11;OUI
GRP431;BSK2705OF004655;2027-05-11;OUI
GRP431;BSK2705OF004656;2027-05-11;OUI
GRP431;BSK2705OF004657;2027-05-11;OUI
GRP431;BSK2705OF004658;2027-05-11;OUI
GRP431;BSK2705OF004659;2027-05-11;OUI
GRP431;BSK2705OF004660;2027-05-11;OUI
GRP431;BSK2705OF004661;2027-05-11;OUI
GRP431;BSK2705OF004662;2027-05-11;NON
GRP431;BSK2705OF004663;2027-05-11;NON
GRP431;BSK2705OF004664;2027-05-11;NON
GRP431;BSK2705OF004665;2027-05-11;NON
GRP431;BSK2705OF004666;2027-05-11;NON
GRP431;BSK2704OF004472;2027-04-25;OUI
GRP431;BSK2704OF004473;2027-04-25;OUI
GRP431;BSK2704OF004474;2027-04-25;OUI
GRP431;BSK2704OF004475;2027-04-25;OUI
GRP431;BSK2704OF004476;2027-04-25;OUI
GRP431;BSK2704OF004477;2027-04-25;OUI
GRP431;BSK2704OF004478;2027-04-25;OUI
GRP431;BSK2704OF004479;2027-04-25;OUI
GRP431;BSK2704OF004480;2027-04-25;OUI
GRP431;BSK2704OF004481;2027-04-25;OUI
GRP431;BSK2704OF004482;2027-04-25;OUI
GRP431;BSK2704OF004483;2027-04-25;OUI
GRP431;BSK2704OF004484;2027-04-25;OUI
GRP431;BSK2704OF005618;2027-05-20;OUI
GRP431;BSK2704OF005619;2027-05-20;OUI
GRP431;BSK2704OF005620;2027-05-20;OUI
GRP431;BSK2704OF005621;2027-05-20;OUI
GRP431;BSK2704OF005622;2027-05-20;OUI
GRP431;BSK2704OF005623;2027-05-20;OUI
GRP432;BSK2705OF004672;2027-05-11;NON
GRP432;BSK2705OF004673;2027-05-11;NON
GRP432;BSK2705OF004674;2027-05-11;NON
GRP432;BSK2705OF004675;2027-05-11;NON
GRP432;BSK2705OF004676;2027-05-11;NON
GRP432;BSK2705OF004677;2027-05-11;NON
GRP432;BSK2705OF004678;2027-05-11;NON
GRP432;BSK2705OF004679;2027-05-11;NON
GRP432;BSK2705OF004680;2027-05-11;NON
GRP432;BSK2705OF004681;2027-05-11;NON
GRP432;BSK2705OF004682;2027-05-11;NON
GRP432;BSK2705OF004683;2027-05-11;NON
GRP432;BSK2705OF004684;2027-05-11;NON
GRP432;BSK2705OF004685;2027-05-11;NON
GRP432;BSK2705OF004686;2027-05-11;NON
GRP432;BSK2705OF004687;2027-05-11;NON
GRP432;BSK2705OF004688;2027-05-11;NON
GRP432;BSK2705OF004689;2027-05-11;NON
GRP432;BSK2705OF004690;2027-05-11;NON
GRP432;BSK2705OF004691;2027-05-11;NON
GRP432;BSK2705OF004692;2027-05-11;NON
GRP432;BSK2705OF004693;2027-05-11;OUI
GRP432;BSK2705OF004694;2027-05-11;OUI
GRP432;BSK2705OF004695;2027-05-11;OUI
GRP432;BSK2705OF004696;2027-05-11;OUI
GRP432;BSK2705OF004697;2027-05-11;NON
GRP432;BSK2705OF004698;2027-05-11;OUI
GRP432;BSK2705OF004699;2027-05-11;OUI
GRP432;BSK2705OF004700;2027-05-11;OUI
GRP432;BSK2705OF004701;2027-05-11;OUI
GRP432;BSK2705OF004702;2027-05-11;OUI
GRP432;BSK2705OF004703;2027-05-11;OUI
GRP432;BSK2705OF004704;2027-05-11;OUI
GRP432;BSK2705OF004705;2027-05-11;OUI
GRP432;BSK2705OF004706;2027-05-11;OUI
GRP432;BSK2704OF004485;2027-04-25;OUI
GRP432;BSK2704OF004486;2027-04-25;OUI
GRP432;BSK2704OF004487;2027-04-25;OUI
GRP432;BSK2704OF004488;2027-04-25;OUI
GRP432;BSK2704OF004489;2027-04-25;OUI
GRP432;BSK2704OF004490;2027-04-25;OUI
GRP432;BSK2704OF004491;2027-04-25;OUI
GRP432;BSK2704OF004492;2027-04-25;OUI
GRP432;BSK2704OF004493;2027-04-25;OUI
GRP432;BSK2704OF004494;2027-04-25;OUI
GRP432;BSK2704OF004495;2027-04-25;OUI
GRP432;BSK2704OF004496;2027-04-25;OUI
GRP432;BSK2704OF004497;2027-04-25;OUI
GRP432;BSK2704OF004498;2027-04-25;OUI
GRP432;BSK2704OF004499;2027-04-25;OUI
GRP432;BSK2704OF004500;2027-04-25;OUI
GRP432;BSK2704OF004501;2027-04-25;OUI
GRP432;BSK2704OF004502;2027-04-25;OUI
GRP432;BSK2704OF004503;2027-04-25;OUI
GRP432;BSK2704OF004504;2027-04-25;OUI
GRP432;BSK2704OF004505;2027-04-25;OUI
GRP432;BSK2704OF004506;2027-04-25;OUI
GRP432;BSK2704OF004507;2027-04-25;OUI
GRP432;BSK2704OF004508;2027-04-25;OUI
GRP432;BSK2704OF004509;2027-04-25;OUI
GRP432;BSK2704OF004510;2027-04-25;NON
GRP432;BSK2704OF004511;2027-04-25;NON
GRP432;BSK2704OF004512;2027-04-25;NON
GRP432;BSK2704OF004513;2027-04-25;NON
GRP432;BSK2704OF004514;2027-04-25;NON
GRP432;BSK2704OF004515;2027-04-25;NON
GRP432;BSK2704OF004516;2027-04-25;NON
GRP432;BSK2704OF004517;2027-04-25;NON
GRP432;BSK2704OF004518;2027-04-25;NON
GRP432;BSK2704OF004519;2027-04-25;NON
GRP433;BSK2705OF004667;2027-05-11;NON
GRP433;BSK2705OF004668;2027-05-11;NON
GRP433;BSK2705OF004669;2027-05-11;NON
GRP433;BSK2705OF004670;2027-05-11;NON
GRP433;BSK2705OF004671;2027-05-11;NON
GRP433;BSK2704OF004467;2027-04-25;OUI
GRP433;BSK2704OF004468;2027-04-25;OUI
GRP433;BSK2704OF004469;2027-04-25;OUI
GRP433;BSK2704OF004470;2027-04-25;NON
GRP433;BSK2704OF004471;2027-04-25;NON
GRP433;BSK2704OF005607;2027-05-20;OUI
GRP433;BSK2704OF005608;2027-05-20;OUI
GRP433;BSK2704OF005609;2027-05-20;OUI
INDIVIDUEL;BSK2705OF004601;2027-05-25;OUI
INDIVIDUEL;BSK2705OF004602;2027-05-25;OUI
INDIVIDUEL;BSK2705OF004603;2027-05-25;OUI
INDIVIDUEL;BSK2705OF004604;2027-05-25;OUI
INDIVIDUEL;BSK2705OF004605;2027-05-25;OUI
INDIVIDUEL;BSK2705OF004606;2027-05-25;OUI
INDIVIDUEL;BSK2705OF004607;2027-05-25;OUI
INDIVIDUEL;BSK2705OF004608;2027-05-25;OUI
INDIVIDUEL;BSK2705OF004609;2027-05-25;OUI
INDIVIDUEL;BSK2705OF004610;2027-05-25;OUI
INDIVIDUEL;BSK2705OF004611;2027-05-25;OUI
INDIVIDUEL;BSK2705OF004612;2027-05-25;OUI
INDIVIDUEL;BSK2705OF004613;2027-05-25;OUI
INDIVIDUEL;BSK2705OF004614;2027-05-25;OUI
INDIVIDUEL;BSK2705OF004615;2027-05-25;OUI
INDIVIDUEL;BSK2705OF004616;2027-05-25;OUI
INDIVIDUEL;BSK2705OF004617;2027-05-25;OUI
INDIVIDUEL;BSK2705OF004618;2027-05-25;OUI
INDIVIDUEL;BSK2705OF004619;2027-05-25;OUI
INDIVIDUEL;BSK2705OF004620;2027-05-25;OUI
INDIVIDUEL;BSK2705OF004621;2027-05-25;OUI
INDIVIDUEL;BSK2705OF004622;2027-05-25;NON
INDIVIDUEL;BSK2705OF004623;2027-05-25;NON
INDIVIDUEL;BSK2705OF004624;2027-05-25;NON
INDIVIDUEL;BSK2705OF004625;2027-05-25;NON
INDIVIDUEL;BSK2705OF004626;2027-05-25;NON
INDIVIDUEL;BSK2705OF004627;2027-05-25;NON
INDIVIDUEL;BSK2705OF004628;2027-05-25;NON
INDIVIDUEL;BSK2705OF004629;2027-05-25;NON
INDIVIDUEL;BSK2705OF004630;2027-05-25;NON
INDIVIDUEL;BSK2705OF004631;2027-05-25;NON
INDIVIDUEL;BSK2705OF004632;2027-05-25;NON
INDIVIDUEL;BSK2705OF004633;2027-05-25;NON
INDIVIDUEL;BSK2705OF004634;2027-05-25;NON
INDIVIDUEL;BSK2705OF004635;2027-05-25;NON
INDIVIDUEL;BSK2705OF004636;2027-05-25;NON
INDIVIDUEL;BSK2705OF004637;2027-05-25;NON
INDIVIDUEL;BSK2705OF004638;2027-05-25;NON
INDIVIDUEL;BSK2705OF004639;2027-05-25;NON
INDIVIDUEL;BSK2705OF004640;2027-05-25;NON
INDIVIDUEL;BSK2705OF004641;2027-05-25;NON
INDIVIDUEL;BSK2705OF004642;2027-05-25;NON
INDIVIDUEL;BSK2705OF004643;2027-05-25;NON
INDIVIDUEL;BSK2705OF004644;2027-05-25;NON
INDIVIDUEL;BSK2705OF004645;2027-05-25;NON
INDIVIDUEL;BSK2705OF004646;2027-05-25;ÉCHOUÉ(poste indispo)
INDIVIDUEL;BSK2705OF004647;2027-05-25;ÉCHOUÉ(poste indispo)
INDIVIDUEL;BSK2705OF004648;2027-05-25;ÉCHOUÉ(poste indispo)
INDIVIDUEL;BSK2705OF004649;2027-05-25;ÉCHOUÉ(poste indispo)
INDIVIDUEL;BSK2705OF004650;2027-05-25;ÉCHOUÉ(poste indispo)
INDIVIDUEL;BSK2705OF004651;2027-05-25;ÉCHOUÉ(poste indispo)
INDIVIDUEL;BSK2705OF004652;2027-05-25;ÉCHOUÉ(poste indispo)
INDIVIDUEL;BSK2705OF004653;2027-05-25;ÉCHOUÉ(poste indispo)
GRP1;BSK2606OF025708;2026-06-02;OUI
GRP1;BSK2606OF025709;2026-06-02;OUI
GRP1;BSK2606OF025627;2026-06-02;NON
GRP2;BSK2606OF025711;2026-06-02;OUI
GRP2;BSK2606OF025641;2026-06-02;NON
GRP3;BSK2606OF025712;2026-06-09;OUI
GRP3;BSK2606OF025713;2026-06-09;OUI
GRP3;BSK2606OF025714;2026-06-09;OUI
GRP3;BSK2606OF025715;2026-06-09;OUI
GRP3;BSK2606OF025716;2026-06-09;OUI
GRP3;BSK2606OF025717;2026-06-09;OUI
GRP3;BSK2606OF025718;2026-06-09;OUI
GRP3;BSK2606OF025719;2026-06-09;OUI
GRP3;BSK2606OF025720;2026-06-09;OUI
GRP3;BSK2606OF025229;2026-06-10;OUI
GRP3;BSK2606OF025230;2026-06-10;OUI
GRP3;BSK2606OF025231;2026-06-10;OUI
GRP3;BSK2606OF025232;2026-06-10;OUI
GRP3;BSK2606OF025234;2026-06-10;OUI
GRP3;BSK2606OF025235;2026-06-10;OUI
GRP3;BSK2606OF025236;2026-06-10;NON
GRP3;BSK2606OF025237;2026-06-10;NON
GRP3;BSK2606OF025238;2026-06-10;NON
GRP3;BSK2606OF025239;2026-06-10;NON
GRP3;BSK2606OF025240;2026-06-10;NON
GRP3;BSK2606OF024227;2026-06-30;OUI
GRP3;BSK2606OF024228;2026-06-30;OUI
GRP3;BSK2606OF024232;2026-06-30;OUI
GRP3;BSK2606OF024234;2026-06-30;NON
GRP4;BSK2606OF025692;2026-06-10;NON
GRP4;BSK2606OF025693;2026-06-10;NON
GRP4;BSK2606OF025694;2026-06-10;NON
GRP4;BSK2606OF025695;2026-06-10;NON
GRP4;BSK2606OF025696;2026-06-10;NON
GRP4;BSK2606OF025697;2026-06-10;NON
GRP4;BSK2606OF025698;2026-06-10;NON
GRP4;BSK2606OF024586;2026-06-10;NON
GRP4;BSK2606OF024587;2026-06-10;NON
GRP4;BSK2606OF024588;2026-06-10;NON
GRP4;BSK2606OF024589;2026-06-10;NON
GRP4;BSK2606OF024590;2026-06-10;NON
GRP4;BSK2606OF024591;2026-06-10;NON
GRP4;BSK2606OF024592;2026-06-10;NON
GRP4;BSK2606OF024593;2026-06-10;NON
GRP4;BSK2606OF024594;2026-06-10;NON
GRP4;BSK2606OF024595;2026-06-10;NON
GRP4;BSK2606OF024596;2026-06-10;NON
GRP4;BSK2606OF024597;2026-06-10;NON
GRP4;BSK2606OF024598;2026-06-10;NON
GRP4;BSK2606OF024599;2026-06-10;NON
GRP4;BSK2606OF024600;2026-06-10;NON
GRP4;BSK2606OF024601;2026-06-10;NON
GRP4;BSK2606OF024602;2026-06-10;NON
GRP5;BSK2606OF025676;2026-06-10;NON
GRP5;BSK2606OF025677;2026-06-10;NON
GRP5;BSK2606OF024522;2026-06-10;NON
GRP5;BSK2606OF024523;2026-06-10;NON
GRP5;BSK2606OF024524;2026-06-10;NON
GRP6;BSK2606OF025705;2026-06-10;NON
GRP6;BSK2606OF025706;2026-06-10;NON
GRP6;BSK2606OF025707;2026-06-10;NON
GRP6;BSK2606OF024617;2026-06-10;NON
GRP6;BSK2606OF024618;2026-06-10;NON
GRP6;BSK2606OF024619;2026-06-10;NON
GRP6;BSK2606OF024620;2026-06-10;NON
GRP6;BSK2606OF024621;2026-06-10;NON
GRP7;BSK2606OF025674;2026-06-10;NON
GRP7;BSK2606OF025675;2026-06-10;NON
GRP7;BSK2606OF024506;2026-06-10;NON
GRP7;BSK2606OF024507;2026-06-10;NON
GRP7;BSK2606OF024508;2026-06-10;NON
GRP8;BSK2606OF025684;2026-06-10;NON
GRP8;BSK2606OF025685;2026-06-10;NON
GRP8;BSK2606OF025686;2026-06-10;NON
GRP8;BSK2606OF025687;2026-06-10;NON
GRP8;BSK2606OF025688;2026-06-10;NON
GRP8;BSK2606OF025689;2026-06-10;NON
GRP8;BSK2606OF025690;2026-06-10;NON
GRP8;BSK2606OF025691;2026-06-10;NON
GRP8;BSK2606OF024579;2026-06-10;NON
GRP8;BSK2606OF024580;2026-06-10;NON
GRP8;BSK2606OF024581;2026-06-10;NON
GRP8;BSK2606OF024582;2026-06-10;NON
GRP8;BSK2606OF024583;2026-06-10;NON
GRP8;BSK2606OF024584;2026-06-10;NON
GRP8;BSK2606OF024585;2026-06-10;NON
GRP8;BSK2606OF024603;2026-06-10;NON
GRP8;BSK2606OF024604;2026-06-10;NON
GRP8;BSK2606OF024605;2026-06-10;NON
GRP8;BSK2606OF024606;2026-06-10;NON
GRP8;BSK2606OF024607;2026-06-10;NON
GRP8;BSK2606OF024608;2026-06-10;NON
GRP8;BSK2606OF024609;2026-06-10;NON
GRP8;BSK2606OF024610;2026-06-10;NON
GRP8;BSK2606OF024611;2026-06-10;NON
GRP9;BSK2606OF025678;2026-06-10;NON
GRP9;BSK2606OF025679;2026-06-10;NON
GRP9;BSK2606OF025680;2026-06-10;NON
GRP9;BSK2606OF024546;2026-06-10;NON
GRP9;BSK2606OF024547;2026-06-10;NON
GRP9;BSK2606OF024548;2026-06-10;NON
GRP9;BSK2606OF024552;2026-06-10;NON
GRP9;BSK2606OF024553;2026-06-10;NON
GRP10;BSK2606OF025699;2026-06-10;NON
GRP10;BSK2606OF025700;2026-06-10;NON
GRP10;BSK2606OF024612;2026-06-10;NON
GRP10;BSK2606OF024613;2026-06-10;NON
GRP10;BSK2606OF024614;2026-06-10;NON
GRP10;BSK2606OF024615;2026-06-10;NON
GRP10;BSK2606OF024616;2026-06-10;NON
GRP11;BSK2606OF025672;2026-06-10;NON
GRP11;BSK2606OF025416;2026-06-10;NON
GRP11;BSK2606OF025417;2026-06-10;NON
GRP11;BSK2606OF025418;2026-06-10;NON
GRP12;BSK2606OF025681;2026-06-10;NON
GRP12;BSK2606OF025682;2026-06-10;NON
GRP12;BSK2606OF025683;2026-06-10;NON
GRP12;BSK2606OF024554;2026-06-10;NON
GRP12;BSK2606OF024555;2026-06-10;NON
GRP12;BSK2606OF024556;2026-06-10;ÉCHOUÉ(stock insuffisant)
INDIVIDUEL;BSK2606OF025673;2026-06-10;NON
GRP13;BSK2606OF025710;2026-06-23;NON
GRP13;BSK2606OF025637;2026-06-23;NON
GRP13;BSK2606OF025638;2026-06-23;NON
GRP13;BSK2606OF025639;2026-06-23;NON
GRP13;BSK2606OF025640;2026-06-23;NON
GRP14;BSK2607OF018841;2026-07-08;NON
GRP14;BSK2607OF018842;2026-07-08;NON
GRP14;BSK2607OF018843;2026-07-08;NON
GRP14;BSK2607OF018558;2026-07-09;NON
GRP14;BSK2607OF018559;2026-07-09;NON
GRP14;BSK2607OF018560;2026-07-09;NON
GRP14;BSK2606OF023173;2026-07-21;OUI
GRP14;BSK2606OF023174;2026-07-21;OUI
GRP14;BSK2606OF024141;2026-07-22;OUI
GRP14;BSK2606OF024142;2026-07-22;OUI
GRP15;BSK2607OF018836;2026-07-08;NON
GRP15;BSK2607OF018837;2026-07-08;NON
GRP15;BSK2607OF018838;2026-07-08;NON
GRP15;BSK2607OF018550;2026-07-09;NON
GRP15;BSK2607OF018551;2026-07-09;NON
GRP15;BSK2607OF018552;2026-07-09;NON
GRP15;BSK2607OF018553;2026-07-09;NON
GRP15;BSK2607OF018555;2026-07-10;NON
GRP15;BSK2606OF023113;2026-07-21;OUI
GRP15;BSK2606OF023114;2026-07-21;OUI
GRP15;BSK2606OF023115;2026-07-22;OUI
GRP15;BSK2606OF023116;2026-07-22;OUI
GRP15;BSK2606OF023117;2026-07-22;OUI
GRP15;BSK2606OF023118;2026-07-22;OUI
GRP15;BSK2606OF023119;2026-07-22;OUI
GRP15;BSK2606OF023120;2026-07-22;OUI
GRP15;BSK2606OF023121;2026-07-22;NON
GRP15;BSK2606OF023126;2026-07-21;OUI
GRP15;BSK2606OF023127;2026-07-21;OUI
GRP15;BSK2606OF023128;2026-07-21;OUI
GRP15;BSK2606OF023129;2026-07-21;OUI
GRP15;BSK2606OF023130;2026-07-21;NON
GRP15;BSK2606OF024007;2026-07-21;OUI
GRP15;BSK2606OF024008;2026-07-21;OUI
GRP15;BSK2606OF024009;2026-07-22;OUI
GRP15;BSK2606OF023995;2026-07-22;OUI
GRP15;BSK2606OF023996;2026-07-22;OUI
GRP15;BSK2606OF024004;2026-07-22;OUI
GRP16;BSK2607OF018834;2026-07-08;NON
GRP16;BSK2607OF018835;2026-07-08;NON
GRP16;BSK2607OF018527;2026-07-09;NON
GRP16;BSK2607OF018528;2026-07-09;NON
GRP16;BSK2607OF018531;2026-07-09;NON
GRP16;BSK2606OF023728;2026-07-22;OUI
GRP16;BSK2606OF023729;2026-07-22;OUI
GRP16;BSK2606OF023730;2026-07-22;NON
GRP16;BSK2606OF023763;2026-07-22;OUI
GRP16;BSK2606OF023764;2026-07-22;OUI
GRP16;BSK2606OF023765;2026-07-22;OUI
GRP17;BSK2607OF018839;2026-07-08;NON
GRP17;BSK2607OF018556;2026-07-09;NON
GRP17;BSK2607OF018557;2026-07-09;NON
GRP17;BSK2606OF023131;2026-07-21;NON
GRP17;BSK2606OF023132;2026-07-21;NON
GRP17;BSK2606OF023133;2026-07-22;NON
GRP17;BSK2606OF024010;2026-07-21;NON
GRP17;BSK2606OF024011;2026-07-22;NON
GRP17;BSK2606OF023752;2026-07-22;NON
GRP17;BSK2606OF023753;2026-07-22;NON
GRP17;BSK2606OF024005;2026-07-22;NON
GRP18;BSK2607OF018845;2026-07-09;OUI
GRP18;BSK2607OF018846;2026-07-09;OUI
GRP18;BSK2607OF018847;2026-07-09;OUI
GRP18;BSK2607OF018848;2026-07-09;OUI
GRP18;BSK2607OF018849;2026-07-09;OUI
GRP18;BSK2607OF018850;2026-07-09;OUI
GRP18;BSK2607OF018851;2026-07-09;OUI
GRP18;BSK2607OF018852;2026-07-09;OUI
GRP18;BSK2607OF018853;2026-07-09;OUI
GRP18;BSK2607OF018731;2026-07-10;OUI
GRP18;BSK2607OF018732;2026-07-10;OUI
GRP18;BSK2607OF018733;2026-07-10;OUI
GRP18;BSK2607OF018734;2026-07-10;NON
GRP18;BSK2607OF018735;2026-07-10;NON
GRP18;BSK2607OF018736;2026-07-10;NON
GRP18;BSK2607OF018737;2026-07-10;OUI
GRP18;BSK2607OF018729;2026-07-14;NON
GRP18;BSK2607OF018730;2026-07-14;NON
GRP18;BSK2607OF018738;2026-07-14;OUI
GRP18;BSK2607OF018739;2026-07-14;OUI
GRP18;BSK2606OF022780;2026-07-09;OUI
GRP18;BSK2606OF022755;2026-07-22;OUI
GRP18;BSK2606OF022756;2026-07-22;OUI
GRP18;BSK2606OF022757;2026-07-22;OUI
GRP18;BSK2606OF022781;2026-07-22;OUI
GRP18;BSK2606OF024220;2026-07-22;OUI
GRP18;BSK2606OF024233;2026-07-13;OUI
GRP18;BSK2607OF018468;2026-07-10;OUI
GRP18;BSK2606OF024081;2026-07-13;OUI
GRP18;BSK2606OF024229;2026-07-13;OUI
GRP18;BSK2606OF024230;2026-07-13;OUI
GRP18;BSK2606OF022754;2026-07-22;OUI
GRP18;BSK2606OF022775;2026-07-22;OUI
GRP18;BSK2606OF022782;2026-07-22;OUI
GRP18;BSK2606OF023002;2026-07-22;OUI
GRP18;BSK2606OF024219;2026-07-22;OUI
GRP18;BSK2606OF024405;2026-07-22;OUI
GRP19;BSK2607OF018844;2026-07-22;OUI
GRP19;BSK2607OF018821;2026-07-22;NON
GRP19;BSK2607OF018822;2026-07-22;NON
GRP20;BSK2609OF015559;2026-09-07;NON
GRP20;BSK2609OF015262;2026-09-08;NON
GRP20;BSK2609OF015263;2026-09-08;NON
GRP20;BSK2607OF018022;2026-09-18;OUI
GRP20;BSK2607OF018152;2026-09-18;OUI
GRP20;BSK2607OF018165;2026-09-21;OUI
GRP21;BSK2609OF015561;2026-09-07;NON
GRP21;BSK2609OF015269;2026-09-08;OUI
GRP21;BSK2609OF015270;2026-09-08;OUI
GRP21;BSK2609OF015271;2026-09-08;NON
GRP21;BSK2607OF018028;2026-09-18;OUI
GRP21;BSK2607OF018145;2026-09-18;OUI
GRP21;BSK2607OF018238;2026-09-18;OUI
GRP21;BSK2607OF018242;2026-09-21;OUI
GRP22;BSK2609OF015560;2026-09-07;NON
GRP22;BSK2609OF015268;2026-09-08;NON
GRP22;BSK2607OF018024;2026-09-18;OUI
GRP22;BSK2607OF018025;2026-09-18;OUI
GRP22;BSK2607OF018026;2026-09-18;OUI
GRP22;BSK2607OF018027;2026-09-18;OUI
GRP22;BSK2607OF018233;2026-09-18;OUI
GRP22;BSK2607OF018237;2026-09-18;OUI
GRP22;BSK2607OF018241;2026-09-21;OUI
GRP23;BSK2609OF015564;2026-09-08;NON
GRP23;BSK2609OF015533;2026-09-08;NON
GRP23;BSK2607OF018367;2026-09-18;OUI
GRP24;BSK2609OF015558;2026-09-09;NON
GRP24;BSK2609OF015259;2026-09-10;OUI
GRP25;BSK2609OF015568;2026-09-10;OUI
GRP25;BSK2609OF015569;2026-09-10;OUI
GRP25;BSK2609OF015570;2026-09-10;OUI
GRP25;BSK2609OF015571;2026-09-10;OUI
GRP25;BSK2609OF015572;2026-09-10;OUI
GRP25;BSK2609OF015573;2026-09-10;OUI
GRP25;BSK2609OF015468;2026-09-11;OUI
GRP25;BSK2609OF015469;2026-09-11;OUI
GRP25;BSK2609OF015470;2026-09-11;OUI
GRP25;BSK2609OF015471;2026-09-11;NON
GRP25;BSK2609OF015472;2026-09-11;NON
GRP25;BSK2609OF015473;2026-09-11;OUI
GRP25;BSK2609OF015474;2026-09-22;OUI
GRP25;BSK2609OF015475;2026-09-22;NON
GRP25;BSK2609OF015476;2026-09-22;OUI
GRP25;BSK2607OF017871;2026-09-18;OUI
GRP25;BSK2607OF017872;2026-09-18;OUI
GRP25;BSK2607OF017873;2026-09-18;OUI
GRP25;BSK2607OF017874;2026-09-18;OUI
GRP25;BSK2607OF017875;2026-09-18;OUI
GRP25;BSK2607OF017876;2026-09-18;OUI
GRP25;BSK2607OF017877;2026-09-18;OUI
GRP25;BSK2607OF017886;2026-09-21;OUI
GRP25;BSK2607OF017888;2026-09-18;OUI
GRP25;BSK2607OF017889;2026-09-18;OUI
GRP25;BSK2607OF017890;2026-09-18;OUI
GRP25;BSK2607OF017891;2026-09-18;OUI
GRP25;BSK2607OF017913;2026-09-18;OUI
GRP25;BSK2607OF017961;2026-09-18;OUI
GRP25;BSK2607OF017962;2026-09-18;OUI
GRP25;BSK2607OF018291;2026-09-10;OUI
GRP25;BSK2607OF018292;2026-09-10;OUI
GRP25;BSK2607OF018467;2026-09-18;OUI
GRP25;BSK2607OF018469;2026-09-18;OUI
GRP25;BSK2607OF018471;2026-09-10;NON
GRP25;BSK2607OF018472;2026-09-10;NON
GRP25;BSK2607OF018473;2026-09-10;OUI
GRP25;BSK2607OF018474;2026-09-10;OUI
GRP25;BSK2607OF018475;2026-09-10;OUI
GRP25;BSK2607OF018476;2026-09-10;NON
GRP25;BSK2607OF018489;2026-09-10;OUI
GRP26;BSK2609OF015565;2026-09-21;NON
GRP26;BSK2609OF015566;2026-09-21;NON
GRP26;BSK2609OF015539;2026-09-21;NON
GRP26;BSK2609OF015540;2026-09-21;NON
GRP26;BSK2609OF015541;2026-09-21;NON
GRP27;BSK2609OF015567;2026-09-21;NON
GRP27;BSK2609OF015542;2026-09-21;NON
GRP27;BSK2609OF015543;2026-09-21;NON
GRP28;BSK2610OF013647;2026-10-07;NON
GRP28;BSK2610OF013330;2026-10-08;OUI
GRP28;BSK2610OF013331;2026-10-08;OUI
GRP28;BSK2610OF013332;2026-10-08;NON
GRP28;BSK2610OF013333;2026-10-08;NON
GRP28;BSK2609OF015019;2026-10-20;OUI
GRP28;BSK2609OF015027;2026-10-20;OUI
GRP29;BSK2610OF013646;2026-10-07;NON
GRP29;BSK2610OF013334;2026-10-08;OUI
GRP29;BSK2610OF013335;2026-10-08;OUI
GRP29;BSK2610OF013336;2026-10-08;NON
GRP29;BSK2610OF013337;2026-10-08;NON
GRP29;BSK2609OF015026;2026-10-20;OUI
GRP30;BSK2610OF013645;2026-10-07;NON
GRP30;BSK2610OF013323;2026-10-08;OUI
GRP30;BSK2610OF013324;2026-10-08;NON
GRP30;BSK2610OF013325;2026-10-08;NON
GRP30;BSK2610OF013326;2026-10-08;NON
GRP30;BSK2609OF014938;2026-10-20;OUI
GRP31;BSK2610OF013648;2026-10-08;NON
GRP31;BSK2610OF013636;2026-10-08;NON
GRP31;BSK2609OF014943;2026-10-20;OUI
GRP31;BSK2609OF015134;2026-10-21;OUI
GRP32;BSK2610OF013649;2026-10-09;OUI
GRP32;BSK2610OF013650;2026-10-09;OUI
GRP32;BSK2610OF013651;2026-10-09;OUI
GRP32;BSK2610OF013652;2026-10-09;OUI
GRP32;BSK2610OF013653;2026-10-09;OUI
GRP32;BSK2610OF013654;2026-10-09;OUI
GRP32;BSK2610OF013655;2026-10-09;OUI
GRP32;BSK2610OF013564;2026-10-12;OUI
GRP32;BSK2610OF013565;2026-10-12;OUI
GRP32;BSK2610OF013566;2026-10-12;OUI
GRP32;BSK2610OF013567;2026-10-12;OUI
GRP32;BSK2610OF013568;2026-10-12;NON
GRP32;BSK2610OF013569;2026-10-12;NON
GRP32;BSK2610OF013570;2026-10-12;NON
GRP32;BSK2610OF013571;2026-10-12;NON
GRP32;BSK2610OF013573;2026-10-22;OUI
GRP32;BSK2609OF014714;2026-10-09;OUI
GRP32;BSK2609OF015062;2026-10-09;OUI
GRP32;BSK2609OF014695;2026-10-20;OUI
GRP32;BSK2609OF014696;2026-10-20;OUI
GRP32;BSK2609OF014697;2026-10-20;OUI
GRP32;BSK2609OF014713;2026-10-20;OUI
GRP32;BSK2609OF014715;2026-10-20;OUI
GRP32;BSK2609OF014767;2026-10-20;OUI
GRP32;BSK2609OF014768;2026-10-20;OUI
GRP32;BSK2609OF015061;2026-10-20;OUI
GRP32;BSK2609OF015238;2026-10-12;OUI
GRP32;BSK2609OF015239;2026-10-12;OUI
GRP32;BSK2609OF015240;2026-10-12;NON
GRP32;BSK2609OF015241;2026-10-12;NON
GRP32;BSK2609OF014699;2026-10-20;OUI
GRP33;BSK2611OF010977;2026-11-05;OUI
GRP33;BSK2611OF010978;2026-11-05;OUI
GRP33;BSK2611OF010979;2026-11-05;OUI
GRP33;BSK2611OF010980;2026-11-05;OUI
GRP33;BSK2611OF010981;2026-11-05;OUI
GRP33;BSK2611OF010710;2026-11-06;OUI
GRP33;BSK2611OF010711;2026-11-06;OUI
GRP33;BSK2611OF010712;2026-11-06;OUI
GRP33;BSK2611OF010713;2026-11-06;OUI
GRP33;BSK2611OF010714;2026-11-06;OUI
GRP33;BSK2611OF010715;2026-11-06;OUI
GRP33;BSK2611OF010716;2026-11-06;OUI
GRP33;BSK2610OF013100;2026-11-19;OUI
GRP34;BSK2611OF010988;2026-11-05;OUI
GRP34;BSK2611OF010989;2026-11-05;OUI
GRP34;BSK2611OF010990;2026-11-05;OUI
GRP34;BSK2611OF010734;2026-11-06;OUI
GRP34;BSK2611OF010735;2026-11-06;OUI
GRP34;BSK2611OF010736;2026-11-06;OUI
GRP34;BSK2610OF013257;2026-11-19;OUI
GRP35;BSK2611OF010982;2026-11-05;OUI
GRP35;BSK2611OF010719;2026-11-06;OUI
GRP36;BSK2611OF010983;2026-11-05;OUI
GRP36;BSK2611OF010984;2026-11-05;OUI
GRP36;BSK2611OF010731;2026-11-06;OUI
GRP36;BSK2611OF010732;2026-11-06;OUI
GRP36;BSK2611OF010733;2026-11-06;OUI
GRP36;BSK2610OF013190;2026-11-19;OUI
GRP36;BSK2610OF013195;2026-11-19;OUI
GRP37;BSK2611OF010991;2026-11-09;OUI
GRP37;BSK2611OF010992;2026-11-09;OUI
GRP37;BSK2611OF010993;2026-11-09;OUI
GRP37;BSK2611OF010994;2026-11-09;OUI
GRP37;BSK2611OF010995;2026-11-09;OUI
GRP37;BSK2611OF010996;2026-11-09;OUI
GRP37;BSK2611OF010997;2026-11-09;OUI
GRP37;BSK2611OF010998;2026-11-09;OUI
GRP37;BSK2611OF010999;2026-11-09;OUI
GRP37;BSK2611OF011000;2026-11-09;OUI
GRP37;BSK2611OF011001;2026-11-09;OUI
GRP37;BSK2611OF011002;2026-11-09;OUI
GRP37;BSK2611OF011003;2026-11-09;OUI
GRP37;BSK2611OF011004;2026-11-09;OUI
GRP37;BSK2611OF010920;2026-11-10;OUI
GRP37;BSK2611OF010921;2026-11-12;OUI
GRP37;BSK2611OF010922;2026-11-12;OUI
GRP37;BSK2611OF010905;2026-11-12;OUI
GRP37;BSK2611OF010906;2026-11-12;OUI
GRP37;BSK2611OF010907;2026-11-12;OUI
GRP37;BSK2611OF010908;2026-11-12;OUI
GRP37;BSK2611OF010909;2026-11-12;OUI
GRP37;BSK2610OF012900;2026-11-09;OUI
GRP37;BSK2610OF012901;2026-11-09;OUI
GRP37;BSK2610OF012902;2026-11-27;OUI
GRP37;BSK2610OF013283;2026-11-10;OUI
GRP37;BSK2610OF013284;2026-11-10;OUI
GRP37;BSK2610OF013285;2026-11-10;OUI
GRP37;BSK2610OF013286;2026-11-10;NON
GRP37;BSK2611OF010671;2026-11-10;NON
GRP37;BSK2610OF012905;2026-11-19;OUI
GRP37;BSK2610OF012906;2026-11-19;OUI
GRP37;BSK2610OF012927;2026-11-19;OUI
GRP37;BSK2610OF013231;2026-11-19;OUI
GRP37;BSK2610OF013282;2026-11-19;OUI
GRP37;BSK2610OF012899;2026-11-19;OUI
GRP37;BSK2610OF012978;2026-11-19;OUI
GRP37;BSK2610OF013144;2026-11-19;OUI
GRP37;BSK2610OF013307;2026-11-19;OUI
GRP37;BSK2610OF012904;2026-11-19;OUI
GRP37;BSK2610OF012979;2026-11-19;OUI
GRP37;BSK2610OF013145;2026-11-19;OUI
GRP37;BSK2610OF013280;2026-11-19;OUI
GRP37;BSK2610OF013281;2026-11-19;OUI
GRP38;BSK2612OF006273;2026-12-08;NON
GRP38;BSK2612OF006141;2026-12-09;NON
GRP39;BSK2612OF006272;2026-12-08;NON
GRP39;BSK2612OF006260;2026-12-09;OUI
GRP39;BSK2612OF006261;2026-12-09;OUI
GRP39;BSK2612OF006262;2026-12-09;OUI
GRP39;BSK2612OF006263;2026-12-09;OUI
GRP40;BSK2612OF006276;2026-12-09;NON
GRP40;BSK2612OF006277;2026-12-09;NON
GRP40;BSK2612OF006264;2026-12-09;NON
GRP40;BSK2612OF006265;2026-12-09;NON
GRP40;BSK2611OF010668;2026-12-18;OUI
GRP41;BSK2612OF006278;2026-12-21;OUI
GRP41;BSK2612OF006196;2026-12-22;OUI
GRP41;BSK2612OF006197;2026-12-22;OUI
GRP41;BSK2612OF006198;2026-12-22;OUI
GRP41;BSK2612OF006199;2026-12-22;OUI
GRP41;BSK2612OF006200;2026-12-22;OUI
GRP42;BSK2701OF006692;2027-01-05;OUI
GRP42;BSK2701OF006693;2027-01-05;OUI
GRP42;BSK2701OF006460;2027-01-06;OUI
GRP42;BSK2701OF006461;2027-01-06;OUI
GRP42;BSK2701OF006462;2027-01-06;OUI
GRP42;BSK2701OF006463;2027-01-06;OUI
GRP42;BSK2701OF006464;2027-01-06;OUI
GRP42;BSK2701OF006465;2027-01-06;OUI
GRP43;BSK2701OF006691;2027-01-05;OUI
GRP43;BSK2701OF006466;2027-01-06;OUI
GRP43;BSK2701OF006467;2027-01-06;OUI
GRP43;BSK2701OF006468;2027-01-06;OUI
GRP43;BSK2701OF006469;2027-01-06;NON
GRP44;BSK2701OF006690;2027-01-05;OUI
GRP44;BSK2701OF006454;2027-01-06;OUI
GRP44;BSK2701OF006455;2027-01-06;OUI
GRP44;BSK2701OF006456;2027-01-06;OUI
GRP44;BSK2701OF006457;2027-01-06;OUI
GRP45;BSK2701OF006697;2027-01-18;OUI
GRP45;BSK2701OF006698;2027-01-18;OUI
GRP45;BSK2701OF006699;2027-01-18;OUI
GRP45;BSK2701OF006700;2027-01-18;OUI
GRP45;BSK2701OF006701;2027-01-18;OUI
GRP45;BSK2701OF006702;2027-01-18;OUI
GRP45;BSK2701OF006703;2027-01-18;OUI
GRP45;BSK2701OF006653;2027-01-19;OUI
GRP45;BSK2701OF006654;2027-01-19;OUI
GRP45;BSK2701OF006655;2027-01-19;OUI
GRP45;BSK2701OF006656;2027-01-19;OUI
GRP45;BSK2701OF006657;2027-01-19;OUI
GRP45;BSK2701OF006658;2027-01-19;OUI
GRP45;BSK2701OF006659;2027-01-19;OUI
GRP45;BSK2701OF006660;2027-01-19;OUI
GRP45;BSK2701OF006661;2027-01-19;OUI
GRP45;BSK2701OF006662;2027-01-19;OUI
GRP45;BSK2612OF006071;2027-01-20;OUI
GRP45;BSK2612OF006112;2027-01-20;OUI
GRP45;BSK2612OF006113;2027-01-20;OUI
GRP45;BSK2612OF006114;2027-01-20;OUI
GRP45;BSK2612OF006115;2027-01-20;OUI
GRP45;BSK2612OF006116;2027-01-20;OUI
GRP45;BSK2612OF006117;2027-01-20;OUI
GRP46;BSK2701OF006689;2027-01-18;NON
GRP46;BSK2701OF006442;2027-01-19;OUI
GRP47;BSK2701OF006694;2027-01-19;NON
GRP47;BSK2701OF006695;2027-01-19;NON
GRP47;BSK2701OF006671;2027-01-19;NON
GRP47;BSK2701OF006672;2027-01-19;NON
GRP48;BSK2701OF006696;2027-01-19;NON
GRP48;BSK2701OF006673;2027-01-19;OUI
GRP48;BSK2701OF006674;2027-01-19;NON
GRP49;BSK2702OF005962;2027-02-04;OUI
GRP49;BSK2702OF005963;2027-02-04;OUI
GRP49;BSK2702OF005964;2027-02-04;OUI
GRP49;BSK2702OF005853;2027-02-05;OUI
GRP49;BSK2702OF005854;2027-02-05;OUI
GRP49;BSK2702OF005855;2027-02-05;OUI
INDIVIDUEL;BSK2702OF005956;2027-02-04;OUI
INDIVIDUEL;BSK2702OF005957;2027-02-04;OUI
INDIVIDUEL;BSK2702OF005958;2027-02-04;OUI
INDIVIDUEL;BSK2702OF005959;2027-02-04;OUI
INDIVIDUEL;BSK2702OF005960;2027-02-04;OUI
INDIVIDUEL;BSK2702OF005961;2027-02-04;OUI
GRP50;BSK2702OF005965;2027-02-17;OUI
GRP50;BSK2702OF005966;2027-02-17;OUI
GRP50;BSK2702OF005967;2027-02-17;OUI
GRP50;BSK2702OF005968;2027-02-17;OUI
GRP50;BSK2702OF005969;2027-02-17;OUI
GRP50;BSK2702OF005970;2027-02-17;OUI
GRP50;BSK2703OF005539;2027-03-09;OUI
GRP50;BSK2703OF005540;2027-03-09;OUI
GRP50;BSK2702OF005933;2027-02-18;OUI
GRP50;BSK2702OF005934;2027-02-18;OUI
GRP50;BSK2702OF005935;2027-02-18;OUI
GRP50;BSK2702OF005936;2027-02-18;OUI
GRP50;BSK2702OF005937;2027-02-18;OUI
GRP50;BSK2702OF005938;2027-02-18;OUI
GRP50;BSK2702OF005939;2027-02-18;OUI
GRP50;BSK2703OF005512;2027-03-10;OUI
GRP50;BSK2703OF005513;2027-03-10;OUI
GRP50;BSK2702OF005940;2027-02-18;OUI
GRP50;BSK2702OF005941;2027-02-18;OUI
GRP50;BSK2701OF006269;2027-02-17;OUI
GRP50;BSK2701OF006270;2027-02-17;OUI
GRP50;BSK2701OF006271;2027-02-17;OUI
GRP50;BSK2701OF006272;2027-02-17;OUI
GRP50;BSK2701OF006273;2027-02-17;OUI
GRP50;BSK2701OF006274;2027-02-17;OUI
GRP50;BSK2701OF006421;2027-02-17;OUI
GRP50;BSK2701OF006422;2027-02-17;OUI
GRP50;BSK2701OF006423;2027-02-17;OUI
GRP50;BSK2701OF006425;2027-02-17;OUI
GRP50;BSK2701OF006426;2027-02-17;NON
GRP50;BSK2701OF006427;2027-02-17;NON
GRP50;BSK2701OF006428;2027-02-17;NON
GRP50;BSK2701OF006429;2027-02-17;NON
GRP50;BSK2703OF005412;2027-03-10;OUI
INDIVIDUEL;BSK2703OF005535;2027-03-05;OUI
GRP51;BSK2703OF005537;2027-03-08;NON
GRP51;BSK2703OF005538;2027-03-08;NON
GRP51;BSK2703OF005521;2027-03-08;NON
GRP51;BSK2703OF005522;2027-03-08;NON
GRP52;BSK2704OF005906;2027-04-07;NON
GRP52;BSK2704OF005723;2027-04-08;OUI
INDIVIDUEL;BSK2704OF005907;2027-04-07;NON
INDIVIDUEL;BSK2704OF005908;2027-04-07;NON
INDIVIDUEL;BSK2704OF005909;2027-04-07;NON
INDIVIDUEL;BSK2704OF005910;2027-04-07;NON
GRP53;BSK2704OF005911;2027-04-08;NON
GRP53;BSK2704OF005891;2027-04-08;OUI
GRP53;BSK2704OF005892;2027-04-08;NON
GRP53;BSK2703OF005388;2027-04-19;OUI
GRP54;BSK2704OF005912;2027-04-20;OUI
GRP54;BSK2704OF005913;2027-04-20;OUI
GRP54;BSK2704OF005914;2027-04-20;OUI
GRP54;BSK2704OF005915;2027-04-20;OUI
GRP54;BSK2704OF005865;2027-04-21;OUI
GRP54;BSK2704OF005866;2027-04-21;OUI
GRP54;BSK2704OF005867;2027-04-21;OUI
GRP54;BSK2704OF005868;2027-04-21;OUI
GRP54;BSK2704OF005869;2027-04-21;OUI
GRP54;BSK2704OF005870;2027-04-21;OUI
GRP54;BSK2704OF005871;2027-04-21;OUI
INDIVIDUEL;BSK2704OF005905;2027-04-20;OUI
GRP55;BSK2705OF006407;2027-05-06;OUI
GRP55;BSK2705OF006408;2027-05-06;OUI
GRP55;BSK2705OF006239;2027-05-07;OUI
GRP55;BSK2705OF006240;2027-05-07;OUI
GRP55;BSK2705OF006241;2027-05-07;OUI
GRP55;BSK2705OF006242;2027-05-07;OUI
INDIVIDUEL;BSK2705OF006399;2027-05-06;OUI
INDIVIDUEL;BSK2705OF006400;2027-05-06;OUI
INDIVIDUEL;BSK2705OF006401;2027-05-06;OUI
INDIVIDUEL;BSK2705OF006402;2027-05-06;OUI
INDIVIDUEL;BSK2705OF006403;2027-05-06;OUI
INDIVIDUEL;BSK2705OF006404;2027-05-06;OUI
INDIVIDUEL;BSK2705OF006405;2027-05-06;OUI
GRP56;BSK2705OF006409;2027-05-07;OUI
GRP56;BSK2705OF006379;2027-05-07;OUI
GRP56;BSK2704OF005694;2027-05-20;OUI
GRP57;BSK2705OF006413;2027-05-19;OUI
GRP57;BSK2705OF006414;2027-05-19;OUI
GRP57;BSK2705OF006415;2027-05-19;OUI
GRP57;BSK2705OF006416;2027-05-19;OUI
GRP57;BSK2705OF006417;2027-05-19;OUI
GRP57;BSK2705OF006418;2027-05-19;OUI
GRP57;BSK2705OF006419;2027-05-19;OUI
GRP57;BSK2705OF006363;2027-05-20;OUI
GRP57;BSK2705OF006364;2027-05-20;OUI
GRP57;BSK2705OF006365;2027-05-20;OUI
GRP57;BSK2705OF006366;2027-05-20;OUI
GRP57;BSK2705OF006367;2027-05-20;OUI
GRP57;BSK2705OF006368;2027-05-20;OUI
GRP57;BSK2705OF006369;2027-05-20;OUI
GRP57;BSK2705OF006370;2027-05-20;OUI
GRP57;BSK2705OF006371;2027-05-20;OUI
GRP57;BSK2705OF006372;2027-05-20;OUI
GRP57;BSK2705OF006373;2027-05-20;OUI
GRP57;BSK2704OF005558;2027-05-20;OUI
GRP57;BSK2704OF005696;2027-05-20;OUI
GRP57;BSK2704OF005697;2027-05-20;OUI
GRP57;BSK2704OF005698;2027-05-20;OUI
GRP57;BSK2704OF005699;2027-05-20;OUI
GRP57;BSK2704OF005700;2027-05-20;OUI
GRP57;BSK2704OF005701;2027-05-20;OUI
GRP57;BSK2704OF005702;2027-05-20;OUI
GRP57;BSK2704OF005703;2027-05-20;OUI
GRP57;BSK2704OF005560;2027-05-28;OUI
INDIVIDUEL;BSK2705OF006410;2027-05-20;OUI
INDIVIDUEL;BSK2705OF006411;2027-05-20;OUI
INDIVIDUEL;BSK2705OF006412;2027-05-20;OUI
INDIVIDUEL;BSK2606OF025642;2026-06-02;OUI
INDIVIDUEL;BSK2606OF025643;2026-06-02;NON
INDIVIDUEL;BSK2606OF025644;2026-06-02;NON
INDIVIDUEL;BSK2606OF025645;2026-06-02;OUI
INDIVIDUEL;BSK2606OF025646;2026-06-02;OUI
INDIVIDUEL;BSK2606OF024474;2026-06-09;OUI
INDIVIDUEL;BSK2606OF024475;2026-06-09;OUI
INDIVIDUEL;BSK2606OF024476;2026-06-09;OUI
INDIVIDUEL;BSK2606OF024477;2026-06-09;OUI
INDIVIDUEL;BSK2606OF024478;2026-06-09;OUI
INDIVIDUEL;BSK2606OF024479;2026-06-09;OUI
GRP60;BSK2606OF024710;2026-06-10;NON
GRP60;BSK2606OF024711;2026-06-10;NON
GRP60;BSK2606OF024712;2026-06-10;NON
GRP60;BSK2606OF024713;2026-06-10;NON
GRP60;BSK2606OF024714;2026-06-10;NON
GRP60;BSK2606OF024715;2026-06-10;NON
GRP60;BSK2606OF024716;2026-06-10;NON
GRP60;BSK2606OF024717;2026-06-10;NON
GRP60;BSK2606OF024718;2026-06-10;NON
GRP60;BSK2606OF024719;2026-06-10;NON
GRP60;BSK2606OF024720;2026-06-10;NON
GRP60;BSK2606OF024721;2026-06-10;NON
GRP60;BSK2606OF024722;2026-06-10;NON
GRP60;BSK2606OF024723;2026-06-10;NON
GRP60;BSK2606OF024724;2026-06-10;NON
GRP60;BSK2606OF024725;2026-06-10;NON
GRP60;BSK2606OF024726;2026-06-10;NON
GRP60;BSK2606OF024727;2026-06-10;NON
GRP60;BSK2606OF024728;2026-06-10;NON
GRP60;BSK2606OF024729;2026-06-10;NON
GRP60;BSK2606OF024730;2026-06-10;NON
GRP60;BSK2606OF024731;2026-06-10;NON
GRP60;BSK2606OF024732;2026-06-10;NON
GRP60;BSK2606OF024733;2026-06-10;NON
GRP60;BSK2606OF024734;2026-06-10;NON
GRP60;BSK2606OF024735;2026-06-10;NON
GRP60;BSK2606OF024736;2026-06-10;NON
GRP60;BSK2606OF024737;2026-06-10;NON
GRP60;BSK2606OF024738;2026-06-10;NON
GRP60;BSK2606OF024739;2026-06-10;NON
GRP60;BSK2606OF024740;2026-06-10;NON
GRP60;BSK2606OF024741;2026-06-10;NON
GRP60;BSK2606OF024742;2026-06-10;NON
GRP60;BSK2606OF024743;2026-06-10;NON
GRP60;BSK2606OF024744;2026-06-10;NON
GRP60;BSK2606OF024745;2026-06-10;NON
GRP60;BSK2606OF024746;2026-06-10;NON
GRP60;BSK2606OF024747;2026-06-10;NON
GRP60;BSK2606OF024748;2026-06-10;NON
GRP60;BSK2606OF024749;2026-06-10;NON
GRP60;BSK2606OF024750;2026-06-10;NON
GRP60;BSK2606OF024751;2026-06-10;NON
GRP60;BSK2606OF024752;2026-06-10;NON
GRP60;BSK2606OF024753;2026-06-10;NON
GRP60;BSK2606OF024754;2026-06-10;NON
GRP60;BSK2606OF022841;2026-07-07;OUI
GRP60;BSK2606OF024032;2026-07-07;OUI
GRP60;BSK2606OF024033;2026-07-07;OUI
GRP60;BSK2606OF024034;2026-07-07;OUI
GRP60;BSK2606OF024035;2026-07-07;OUI
GRP60;BSK2606OF024036;2026-07-07;OUI
GRP60;BSK2606OF024037;2026-07-07;OUI
GRP60;BSK2606OF024038;2026-07-07;OUI
GRP60;BSK2606OF024258;2026-07-07;OUI
GRP60;BSK2606OF024259;2026-07-07;OUI
GRP60;BSK2606OF024260;2026-07-07;OUI
GRP60;BSK2606OF024261;2026-07-07;OUI
GRP60;BSK2606OF024262;2026-07-07;OUI
GRP60;BSK2606OF024263;2026-07-07;OUI
GRP60;BSK2606OF024264;2026-07-07;OUI
GRP60;BSK2606OF024265;2026-07-07;OUI
GRP60;BSK2606OF024266;2026-07-07;OUI
GRP60;BSK2606OF024267;2026-07-07;OUI
GRP60;BSK2606OF024268;2026-07-07;OUI
GRP61;BSK2606OF025069;2026-06-10;NON
GRP61;BSK2606OF025070;2026-06-10;NON
GRP61;BSK2606OF025071;2026-06-10;NON
GRP61;BSK2606OF025072;2026-06-10;NON
GRP61;BSK2606OF025073;2026-06-10;NON
GRP61;BSK2606OF025074;2026-06-10;NON
GRP61;BSK2606OF025075;2026-06-10;NON
GRP61;BSK2606OF025076;2026-06-10;NON
GRP61;BSK2606OF025077;2026-06-10;NON
GRP61;BSK2606OF025078;2026-06-10;OUI
GRP61;BSK2606OF025079;2026-06-10;OUI
GRP61;BSK2606OF024068;2026-07-07;OUI
GRP61;BSK2606OF024069;2026-07-07;OUI
GRP61;BSK2606OF024070;2026-07-07;NON
GRP61;BSK2606OF024071;2026-07-07;NON
GRP61;BSK2606OF024072;2026-07-07;NON
GRP61;BSK2606OF024073;2026-07-07;NON
GRP61;BSK2606OF024074;2026-07-07;NON
GRP62;BSK2606OF025080;2026-06-10;NON
GRP62;BSK2606OF025081;2026-06-10;NON
GRP62;BSK2606OF025082;2026-06-10;NON
GRP62;BSK2606OF025083;2026-06-10;NON
GRP62;BSK2606OF025084;2026-06-10;NON
GRP62;BSK2606OF025085;2026-06-10;NON
GRP62;BSK2606OF025086;2026-06-10;NON
GRP62;BSK2606OF025087;2026-06-10;OUI
GRP62;BSK2606OF022369;2026-07-07;OUI
GRP62;BSK2606OF022370;2026-07-07;NON
GRP62;BSK2606OF022371;2026-07-07;NON
GRP62;BSK2606OF022372;2026-07-07;NON
GRP62;BSK2606OF022373;2026-07-07;NON
GRP62;BSK2606OF022374;2026-07-07;NON
GRP62;BSK2606OF022375;2026-07-07;NON
GRP62;BSK2606OF022376;2026-07-07;NON
GRP63;BSK2606OF025137;2026-06-10;NON
GRP63;BSK2606OF025138;2026-06-10;NON
GRP63;BSK2606OF025139;2026-06-10;NON
GRP63;BSK2606OF025140;2026-06-10;NON
GRP63;BSK2606OF025141;2026-06-10;NON
GRP63;BSK2606OF025142;2026-06-10;NON
GRP63;BSK2606OF025143;2026-06-10;NON
GRP63;BSK2606OF025144;2026-06-10;NON
GRP63;BSK2606OF025145;2026-06-10;NON
GRP63;BSK2606OF025146;2026-06-10;NON
GRP63;BSK2606OF025147;2026-06-10;NON
GRP63;BSK2606OF025148;2026-06-10;NON
GRP63;BSK2606OF025149;2026-06-10;NON
GRP63;BSK2606OF025150;2026-06-10;NON
GRP63;BSK2606OF025151;2026-06-10;NON
GRP63;BSK2606OF025152;2026-06-10;NON
GRP63;BSK2606OF025153;2026-06-10;NON
GRP63;BSK2606OF025154;2026-06-10;NON
GRP63;BSK2606OF025155;2026-06-10;NON
GRP63;BSK2606OF023947;2026-07-07;NON
GRP63;BSK2606OF023948;2026-07-07;NON
GRP63;BSK2606OF023949;2026-07-07;NON
GRP63;BSK2606OF023950;2026-07-07;NON
GRP63;BSK2606OF023951;2026-07-07;NON
GRP63;BSK2606OF023952;2026-07-07;NON
GRP63;BSK2606OF023953;2026-07-07;NON
GRP63;BSK2606OF023954;2026-07-07;NON
GRP63;BSK2606OF023955;2026-07-07;NON
GRP63;BSK2606OF023956;2026-07-07;NON
GRP63;BSK2606OF023957;2026-07-07;NON
GRP63;BSK2606OF023958;2026-07-07;NON
GRP64;BSK2606OF025058;2026-06-10;NON
GRP64;BSK2606OF025059;2026-06-10;NON
GRP64;BSK2606OF025060;2026-06-10;NON
GRP64;BSK2606OF025061;2026-06-10;NON
GRP64;BSK2606OF025062;2026-06-10;NON
GRP64;BSK2606OF025063;2026-06-10;NON
GRP64;BSK2606OF025064;2026-06-10;NON
GRP64;BSK2606OF025065;2026-06-10;NON
GRP64;BSK2606OF025066;2026-06-10;NON
GRP64;BSK2606OF025067;2026-06-10;NON
GRP64;BSK2606OF025068;2026-06-10;NON
GRP64;BSK2606OF022393;2026-07-07;NON
GRP64;BSK2606OF022394;2026-07-07;NON
GRP64;BSK2606OF022395;2026-07-07;NON
GRP64;BSK2606OF022396;2026-07-07;NON
GRP65;BSK2606OF025444;2026-06-10;NON
GRP65;BSK2606OF025445;2026-06-10;NON
GRP65;BSK2606OF025446;2026-06-10;NON
GRP65;BSK2606OF025447;2026-06-10;NON
GRP65;BSK2606OF025448;2026-06-10;NON
GRP65;BSK2606OF025449;2026-06-10;NON
GRP65;BSK2606OF025450;2026-06-10;NON
GRP65;BSK2606OF025451;2026-06-10;NON
GRP65;BSK2606OF025452;2026-06-10;NON
GRP65;BSK2606OF025453;2026-06-10;NON
GRP65;BSK2606OF025454;2026-06-10;NON
GRP65;BSK2606OF025455;2026-06-10;NON
GRP65;BSK2606OF025456;2026-06-10;NON
GRP65;BSK2606OF025457;2026-06-10;NON
GRP65;BSK2606OF025458;2026-06-10;NON
GRP65;BSK2606OF025459;2026-06-10;NON
GRP65;BSK2606OF025460;2026-06-10;NON
GRP65;BSK2606OF025461;2026-06-10;NON
GRP65;BSK2606OF025462;2026-06-10;NON
GRP65;BSK2606OF025463;2026-06-10;OUI
GRP65;BSK2606OF025464;2026-06-10;OUI
GRP65;BSK2606OF025465;2026-06-10;OUI
GRP65;BSK2606OF025466;2026-06-10;OUI
GRP65;BSK2606OF025467;2026-06-10;OUI
GRP65;BSK2606OF025468;2026-06-10;OUI
GRP65;BSK2606OF025469;2026-06-10;OUI
GRP65;BSK2606OF025470;2026-06-10;OUI
GRP65;BSK2606OF025471;2026-06-10;OUI
GRP65;BSK2606OF025472;2026-06-10;OUI
GRP65;BSK2606OF025473;2026-06-10;OUI
GRP65;BSK2606OF025474;2026-06-10;OUI
GRP65;BSK2606OF025475;2026-06-10;OUI
GRP65;BSK2606OF025476;2026-06-10;OUI
GRP65;BSK2606OF025477;2026-06-10;OUI
GRP65;BSK2606OF025478;2026-06-10;OUI
GRP65;BSK2606OF025479;2026-06-10;OUI
GRP65;BSK2606OF025480;2026-06-10;OUI
GRP65;BSK2606OF025481;2026-06-10;OUI
GRP65;BSK2606OF025482;2026-06-10;OUI
GRP65;BSK2606OF025483;2026-06-10;OUI
GRP65;BSK2606OF025484;2026-06-10;OUI
GRP65;BSK2606OF025485;2026-06-10;OUI
GRP65;BSK2606OF025486;2026-06-10;OUI
GRP65;BSK2606OF025487;2026-06-10;OUI
GRP65;BSK2606OF025488;2026-06-10;OUI
GRP65;BSK2606OF025489;2026-06-10;OUI
GRP65;BSK2606OF025490;2026-06-10;OUI
GRP65;BSK2606OF025491;2026-06-10;OUI
GRP65;BSK2606OF025492;2026-06-10;OUI
GRP65;BSK2606OF025493;2026-06-10;OUI
GRP65;BSK2606OF025494;2026-06-10;OUI
GRP65;BSK2606OF025495;2026-06-10;OUI
GRP65;BSK2606OF025496;2026-06-10;OUI
GRP65;BSK2606OF025497;2026-06-10;OUI
GRP65;BSK2606OF025498;2026-06-10;OUI
GRP65;BSK2606OF025499;2026-06-10;OUI
GRP65;BSK2606OF025500;2026-06-10;OUI
GRP65;BSK2606OF025501;2026-06-10;OUI
GRP65;BSK2606OF025502;2026-06-10;OUI
GRP65;BSK2606OF025503;2026-06-10;OUI
GRP65;BSK2606OF025504;2026-06-10;OUI
GRP65;BSK2606OF025505;2026-06-10;OUI
GRP65;BSK2606OF025506;2026-06-10;OUI
GRP65;BSK2606OF025507;2026-06-10;OUI
GRP65;BSK2606OF025508;2026-06-10;OUI
GRP65;BSK2606OF025509;2026-06-10;OUI
GRP65;BSK2606OF025510;2026-06-10;OUI
GRP65;BSK2606OF025511;2026-06-10;OUI
GRP65;BSK2606OF025512;2026-06-10;OUI
GRP65;BSK2606OF025513;2026-06-10;OUI
GRP65;BSK2606OF025514;2026-06-10;OUI
GRP65;BSK2606OF025515;2026-06-10;OUI
GRP65;BSK2606OF025516;2026-06-10;OUI
GRP65;BSK2606OF025517;2026-06-10;OUI
GRP65;BSK2606OF025518;2026-06-10;OUI
GRP65;BSK2606OF025519;2026-06-10;OUI
GRP65;BSK2606OF025520;2026-06-10;OUI
GRP65;BSK2606OF025521;2026-06-10;OUI
GRP65;BSK2606OF025522;2026-06-10;OUI
GRP65;BSK2606OF025523;2026-06-10;OUI
GRP65;BSK2606OF025524;2026-06-10;OUI
GRP65;BSK2606OF025525;2026-06-10;OUI
GRP65;BSK2606OF025526;2026-06-10;OUI
GRP65;BSK2606OF025527;2026-06-10;OUI
GRP65;BSK2606OF025528;2026-06-10;OUI
GRP65;BSK2606OF025529;2026-06-10;OUI
GRP65;BSK2606OF025530;2026-06-10;OUI
GRP65;BSK2606OF025531;2026-06-10;OUI
GRP65;BSK2606OF023835;2026-07-07;OUI
GRP65;BSK2606OF023836;2026-07-07;OUI
GRP65;BSK2606OF023837;2026-07-07;OUI
GRP65;BSK2606OF023838;2026-07-07;OUI
GRP65;BSK2606OF023839;2026-07-07;OUI
GRP65;BSK2606OF023840;2026-07-07;OUI
GRP65;BSK2606OF023841;2026-07-07;OUI
GRP65;BSK2606OF023842;2026-07-07;OUI
GRP65;BSK2606OF023843;2026-07-07;NON
GRP65;BSK2606OF023844;2026-07-07;NON
GRP65;BSK2606OF023845;2026-07-07;NON
GRP65;BSK2606OF023846;2026-07-07;NON
GRP65;BSK2606OF023847;2026-07-07;NON
GRP65;BSK2606OF023848;2026-07-07;NON
GRP65;BSK2606OF023849;2026-07-07;NON
GRP65;BSK2606OF023850;2026-07-07;NON
GRP65;BSK2606OF023851;2026-07-07;NON
GRP65;BSK2606OF023852;2026-07-07;NON
GRP65;BSK2606OF023853;2026-07-07;NON
GRP65;BSK2606OF023854;2026-07-07;NON
GRP65;BSK2606OF023855;2026-07-07;NON
GRP65;BSK2606OF023856;2026-07-07;NON
GRP65;BSK2606OF024389;2026-07-07;ÉCHOUÉ(poste indispo)
GRP65;BSK2606OF024390;2026-07-07;ÉCHOUÉ(poste indispo)
GRP65;BSK2606OF024391;2026-07-07;ÉCHOUÉ(poste indispo)
GRP65;BSK2606OF024392;2026-07-07;ÉCHOUÉ(poste indispo)
GRP65;BSK2606OF024393;2026-07-07;ÉCHOUÉ(poste indispo)
GRP65;BSK2606OF024394;2026-07-07;ÉCHOUÉ(poste indispo)
GRP65;BSK2606OF024395;2026-07-07;ÉCHOUÉ(poste indispo)
GRP65;BSK2606OF024396;2026-07-07;ÉCHOUÉ(poste indispo)
GRP65;BSK2606OF024397;2026-07-07;ÉCHOUÉ(poste indispo)
GRP65;BSK2606OF024398;2026-07-07;ÉCHOUÉ(poste indispo)
GRP65;BSK2606OF024399;2026-07-07;ÉCHOUÉ(poste indispo)
GRP65;BSK2606OF024400;2026-07-07;ÉCHOUÉ(poste indispo)
GRP65;BSK2606OF024401;2026-07-07;ÉCHOUÉ(poste indispo)
GRP65;BSK2606OF024402;2026-07-07;ÉCHOUÉ(poste indispo)
GRP65;BSK2606OF024403;2026-07-07;ÉCHOUÉ(poste indispo)
GRP65;BSK2606OF024404;2026-07-07;ÉCHOUÉ(poste indispo)
GRP66;BSK2606OF025192;2026-06-10;OUI
GRP66;BSK2606OF025193;2026-06-10;OUI
GRP66;BSK2606OF023050;2026-07-07;OUI
GRP66;BSK2606OF023092;2026-07-07;OUI
GRP66;BSK2606OF023093;2026-07-07;OUI
GRP66;BSK2606OF023668;2026-07-07;OUI
GRP66;BSK2606OF023669;2026-07-07;OUI
GRP67;BSK2606OF025161;2026-06-10;OUI
GRP67;BSK2606OF025162;2026-06-10;OUI
GRP67;BSK2606OF025163;2026-06-10;OUI
GRP67;BSK2606OF023944;2026-07-07;NON
GRP67;BSK2606OF023945;2026-07-07;NON
GRP68;BSK2606OF025041;2026-06-10;OUI
GRP68;BSK2606OF025042;2026-06-10;OUI
GRP68;BSK2606OF025043;2026-06-10;OUI
GRP68;BSK2606OF025044;2026-06-10;OUI
GRP68;BSK2606OF025045;2026-06-10;OUI
GRP68;BSK2606OF022759;2026-07-07;OUI
GRP68;BSK2606OF022760;2026-07-07;OUI
GRP69;BSK2606OF024963;2026-06-10;OUI
GRP69;BSK2606OF024964;2026-06-10;OUI
GRP69;BSK2606OF024965;2026-06-10;OUI
GRP69;BSK2606OF024966;2026-06-10;OUI
GRP69;BSK2606OF024967;2026-06-10;OUI
GRP69;BSK2606OF024968;2026-06-10;OUI
GRP69;BSK2606OF024969;2026-06-10;OUI
GRP69;BSK2606OF024970;2026-06-10;OUI
GRP69;BSK2606OF024971;2026-06-10;OUI
GRP69;BSK2606OF024972;2026-06-10;OUI
GRP69;BSK2606OF024973;2026-06-10;OUI
GRP69;BSK2606OF024974;2026-06-10;OUI
GRP69;BSK2606OF024975;2026-06-10;OUI
GRP69;BSK2606OF024976;2026-06-10;OUI
GRP69;BSK2606OF022357;2026-07-07;OUI
GRP69;BSK2606OF022358;2026-07-07;OUI
GRP69;BSK2606OF022359;2026-07-07;OUI
GRP69;BSK2606OF022360;2026-07-07;OUI
GRP69;BSK2606OF022361;2026-07-07;OUI
GRP69;BSK2606OF022362;2026-07-07;OUI
GRP69;BSK2606OF022363;2026-07-07;OUI
GRP69;BSK2606OF022364;2026-07-07;NON
GRP69;BSK2606OF022365;2026-07-07;NON
GRP69;BSK2606OF022366;2026-07-07;NON
GRP69;BSK2606OF022367;2026-07-07;NON
GRP69;BSK2606OF024014;2026-07-07;NON
GRP69;BSK2606OF024015;2026-07-07;NON
GRP69;BSK2606OF024426;2026-07-07;NON
GRP70;BSK2606OF024755;2026-06-10;OUI
GRP70;BSK2606OF024756;2026-06-10;OUI
GRP70;BSK2606OF024757;2026-06-10;OUI
GRP70;BSK2606OF024758;2026-06-10;OUI
GRP70;BSK2606OF022889;2026-07-07;OUI
GRP70;BSK2606OF023188;2026-07-07;OUI
GRP71;BSK2606OF024941;2026-06-10;OUI
GRP71;BSK2606OF024942;2026-06-10;OUI
GRP71;BSK2606OF024943;2026-06-10;OUI
GRP71;BSK2606OF024944;2026-06-10;OUI
GRP71;BSK2606OF024945;2026-06-10;OUI
GRP71;BSK2606OF024946;2026-06-10;OUI
GRP71;BSK2606OF024947;2026-06-10;OUI
GRP71;BSK2606OF024948;2026-06-10;OUI
GRP71;BSK2606OF024177;2026-06-29;OUI
GRP71;BSK2606OF024179;2026-06-29;OUI
GRP71;BSK2606OF024180;2026-06-29;OUI
GRP71;BSK2606OF024181;2026-06-29;OUI
GRP72;BSK2606OF025532;2026-06-10;OUI
GRP72;BSK2606OF025533;2026-06-10;OUI
GRP72;BSK2606OF025534;2026-06-10;OUI
GRP72;BSK2606OF025535;2026-06-10;OUI
GRP72;BSK2606OF025536;2026-06-10;OUI
GRP72;BSK2606OF025537;2026-06-10;OUI
GRP72;BSK2606OF025538;2026-06-10;OUI
GRP72;BSK2606OF025539;2026-06-10;OUI
GRP72;BSK2606OF025540;2026-06-10;OUI
GRP72;BSK2606OF025541;2026-06-10;OUI
GRP72;BSK2606OF025542;2026-06-10;OUI
GRP72;BSK2606OF025543;2026-06-10;OUI
GRP72;BSK2606OF025544;2026-06-10;OUI
GRP72;BSK2606OF025545;2026-06-10;OUI
GRP72;BSK2606OF025546;2026-06-10;OUI
GRP72;BSK2606OF025547;2026-06-10;OUI
GRP72;BSK2606OF025548;2026-06-10;OUI
GRP72;BSK2606OF025549;2026-06-10;OUI
GRP72;BSK2606OF025550;2026-06-10;OUI
GRP72;BSK2606OF025551;2026-06-10;OUI
GRP72;BSK2606OF025552;2026-06-10;OUI
GRP72;BSK2606OF025553;2026-06-10;OUI
GRP72;BSK2606OF025554;2026-06-10;OUI
GRP72;BSK2606OF025555;2026-06-10;OUI
GRP72;BSK2606OF025556;2026-06-10;OUI
GRP72;BSK2606OF025557;2026-06-10;OUI
GRP72;BSK2606OF025558;2026-06-10;OUI
GRP72;BSK2606OF025559;2026-06-10;OUI
GRP72;BSK2606OF025560;2026-06-10;OUI
GRP72;BSK2606OF025561;2026-06-10;OUI
GRP72;BSK2606OF025562;2026-06-10;OUI
GRP72;BSK2606OF025563;2026-06-10;OUI
GRP72;BSK2606OF025564;2026-06-10;OUI
GRP72;BSK2606OF023913;2026-07-07;NON
GRP72;BSK2606OF023914;2026-07-07;NON
GRP72;BSK2606OF023915;2026-07-07;NON
GRP72;BSK2606OF023916;2026-07-07;NON
GRP72;BSK2606OF023917;2026-07-07;NON
GRP72;BSK2606OF023918;2026-07-07;NON
GRP72;BSK2606OF023919;2026-07-07;NON
GRP72;BSK2606OF023920;2026-07-07;NON
GRP72;BSK2606OF023921;2026-07-07;NON
GRP72;BSK2606OF023922;2026-07-07;NON
GRP72;BSK2606OF023923;2026-07-07;NON
GRP72;BSK2606OF024384;2026-07-07;ÉCHOUÉ(poste indispo)
GRP72;BSK2606OF024385;2026-07-07;ÉCHOUÉ(poste indispo)
GRP72;BSK2606OF024386;2026-07-07;ÉCHOUÉ(poste indispo)
GRP72;BSK2606OF024387;2026-07-07;ÉCHOUÉ(poste indispo)
GRP72;BSK2606OF024388;2026-07-07;ÉCHOUÉ(poste indispo)
GRP73;BSK2606OF025566;2026-06-10;NON
GRP73;BSK2606OF025567;2026-06-10;NON
GRP73;BSK2606OF025568;2026-06-10;OUI
GRP73;BSK2606OF025569;2026-06-10;OUI
GRP73;BSK2606OF025570;2026-06-10;OUI
GRP73;BSK2606OF025571;2026-06-10;OUI
GRP73;BSK2606OF025572;2026-06-10;OUI
GRP73;BSK2606OF025573;2026-06-10;OUI
GRP73;BSK2606OF025574;2026-06-10;NON
GRP73;BSK2606OF025575;2026-06-10;NON
GRP73;BSK2606OF025576;2026-06-10;NON
GRP73;BSK2606OF025577;2026-06-10;NON
GRP73;BSK2606OF025578;2026-06-10;NON
GRP73;BSK2606OF025579;2026-06-10;NON
GRP73;BSK2606OF025580;2026-06-10;ÉCHOUÉ(poste indispo)
GRP73;BSK2606OF025581;2026-06-10;ÉCHOUÉ(poste indispo)
GRP73;BSK2606OF025582;2026-06-10;ÉCHOUÉ(poste indispo)
GRP73;BSK2606OF025583;2026-06-10;ÉCHOUÉ(poste indispo)
GRP73;BSK2606OF025584;2026-06-10;ÉCHOUÉ(poste indispo)
GRP73;BSK2606OF025585;2026-06-10;ÉCHOUÉ(poste indispo)
GRP73;BSK2606OF025586;2026-06-10;ÉCHOUÉ(poste indispo)
GRP73;BSK2606OF025587;2026-06-10;ÉCHOUÉ(poste indispo)
GRP73;BSK2606OF025588;2026-06-10;ÉCHOUÉ(poste indispo)
GRP73;BSK2606OF025589;2026-06-10;ÉCHOUÉ(poste indispo)
GRP73;BSK2606OF025590;2026-06-10;ÉCHOUÉ(poste indispo)
GRP73;BSK2606OF025591;2026-06-10;ÉCHOUÉ(poste indispo)
GRP73;BSK2606OF025592;2026-06-10;ÉCHOUÉ(poste indispo)
GRP73;BSK2606OF025593;2026-06-10;ÉCHOUÉ(poste indispo)
GRP73;BSK2606OF025594;2026-06-10;ÉCHOUÉ(poste indispo)
GRP73;BSK2606OF025595;2026-06-10;ÉCHOUÉ(poste indispo)
GRP73;BSK2606OF025596;2026-06-10;ÉCHOUÉ(poste indispo)
GRP73;BSK2606OF025597;2026-06-10;ÉCHOUÉ(poste indispo)
GRP73;BSK2606OF025598;2026-06-10;ÉCHOUÉ(poste indispo)
GRP73;BSK2606OF025599;2026-06-10;ÉCHOUÉ(poste indispo)
GRP73;BSK2606OF025600;2026-06-10;ÉCHOUÉ(poste indispo)
GRP73;BSK2606OF025601;2026-06-10;ÉCHOUÉ(poste indispo)
GRP73;BSK2606OF025602;2026-06-10;ÉCHOUÉ(poste indispo)
GRP73;BSK2606OF025603;2026-06-10;ÉCHOUÉ(poste indispo)
GRP73;BSK2606OF025604;2026-06-10;ÉCHOUÉ(poste indispo)
GRP73;BSK2606OF025605;2026-06-10;ÉCHOUÉ(poste indispo)
GRP73;BSK2606OF025606;2026-06-10;ÉCHOUÉ(poste indispo)
GRP73;BSK2606OF025607;2026-06-10;ÉCHOUÉ(poste indispo)
GRP73;BSK2606OF025608;2026-06-10;ÉCHOUÉ(poste indispo)
GRP73;BSK2606OF025609;2026-06-10;ÉCHOUÉ(poste indispo)
GRP73;BSK2606OF025610;2026-06-10;ÉCHOUÉ(poste indispo)
GRP73;BSK2606OF025611;2026-06-10;ÉCHOUÉ(poste indispo)
GRP73;BSK2606OF025612;2026-06-10;ÉCHOUÉ(poste indispo)
GRP73;BSK2606OF025613;2026-06-10;ÉCHOUÉ(poste indispo)
GRP73;BSK2606OF025614;2026-06-10;ÉCHOUÉ(poste indispo)
GRP73;BSK2606OF025615;2026-06-10;ÉCHOUÉ(poste indispo)
GRP73;BSK2606OF025616;2026-06-10;ÉCHOUÉ(poste indispo)
GRP73;BSK2606OF025617;2026-06-10;ÉCHOUÉ(poste indispo)
GRP73;BSK2606OF025618;2026-06-10;ÉCHOUÉ(poste indispo)
GRP73;BSK2606OF025619;2026-06-10;ÉCHOUÉ(poste indispo)
GRP73;BSK2606OF022961;2026-07-07;OUI
GRP73;BSK2606OF024348;2026-07-07;OUI
GRP74;BSK2606OF024993;2026-06-10;OUI
GRP74;BSK2606OF024994;2026-06-10;OUI
GRP74;BSK2606OF024995;2026-06-10;OUI
GRP74;BSK2606OF024996;2026-06-10;NON
GRP74;BSK2606OF024997;2026-06-10;ÉCHOUÉ(poste indispo)
GRP74;BSK2606OF024998;2026-06-10;ÉCHOUÉ(poste indispo)
GRP74;BSK2606OF024999;2026-06-10;ÉCHOUÉ(poste indispo)
GRP74;BSK2606OF025000;2026-06-10;ÉCHOUÉ(poste indispo)
GRP74;BSK2606OF025001;2026-06-10;ÉCHOUÉ(poste indispo)
GRP74;BSK2606OF023782;2026-07-07;OUI
GRP74;BSK2606OF023783;2026-07-07;OUI
GRP75;BSK2606OF025251;2026-06-10;OUI
GRP75;BSK2606OF025252;2026-06-10;OUI
GRP75;BSK2606OF025253;2026-06-10;OUI
GRP75;BSK2606OF025254;2026-06-10;OUI
GRP75;BSK2606OF025255;2026-06-10;OUI
GRP75;BSK2606OF025256;2026-06-10;OUI
GRP75;BSK2606OF025257;2026-06-10;OUI
GRP75;BSK2606OF024026;2026-07-07;OUI
GRP75;BSK2606OF024027;2026-07-07;OUI
GRP75;BSK2606OF024028;2026-07-07;OUI
GRP76;BSK2606OF025093;2026-06-10;ÉCHOUÉ(poste indispo)
GRP76;BSK2606OF025094;2026-06-10;ÉCHOUÉ(poste indispo)
GRP76;BSK2606OF025095;2026-06-10;ÉCHOUÉ(poste indispo)
GRP76;BSK2606OF025096;2026-06-10;ÉCHOUÉ(poste indispo)
GRP76;BSK2606OF025097;2026-06-10;ÉCHOUÉ(poste indispo)
GRP76;BSK2606OF025098;2026-06-10;ÉCHOUÉ(poste indispo)
GRP76;BSK2606OF025099;2026-06-10;ÉCHOUÉ(poste indispo)
GRP76;BSK2606OF025100;2026-06-10;ÉCHOUÉ(poste indispo)
GRP76;BSK2606OF025101;2026-06-10;ÉCHOUÉ(poste indispo)
GRP76;BSK2606OF025102;2026-06-10;ÉCHOUÉ(poste indispo)
GRP76;BSK2606OF025103;2026-06-10;ÉCHOUÉ(poste indispo)
GRP76;BSK2606OF025104;2026-06-10;ÉCHOUÉ(poste indispo)
GRP76;BSK2606OF025105;2026-06-10;ÉCHOUÉ(poste indispo)
GRP76;BSK2606OF023189;2026-07-07;ÉCHOUÉ(stock insuffisant)
GRP77;BSK2606OF025424;2026-06-10;NON
GRP77;BSK2606OF025425;2026-06-10;NON
GRP77;BSK2606OF025426;2026-06-10;NON
GRP77;BSK2606OF025427;2026-06-10;NON
GRP77;BSK2606OF025428;2026-06-10;NON
GRP77;BSK2606OF025429;2026-06-10;NON
GRP77;BSK2606OF025430;2026-06-10;NON
GRP77;BSK2606OF025431;2026-06-10;NON
GRP77;BSK2606OF025432;2026-06-10;NON
GRP77;BSK2606OF025433;2026-06-10;NON
GRP77;BSK2606OF025434;2026-06-10;NON
GRP77;BSK2606OF025435;2026-06-10;NON
GRP77;BSK2606OF025436;2026-06-10;NON
GRP77;BSK2606OF025437;2026-06-10;NON
GRP77;BSK2606OF025438;2026-06-10;NON
GRP77;BSK2606OF025439;2026-06-10;NON
GRP77;BSK2606OF025440;2026-06-10;NON
GRP77;BSK2606OF025441;2026-06-10;NON
GRP77;BSK2606OF025442;2026-06-10;NON
GRP77;BSK2606OF025443;2026-06-10;NON
GRP77;BSK2606OF023907;2026-07-07;NON
GRP77;BSK2606OF023908;2026-07-07;NON
GRP77;BSK2606OF024327;2026-07-07;NON
GRP77;BSK2606OF024328;2026-07-07;NON
GRP77;BSK2606OF024329;2026-07-07;NON
GRP77;BSK2606OF024330;2026-07-07;NON
GRP77;BSK2606OF024331;2026-07-07;NON
GRP77;BSK2606OF024332;2026-07-07;NON
GRP78;BSK2606OF025181;2026-06-10;OUI
GRP78;BSK2606OF025182;2026-06-10;OUI
GRP78;BSK2606OF025183;2026-06-10;NON
GRP78;BSK2606OF025184;2026-06-10;NON
GRP78;BSK2606OF025185;2026-06-10;NON
GRP78;BSK2606OF025186;2026-06-10;ÉCHOUÉ(poste indispo)
GRP78;BSK2606OF022479;2026-07-07;OUI
GRP79;BSK2606OF024977;2026-06-10;NON
GRP79;BSK2606OF024978;2026-06-10;NON
GRP79;BSK2606OF024979;2026-06-10;NON
GRP79;BSK2606OF024980;2026-06-10;NON
GRP79;BSK2606OF024981;2026-06-10;NON
GRP79;BSK2606OF024982;2026-06-10;NON
GRP79;BSK2606OF024983;2026-06-10;NON
GRP79;BSK2606OF024984;2026-06-10;NON
GRP79;BSK2606OF024985;2026-06-10;NON
GRP79;BSK2606OF024986;2026-06-10;NON
GRP79;BSK2606OF024987;2026-06-10;NON
GRP79;BSK2606OF024988;2026-06-10;NON
GRP79;BSK2606OF024989;2026-06-10;NON
GRP79;BSK2606OF024990;2026-06-10;NON
GRP79;BSK2606OF024991;2026-06-10;NON
GRP79;BSK2606OF024992;2026-06-10;NON
GRP79;BSK2606OF022289;2026-07-07;NON
GRP79;BSK2606OF022290;2026-07-07;NON
GRP79;BSK2606OF022291;2026-07-07;NON
GRP79;BSK2606OF022292;2026-07-07;NON
GRP79;BSK2606OF022293;2026-07-07;NON
GRP79;BSK2606OF022294;2026-07-07;NON
GRP79;BSK2606OF022295;2026-07-07;NON
GRP79;BSK2606OF024019;2026-07-07;NON
GRP80;BSK2606OF025210;2026-06-10;OUI
GRP80;BSK2606OF025211;2026-06-10;OUI
GRP80;BSK2606OF022503;2026-07-07;OUI
GRP80;BSK2606OF022751;2026-07-07;OUI
GRP80;BSK2606OF024221;2026-06-29;OUI
GRP81;BSK2606OF024534;2026-06-10;ÉCHOUÉ(poste indispo)
GRP81;BSK2606OF024535;2026-06-10;ÉCHOUÉ(poste indispo)
GRP81;BSK2606OF024536;2026-06-10;ÉCHOUÉ(poste indispo)
GRP81;BSK2606OF024537;2026-06-10;ÉCHOUÉ(poste indispo)
GRP81;BSK2606OF023673;2026-07-07;ÉCHOUÉ(stock insuffisant)
GRP82;BSK2606OF025222;2026-06-10;OUI
GRP82;BSK2606OF022389;2026-07-07;OUI
GRP82;BSK2606OF022390;2026-07-07;OUI
GRP83;BSK2606OF025047;2026-06-10;NON
GRP83;BSK2606OF022427;2026-07-07;NON
GRP84;BSK2606OF025405;2026-06-10;ÉCHOUÉ(poste indispo)
GRP84;BSK2606OF025406;2026-06-10;ÉCHOUÉ(poste indispo)
GRP84;BSK2606OF025407;2026-06-10;ÉCHOUÉ(poste indispo)
GRP84;BSK2606OF023110;2026-07-07;ÉCHOUÉ(stock insuffisant)
GRP84;BSK2606OF023111;2026-07-07;ÉCHOUÉ(stock insuffisant)
GRP84;BSK2606OF023112;2026-07-07;ÉCHOUÉ(stock insuffisant)
GRP85;BSK2606OF025052;2026-06-10;NON
GRP85;BSK2606OF025053;2026-06-10;NON
GRP85;BSK2606OF025054;2026-06-10;NON
GRP85;BSK2606OF023154;2026-07-07;NON
GRP85;BSK2606OF023155;2026-07-07;NON
GRP85;BSK2606OF024210;2026-06-30;NON
GRP85;BSK2606OF024211;2026-06-30;NON
GRP86;BSK2606OF025408;2026-06-10;NON
GRP86;BSK2606OF025409;2026-06-10;NON
GRP86;BSK2606OF025410;2026-06-10;ÉCHOUÉ(poste indispo)
GRP86;BSK2606OF025411;2026-06-10;ÉCHOUÉ(poste indispo)
GRP86;BSK2606OF025412;2026-06-10;ÉCHOUÉ(poste indispo)
GRP86;BSK2606OF025413;2026-06-10;ÉCHOUÉ(poste indispo)
GRP86;BSK2606OF025414;2026-06-10;ÉCHOUÉ(poste indispo)
GRP86;BSK2606OF025415;2026-06-10;ÉCHOUÉ(poste indispo)
GRP86;BSK2606OF023677;2026-07-07;NON
GRP86;BSK2606OF023678;2026-07-07;NON
GRP86;BSK2606OF023679;2026-07-07;ÉCHOUÉ(stock insuffisant)
GRP86;BSK2606OF023680;2026-07-07;ÉCHOUÉ(stock insuffisant)
GRP86;BSK2606OF023681;2026-07-07;ÉCHOUÉ(stock insuffisant)
GRP86;BSK2606OF023682;2026-07-07;ÉCHOUÉ(stock insuffisant)
GRP86;BSK2606OF023683;2026-07-07;ÉCHOUÉ(stock insuffisant)
GRP86;BSK2606OF023684;2026-07-07;ÉCHOUÉ(stock insuffisant)
GRP87;BSK2606OF024707;2026-06-10;ÉCHOUÉ(poste indispo)
GRP87;BSK2606OF023106;2026-07-07;ÉCHOUÉ(stock insuffisant)
GRP88;BSK2606OF025164;2026-06-10;ÉCHOUÉ(poste indispo)
GRP88;BSK2606OF022250;2026-07-07;ÉCHOUÉ(stock insuffisant)
GRP89;BSK2606OF025205;2026-06-10;ÉCHOUÉ(poste indispo)
GRP89;BSK2606OF025206;2026-06-10;ÉCHOUÉ(poste indispo)
GRP89;BSK2606OF025207;2026-06-10;ÉCHOUÉ(poste indispo)
GRP89;BSK2606OF024094;2026-07-07;ÉCHOUÉ(stock insuffisant)
GRP90;BSK2606OF024530;2026-06-10;ÉCHOUÉ(poste indispo)
GRP90;BSK2606OF024531;2026-06-10;ÉCHOUÉ(poste indispo)
GRP90;BSK2606OF024532;2026-06-10;ÉCHOUÉ(poste indispo)
GRP90;BSK2606OF024533;2026-06-10;ÉCHOUÉ(poste indispo)
GRP90;BSK2606OF023097;2026-07-07;ÉCHOUÉ(stock insuffisant)
GRP91;BSK2606OF025178;2026-06-10;ÉCHOUÉ(poste indispo)
GRP91;BSK2606OF025179;2026-06-10;ÉCHOUÉ(poste indispo)
GRP91;BSK2606OF025180;2026-06-10;ÉCHOUÉ(poste indispo)
GRP91;BSK2606OF023734;2026-07-07;ÉCHOUÉ(stock insuffisant)
GRP92;BSK2606OF025166;2026-06-10;ÉCHOUÉ(poste indispo)
GRP92;BSK2606OF025167;2026-06-10;ÉCHOUÉ(poste indispo)
GRP92;BSK2606OF022254;2026-07-07;ÉCHOUÉ(stock insuffisant)
GRP92;BSK2606OF022255;2026-07-07;ÉCHOUÉ(stock insuffisant)
GRP93;BSK2606OF025404;2026-06-10;ÉCHOUÉ(poste indispo)
GRP93;BSK2606OF023108;2026-07-07;ÉCHOUÉ(stock insuffisant)
GRP93;BSK2606OF023109;2026-07-07;ÉCHOUÉ(stock insuffisant)
GRP93;BSK2606OF023177;2026-07-07;ÉCHOUÉ(stock insuffisant)
GRP94;BSK2606OF025194;2026-06-10;ÉCHOUÉ(poste indispo)
GRP94;BSK2606OF025195;2026-06-10;ÉCHOUÉ(poste indispo)
GRP94;BSK2606OF025196;2026-06-10;ÉCHOUÉ(poste indispo)
GRP94;BSK2606OF025197;2026-06-10;ÉCHOUÉ(poste indispo)
GRP94;BSK2606OF023052;2026-07-07;ÉCHOUÉ(stock insuffisant)
GRP94;BSK2606OF023094;2026-07-07;ÉCHOUÉ(stock insuffisant)
GRP94;BSK2606OF023169;2026-07-07;ÉCHOUÉ(stock insuffisant)
GRP94;BSK2606OF023170;2026-07-07;ÉCHOUÉ(stock insuffisant)
GRP94;BSK2606OF023171;2026-07-07;ÉCHOUÉ(stock insuffisant)
GRP94;BSK2606OF024090;2026-07-07;ÉCHOUÉ(stock insuffisant)
GRP94;BSK2606OF024091;2026-07-07;ÉCHOUÉ(stock insuffisant)
GRP94;BSK2606OF024425;2026-07-07;ÉCHOUÉ(stock insuffisant)
GRP95;BSK2606OF025055;2026-06-10;NON
GRP95;BSK2606OF025056;2026-06-10;NON
GRP95;BSK2606OF025057;2026-06-10;NON
GRP95;BSK2606OF023697;2026-07-07;NON
GRP96;BSK2606OF025046;2026-06-10;OUI
GRP96;BSK2606OF022392;2026-07-07;OUI
GRP97;BSK2606OF025165;2026-06-10;ÉCHOUÉ(poste indispo)
GRP97;BSK2606OF022253;2026-07-07;ÉCHOUÉ(stock insuffisant)
GRP98;BSK2606OF025565;2026-06-10;ÉCHOUÉ(poste indispo)
GRP98;BSK2606OF024346;2026-07-07;ÉCHOUÉ(stock insuffisant)
GRP99;BSK2606OF025209;2026-06-10;OUI
GRP99;BSK2606OF022502;2026-07-07;OUI
GRP99;BSK2606OF022749;2026-07-07;OUI
GRP99;BSK2606OF022750;2026-07-07;OUI
GRP99;BSK2606OF022843;2026-07-07;OUI
GRP100;BSK2606OF025190;2026-06-10;NON
GRP100;BSK2606OF025191;2026-06-10;OUI
GRP100;BSK2606OF022381;2026-07-07;OUI
GRP100;BSK2606OF022382;2026-07-07;OUI
GRP100;BSK2606OF022383;2026-07-07;OUI
GRP100;BSK2606OF022384;2026-07-07;OUI
GRP100;BSK2606OF022385;2026-07-07;OUI
GRP100;BSK2606OF022386;2026-07-07;OUI
GRP100;BSK2606OF024218;2026-06-29;NON
GRP101;BSK2606OF025203;2026-06-10;ÉCHOUÉ(poste indispo)
GRP101;BSK2606OF025204;2026-06-10;ÉCHOUÉ(poste indispo)
GRP101;BSK2606OF022808;2026-07-07;ÉCHOUÉ(stock insuffisant)
GRP101;BSK2606OF024093;2026-07-07;ÉCHOUÉ(stock insuffisant)
GRP102;BSK2606OF025168;2026-06-10;NON
GRP102;BSK2606OF025169;2026-06-10;NON
GRP102;BSK2606OF025170;2026-06-10;NON
GRP102;BSK2606OF022251;2026-07-07;NON
GRP102;BSK2606OF023062;2026-07-07;NON
GRP103;BSK2606OF024708;2026-06-10;OUI
GRP103;BSK2606OF024709;2026-07-01;OUI
GRP103;BSK2606OF024204;2026-06-22;OUI
GRP104;BSK2606OF025189;2026-06-10;OUI
GRP104;BSK2606OF022379;2026-07-07;NON
INDIVIDUEL;BSK2606OF024482;2026-06-10;NON
INDIVIDUEL;BSK2606OF024483;2026-06-10;OUI
INDIVIDUEL;BSK2606OF024484;2026-06-10;NON
INDIVIDUEL;BSK2606OF024485;2026-06-10;NON
INDIVIDUEL;BSK2606OF024486;2026-06-10;NON
INDIVIDUEL;BSK2606OF024487;2026-06-10;NON
INDIVIDUEL;BSK2606OF024488;2026-06-10;NON
INDIVIDUEL;BSK2606OF024489;2026-06-10;NON
INDIVIDUEL;BSK2606OF024490;2026-06-10;ÉCHOUÉ(poste indispo)
INDIVIDUEL;BSK2606OF024491;2026-06-10;OUI
INDIVIDUEL;BSK2606OF024492;2026-06-10;ÉCHOUÉ(poste indispo)
INDIVIDUEL;BSK2606OF024493;2026-06-10;OUI
INDIVIDUEL;BSK2606OF024494;2026-06-10;ÉCHOUÉ(poste indispo)
INDIVIDUEL;BSK2606OF024495;2026-06-10;ÉCHOUÉ(poste indispo)
INDIVIDUEL;BSK2606OF024496;2026-06-10;ÉCHOUÉ(poste indispo)
INDIVIDUEL;BSK2606OF024497;2026-06-10;ÉCHOUÉ(poste indispo)
INDIVIDUEL;BSK2606OF024498;2026-06-10;ÉCHOUÉ(poste indispo)
INDIVIDUEL;BSK2606OF024499;2026-06-10;ÉCHOUÉ(poste indispo)
INDIVIDUEL;BSK2606OF024500;2026-06-10;ÉCHOUÉ(poste indispo)
INDIVIDUEL;BSK2606OF024501;2026-06-10;ÉCHOUÉ(poste indispo)
INDIVIDUEL;BSK2606OF024502;2026-06-10;ÉCHOUÉ(poste indispo)
INDIVIDUEL;BSK2606OF024503;2026-06-10;ÉCHOUÉ(poste indispo)
INDIVIDUEL;BSK2606OF024504;2026-06-10;OUI
INDIVIDUEL;BSK2606OF024505;2026-06-10;ÉCHOUÉ(poste indispo)
INDIVIDUEL;BSK2606OF024509;2026-06-10;ÉCHOUÉ(poste indispo)
INDIVIDUEL;BSK2606OF024510;2026-06-10;ÉCHOUÉ(poste indispo)
INDIVIDUEL;BSK2606OF024511;2026-06-10;ÉCHOUÉ(poste indispo)
INDIVIDUEL;BSK2606OF024512;2026-06-10;ÉCHOUÉ(poste indispo)
INDIVIDUEL;BSK2606OF024513;2026-06-10;ÉCHOUÉ(poste indispo)
INDIVIDUEL;BSK2606OF024514;2026-06-10;ÉCHOUÉ(poste indispo)
INDIVIDUEL;BSK2606OF024515;2026-06-10;ÉCHOUÉ(poste indispo)
INDIVIDUEL;BSK2606OF024516;2026-06-10;ÉCHOUÉ(poste indispo)
INDIVIDUEL;BSK2606OF024517;2026-06-10;ÉCHOUÉ(poste indispo)
INDIVIDUEL;BSK2606OF024518;2026-06-10;ÉCHOUÉ(poste indispo)
INDIVIDUEL;BSK2606OF024519;2026-06-10;ÉCHOUÉ(poste indispo)
INDIVIDUEL;BSK2606OF024520;2026-06-10;ÉCHOUÉ(poste indispo)
INDIVIDUEL;BSK2606OF024521;2026-06-10;ÉCHOUÉ(poste indispo)
INDIVIDUEL;BSK2606OF024525;2026-06-10;OUI
INDIVIDUEL;BSK2606OF024526;2026-06-10;OUI
INDIVIDUEL;BSK2606OF024539;2026-06-10;ÉCHOUÉ(poste indispo)
INDIVIDUEL;BSK2606OF024540;2026-06-10;ÉCHOUÉ(poste indispo)
INDIVIDUEL;BSK2606OF024541;2026-06-10;ÉCHOUÉ(poste indispo)
INDIVIDUEL;BSK2606OF024542;2026-06-10;ÉCHOUÉ(poste indispo)
INDIVIDUEL;BSK2606OF024543;2026-06-10;ÉCHOUÉ(poste indispo)
INDIVIDUEL;BSK2606OF024544;2026-06-10;ÉCHOUÉ(poste indispo)
INDIVIDUEL;BSK2606OF024545;2026-06-10;ÉCHOUÉ(poste indispo)
INDIVIDUEL;BSK2606OF024549;2026-06-10;ÉCHOUÉ(poste indispo)
INDIVIDUEL;BSK2606OF024550;2026-06-10;ÉCHOUÉ(poste indispo)
INDIVIDUEL;BSK2606OF024551;2026-06-10;ÉCHOUÉ(poste indispo)
INDIVIDUEL;BSK2606OF024557;2026-06-10;OUI
INDIVIDUEL;BSK2606OF024558;2026-06-10;OUI
INDIVIDUEL;BSK2606OF024559;2026-06-10;ÉCHOUÉ(poste indispo)
INDIVIDUEL;BSK2606OF024560;2026-06-10;ÉCHOUÉ(poste indispo)
INDIVIDUEL;BSK2606OF024561;2026-06-10;ÉCHOUÉ(poste indispo)
INDIVIDUEL;BSK2606OF024562;2026-06-10;ÉCHOUÉ(poste indispo)
INDIVIDUEL;BSK2606OF024563;2026-06-10;ÉCHOUÉ(poste indispo)
INDIVIDUEL;BSK2606OF024564;2026-06-10;ÉCHOUÉ(poste indispo)
INDIVIDUEL;BSK2606OF024565;2026-06-10;ÉCHOUÉ(poste indispo)
INDIVIDUEL;BSK2606OF024566;2026-06-10;ÉCHOUÉ(poste indispo)
INDIVIDUEL;BSK2606OF024567;2026-06-10;ÉCHOUÉ(poste indispo)
INDIVIDUEL;BSK2606OF024568;2026-06-10;ÉCHOUÉ(poste indispo)
INDIVIDUEL;BSK2606OF024569;2026-06-10;ÉCHOUÉ(poste indispo)
INDIVIDUEL;BSK2606OF024570;2026-06-10;ÉCHOUÉ(poste indispo)
INDIVIDUEL;BSK2606OF024571;2026-06-10;ÉCHOUÉ(poste indispo)
INDIVIDUEL;BSK2606OF024572;2026-06-10;ÉCHOUÉ(poste indispo)
INDIVIDUEL;BSK2606OF024573;2026-06-10;ÉCHOUÉ(poste indispo)
INDIVIDUEL;BSK2606OF024574;2026-06-10;ÉCHOUÉ(poste indispo)
INDIVIDUEL;BSK2606OF024575;2026-06-10;ÉCHOUÉ(poste indispo)
INDIVIDUEL;BSK2606OF024576;2026-06-10;ÉCHOUÉ(poste indispo)
INDIVIDUEL;BSK2606OF024577;2026-06-10;OUI
INDIVIDUEL;BSK2606OF024578;2026-06-10;ÉCHOUÉ(poste indispo)
INDIVIDUEL;BSK2606OF024622;2026-06-10;ÉCHOUÉ(poste indispo)
INDIVIDUEL;BSK2606OF024623;2026-06-10;ÉCHOUÉ(poste indispo)
INDIVIDUEL;BSK2606OF024624;2026-06-10;ÉCHOUÉ(poste indispo)
INDIVIDUEL;BSK2606OF024625;2026-06-10;ÉCHOUÉ(poste indispo)
INDIVIDUEL;BSK2606OF024626;2026-06-10;ÉCHOUÉ(poste indispo)
INDIVIDUEL;BSK2606OF024627;2026-06-10;ÉCHOUÉ(poste indispo)
INDIVIDUEL;BSK2606OF024628;2026-06-10;ÉCHOUÉ(poste indispo)
INDIVIDUEL;BSK2606OF024629;2026-06-10;ÉCHOUÉ(poste indispo)
INDIVIDUEL;BSK2606OF024630;2026-06-10;ÉCHOUÉ(poste indispo)
INDIVIDUEL;BSK2606OF024631;2026-06-10;ÉCHOUÉ(poste indispo)
INDIVIDUEL;BSK2606OF024632;2026-06-10;ÉCHOUÉ(poste indispo)
INDIVIDUEL;BSK2606OF024633;2026-06-10;ÉCHOUÉ(poste indispo)
INDIVIDUEL;BSK2606OF024634;2026-06-10;ÉCHOUÉ(poste indispo)
INDIVIDUEL;BSK2606OF024635;2026-06-10;ÉCHOUÉ(poste indispo)
INDIVIDUEL;BSK2606OF024636;2026-06-10;ÉCHOUÉ(poste indispo)
INDIVIDUEL;BSK2606OF024637;2026-06-10;ÉCHOUÉ(poste indispo)
INDIVIDUEL;BSK2606OF024638;2026-06-10;ÉCHOUÉ(poste indispo)
INDIVIDUEL;BSK2606OF024639;2026-06-10;ÉCHOUÉ(poste indispo)
INDIVIDUEL;BSK2606OF024640;2026-06-10;ÉCHOUÉ(poste indispo)
INDIVIDUEL;BSK2606OF024641;2026-06-10;ÉCHOUÉ(poste indispo)
INDIVIDUEL;BSK2606OF024642;2026-06-10;NON
INDIVIDUEL;BSK2606OF024643;2026-06-10;ÉCHOUÉ(poste indispo)
INDIVIDUEL;BSK2606OF024644;2026-06-10;ÉCHOUÉ(poste indispo)
INDIVIDUEL;BSK2606OF024645;2026-06-10;ÉCHOUÉ(poste indispo)
INDIVIDUEL;BSK2606OF024646;2026-06-10;ÉCHOUÉ(poste indispo)
INDIVIDUEL;BSK2606OF024647;2026-06-10;ÉCHOUÉ(poste indispo)
INDIVIDUEL;BSK2606OF024648;2026-06-10;ÉCHOUÉ(poste indispo)
INDIVIDUEL;BSK2606OF024650;2026-06-10;ÉCHOUÉ(poste indispo)
INDIVIDUEL;BSK2606OF024652;2026-06-10;OUI
INDIVIDUEL;BSK2606OF024653;2026-06-10;OUI
INDIVIDUEL;BSK2606OF024654;2026-06-10;OUI
INDIVIDUEL;BSK2606OF024655;2026-06-10;OUI
INDIVIDUEL;BSK2606OF024656;2026-06-10;OUI
INDIVIDUEL;BSK2606OF024657;2026-06-10;NON
INDIVIDUEL;BSK2606OF024658;2026-06-10;ÉCHOUÉ(poste indispo)
INDIVIDUEL;BSK2606OF024659;2026-06-10;ÉCHOUÉ(poste indispo)
INDIVIDUEL;BSK2606OF024660;2026-06-10;ÉCHOUÉ(poste indispo)
INDIVIDUEL;BSK2606OF024661;2026-06-10;ÉCHOUÉ(poste indispo)
INDIVIDUEL;BSK2606OF024662;2026-06-10;NON
INDIVIDUEL;BSK2606OF024663;2026-06-10;NON
INDIVIDUEL;BSK2606OF024664;2026-06-10;NON
INDIVIDUEL;BSK2606OF024665;2026-06-10;OUI
INDIVIDUEL;BSK2606OF024666;2026-06-10;OUI
INDIVIDUEL;BSK2606OF024667;2026-06-10;OUI
INDIVIDUEL;BSK2606OF024668;2026-06-10;OUI
INDIVIDUEL;BSK2606OF024669;2026-06-10;OUI
INDIVIDUEL;BSK2606OF024670;2026-06-10;OUI
INDIVIDUEL;BSK2606OF024671;2026-06-10;OUI
INDIVIDUEL;BSK2606OF024673;2026-06-10;NON
INDIVIDUEL;BSK2606OF024674;2026-06-10;NON
INDIVIDUEL;BSK2606OF024675;2026-06-10;ÉCHOUÉ(poste indispo)
INDIVIDUEL;BSK2606OF024676;2026-06-10;ÉCHOUÉ(poste indispo)
INDIVIDUEL;BSK2606OF024677;2026-06-10;NON
INDIVIDUEL;BSK2606OF024678;2026-06-10;NON
INDIVIDUEL;BSK2606OF024679;2026-06-10;NON
INDIVIDUEL;BSK2606OF024680;2026-06-10;NON
INDIVIDUEL;BSK2606OF024681;2026-06-10;NON
INDIVIDUEL;BSK2606OF024682;2026-06-10;NON
INDIVIDUEL;BSK2606OF024683;2026-06-10;NON
INDIVIDUEL;BSK2606OF024684;2026-06-10;NON
INDIVIDUEL;BSK2606OF024685;2026-06-10;NON
INDIVIDUEL;BSK2606OF024686;2026-06-10;NON
INDIVIDUEL;BSK2606OF024687;2026-06-10;NON
INDIVIDUEL;BSK2606OF024688;2026-06-10;NON
INDIVIDUEL;BSK2606OF024689;2026-06-10;NON
INDIVIDUEL;BSK2606OF024690;2026-06-10;NON
INDIVIDUEL;BSK2606OF024691;2026-06-10;NON
INDIVIDUEL;BSK2606OF024692;2026-06-10;NON
INDIVIDUEL;BSK2606OF024693;2026-06-10;NON
INDIVIDUEL;BSK2606OF024694;2026-06-10;NON
INDIVIDUEL;BSK2606OF024695;2026-06-10;NON
INDIVIDUEL;BSK2606OF024696;2026-06-10;NON
INDIVIDUEL;BSK2606OF024697;2026-06-10;NON
INDIVIDUEL;BSK2606OF024698;2026-06-10;NON
INDIVIDUEL;BSK2606OF024699;2026-06-10;NON
INDIVIDUEL;BSK2606OF024700;2026-06-10;NON
INDIVIDUEL;BSK2606OF024701;2026-06-10;NON
INDIVIDUEL;BSK2606OF024702;2026-06-10;NON
INDIVIDUEL;BSK2606OF024703;2026-06-10;NON
INDIVIDUEL;BSK2606OF024704;2026-06-10;NON
INDIVIDUEL;BSK2606OF024705;2026-06-10;OUI
INDIVIDUEL;BSK2606OF024759;2026-06-10;ÉCHOUÉ(poste indispo)
INDIVIDUEL;BSK2606OF024760;2026-06-10;ÉCHOUÉ(poste indispo)
INDIVIDUEL;BSK2606OF024761;2026-06-10;ÉCHOUÉ(poste indispo)
INDIVIDUEL;BSK2606OF024762;2026-06-10;ÉCHOUÉ(poste indispo)
INDIVIDUEL;BSK2606OF024763;2026-06-10;ÉCHOUÉ(poste indispo)
INDIVIDUEL;BSK2606OF024764;2026-06-10;ÉCHOUÉ(poste indispo)
INDIVIDUEL;BSK2606OF024765;2026-06-10;ÉCHOUÉ(poste indispo)
INDIVIDUEL;BSK2606OF024766;2026-06-10;ÉCHOUÉ(poste indispo)
INDIVIDUEL;BSK2606OF024767;2026-06-10;OUI
INDIVIDUEL;BSK2606OF024768;2026-06-10;NON
INDIVIDUEL;BSK2606OF024769;2026-06-10;ÉCHOUÉ(poste indispo)
INDIVIDUEL;BSK2606OF024770;2026-06-10;ÉCHOUÉ(poste indispo)
INDIVIDUEL;BSK2606OF024771;2026-06-10;ÉCHOUÉ(poste indispo)
INDIVIDUEL;BSK2606OF024772;2026-06-10;ÉCHOUÉ(poste indispo)
INDIVIDUEL;BSK2606OF024773;2026-06-10;ÉCHOUÉ(poste indispo)
INDIVIDUEL;BSK2606OF024774;2026-06-10;ÉCHOUÉ(poste indispo)
INDIVIDUEL;BSK2606OF024775;2026-06-10;ÉCHOUÉ(poste indispo)
INDIVIDUEL;BSK2606OF024776;2026-06-10;ÉCHOUÉ(poste indispo)
INDIVIDUEL;BSK2606OF024777;2026-06-10;ÉCHOUÉ(poste indispo)
INDIVIDUEL;BSK2606OF024778;2026-06-10;ÉCHOUÉ(poste indispo)
INDIVIDUEL;BSK2606OF024779;2026-06-10;ÉCHOUÉ(poste indispo)
INDIVIDUEL;BSK2606OF024780;2026-06-10;ÉCHOUÉ(poste indispo)
INDIVIDUEL;BSK2606OF024781;2026-06-10;ÉCHOUÉ(poste indispo)
INDIVIDUEL;BSK2606OF024782;2026-06-10;ÉCHOUÉ(poste indispo)
INDIVIDUEL;BSK2606OF024783;2026-06-10;ÉCHOUÉ(poste indispo)
INDIVIDUEL;BSK2606OF024784;2026-06-10;ÉCHOUÉ(poste indispo)
INDIVIDUEL;BSK2606OF024785;2026-06-10;ÉCHOUÉ(poste indispo)
INDIVIDUEL;BSK2606OF024786;2026-06-10;ÉCHOUÉ(poste indispo)
INDIVIDUEL;BSK2606OF024787;2026-06-10;NON
INDIVIDUEL;BSK2606OF024788;2026-06-10;NON
INDIVIDUEL;BSK2606OF024789;2026-06-10;NON
INDIVIDUEL;BSK2606OF024790;2026-06-10;NON
INDIVIDUEL;BSK2606OF024791;2026-06-10;NON
INDIVIDUEL;BSK2606OF024792;2026-06-10;NON
INDIVIDUEL;BSK2606OF024793;2026-06-10;ÉCHOUÉ(poste indispo)
INDIVIDUEL;BSK2606OF024794;2026-06-10;ÉCHOUÉ(poste indispo)
INDIVIDUEL;BSK2606OF024795;2026-06-10;ÉCHOUÉ(poste indispo)
INDIVIDUEL;BSK2606OF024796;2026-06-10;ÉCHOUÉ(poste indispo)
INDIVIDUEL;BSK2606OF024797;2026-06-10;ÉCHOUÉ(poste indispo)
INDIVIDUEL;BSK2606OF024798;2026-06-10;ÉCHOUÉ(poste indispo)
INDIVIDUEL;BSK2606OF024799;2026-06-10;ÉCHOUÉ(poste indispo)
INDIVIDUEL;BSK2606OF024800;2026-06-10;ÉCHOUÉ(poste indispo)
INDIVIDUEL;BSK2606OF024801;2026-06-10;ÉCHOUÉ(poste indispo)
INDIVIDUEL;BSK2606OF024802;2026-06-10;ÉCHOUÉ(poste indispo)
INDIVIDUEL;BSK2606OF024803;2026-06-10;ÉCHOUÉ(poste indispo)
INDIVIDUEL;BSK2606OF024804;2026-06-10;ÉCHOUÉ(poste indispo)
INDIVIDUEL;BSK2606OF024805;2026-06-10;ÉCHOUÉ(poste indispo)
INDIVIDUEL;BSK2606OF024806;2026-06-10;ÉCHOUÉ(poste indispo)
INDIVIDUEL;BSK2606OF024807;2026-06-10;ÉCHOUÉ(poste indispo)
INDIVIDUEL;BSK2606OF024808;2026-06-10;ÉCHOUÉ(poste indispo)
INDIVIDUEL;BSK2606OF024809;2026-06-10;ÉCHOUÉ(poste indispo)
INDIVIDUEL;BSK2606OF024810;2026-06-10;ÉCHOUÉ(poste indispo)
INDIVIDUEL;BSK2606OF024811;2026-06-10;ÉCHOUÉ(poste indispo)
INDIVIDUEL;BSK2606OF024812;2026-06-10;ÉCHOUÉ(poste indispo)
INDIVIDUEL;BSK2606OF024813;2026-06-10;ÉCHOUÉ(poste indispo)
INDIVIDUEL;BSK2606OF024814;2026-06-10;ÉCHOUÉ(poste indispo)
INDIVIDUEL;BSK2606OF024815;2026-06-10;ÉCHOUÉ(poste indispo)
INDIVIDUEL;BSK2606OF024816;2026-06-10;ÉCHOUÉ(poste indispo)
INDIVIDUEL;BSK2606OF024817;2026-06-10;ÉCHOUÉ(poste indispo)
INDIVIDUEL;BSK2606OF024818;2026-06-10;ÉCHOUÉ(poste indispo)
INDIVIDUEL;BSK2606OF024819;2026-06-10;ÉCHOUÉ(poste indispo)
INDIVIDUEL;BSK2606OF024820;2026-06-10;ÉCHOUÉ(poste indispo)
INDIVIDUEL;BSK2606OF024821;2026-06-10;ÉCHOUÉ(poste indispo)
INDIVIDUEL;BSK2606OF024822;2026-06-10;ÉCHOUÉ(poste indispo)
INDIVIDUEL;BSK2606OF024823;2026-06-10;ÉCHOUÉ(poste indispo)
INDIVIDUEL;BSK2606OF024824;2026-06-10;ÉCHOUÉ(poste indispo)
INDIVIDUEL;BSK2606OF024825;2026-06-10;ÉCHOUÉ(poste indispo)
INDIVIDUEL;BSK2606OF024826;2026-06-10;ÉCHOUÉ(poste indispo)
INDIVIDUEL;BSK2606OF024827;2026-06-10;ÉCHOUÉ(poste indispo)
INDIVIDUEL;BSK2606OF024840;2026-06-10;OUI
INDIVIDUEL;BSK2606OF024841;2026-06-10;OUI
INDIVIDUEL;BSK2606OF024842;2026-06-10;OUI
INDIVIDUEL;BSK2606OF024843;2026-06-10;OUI
INDIVIDUEL;BSK2606OF024845;2026-06-10;OUI
INDIVIDUEL;BSK2606OF024846;2026-06-10;NON
INDIVIDUEL;BSK2606OF024847;2026-06-10;OUI
INDIVIDUEL;BSK2606OF024848;2026-06-10;ÉCHOUÉ(poste indispo)
INDIVIDUEL;BSK2606OF024849;2026-06-10;ÉCHOUÉ(poste indispo)
INDIVIDUEL;BSK2606OF024850;2026-06-10;ÉCHOUÉ(poste indispo)
INDIVIDUEL;BSK2606OF024851;2026-06-10;ÉCHOUÉ(poste indispo)
INDIVIDUEL;BSK2606OF024852;2026-06-10;ÉCHOUÉ(poste indispo)
INDIVIDUEL;BSK2606OF024853;2026-06-10;OUI
INDIVIDUEL;BSK2606OF024854;2026-06-10;NON
INDIVIDUEL;BSK2606OF024855;2026-06-10;NON
INDIVIDUEL;BSK2606OF024856;2026-06-10;NON
INDIVIDUEL;BSK2606OF024857;2026-06-10;ÉCHOUÉ(poste indispo)
INDIVIDUEL;BSK2606OF024858;2026-06-10;ÉCHOUÉ(poste indispo)
INDIVIDUEL;BSK2606OF024859;2026-06-10;ÉCHOUÉ(poste indispo)
INDIVIDUEL;BSK2606OF024860;2026-06-10;ÉCHOUÉ(poste indispo)
INDIVIDUEL;BSK2606OF024861;2026-06-10;OUI
INDIVIDUEL;BSK2606OF024862;2026-06-10;ÉCHOUÉ(poste indispo)
INDIVIDUEL;BSK2606OF024863;2026-06-10;ÉCHOUÉ(poste indispo)
INDIVIDUEL;BSK2606OF024864;2026-06-10;ÉCHOUÉ(poste indispo)
INDIVIDUEL;BSK2606OF024865;2026-06-10;ÉCHOUÉ(poste indispo)
INDIVIDUEL;BSK2606OF024866;2026-06-10;ÉCHOUÉ(poste indispo)
INDIVIDUEL;BSK2606OF024867;2026-06-10;ÉCHOUÉ(poste indispo)
INDIVIDUEL;BSK2606OF024868;2026-06-10;ÉCHOUÉ(poste indispo)
INDIVIDUEL;BSK2606OF024869;2026-06-10;ÉCHOUÉ(poste indispo)
INDIVIDUEL;BSK2606OF024870;2026-06-10;ÉCHOUÉ(poste indispo)
INDIVIDUEL;BSK2606OF024871;2026-06-10;ÉCHOUÉ(poste indispo)
INDIVIDUEL;BSK2606OF024872;2026-06-10;ÉCHOUÉ(poste indispo)
INDIVIDUEL;BSK2606OF024873;2026-06-10;ÉCHOUÉ(poste indispo)
INDIVIDUEL;BSK2606OF024874;2026-06-10;ÉCHOUÉ(poste indispo)
INDIVIDUEL;BSK2606OF024875;2026-06-10;ÉCHOUÉ(poste indispo)
INDIVIDUEL;BSK2606OF024876;2026-06-10;ÉCHOUÉ(poste indispo)
INDIVIDUEL;BSK2606OF024877;2026-06-10;ÉCHOUÉ(poste indispo)
INDIVIDUEL;BSK2606OF024878;2026-06-10;ÉCHOUÉ(poste indispo)
INDIVIDUEL;BSK2606OF024879;2026-06-10;ÉCHOUÉ(poste indispo)
INDIVIDUEL;BSK2606OF024880;2026-06-10;ÉCHOUÉ(poste indispo)
INDIVIDUEL;BSK2606OF024881;2026-06-10;ÉCHOUÉ(poste indispo)
INDIVIDUEL;BSK2606OF024882;2026-06-10;ÉCHOUÉ(poste indispo)
INDIVIDUEL;BSK2606OF024883;2026-06-10;ÉCHOUÉ(poste indispo)
INDIVIDUEL;BSK2606OF024884;2026-06-10;ÉCHOUÉ(poste indispo)
INDIVIDUEL;BSK2606OF024885;2026-06-10;ÉCHOUÉ(poste indispo)
INDIVIDUEL;BSK2606OF024886;2026-06-10;ÉCHOUÉ(poste indispo)
INDIVIDUEL;BSK2606OF024887;2026-06-10;ÉCHOUÉ(poste indispo)
INDIVIDUEL;BSK2606OF024888;2026-06-10;ÉCHOUÉ(poste indispo)
INDIVIDUEL;BSK2606OF024889;2026-06-10;ÉCHOUÉ(poste indispo)
INDIVIDUEL;BSK2606OF024890;2026-06-10;ÉCHOUÉ(poste indispo)
INDIVIDUEL;BSK2606OF024891;2026-06-10;ÉCHOUÉ(poste indispo)
INDIVIDUEL;BSK2606OF024892;2026-06-10;ÉCHOUÉ(poste indispo)
INDIVIDUEL;BSK2606OF024893;2026-06-10;ÉCHOUÉ(poste indispo)
INDIVIDUEL;BSK2606OF024894;2026-06-10;ÉCHOUÉ(poste indispo)
INDIVIDUEL;BSK2606OF024895;2026-06-10;ÉCHOUÉ(poste indispo)
INDIVIDUEL;BSK2606OF024896;2026-06-10;ÉCHOUÉ(poste indispo)
INDIVIDUEL;BSK2606OF024897;2026-06-10;ÉCHOUÉ(poste indispo)
INDIVIDUEL;BSK2606OF024898;2026-06-10;ÉCHOUÉ(poste indispo)
INDIVIDUEL;BSK2606OF024899;2026-06-10;ÉCHOUÉ(poste indispo)
INDIVIDUEL;BSK2606OF024900;2026-06-10;ÉCHOUÉ(poste indispo)
INDIVIDUEL;BSK2606OF024901;2026-06-10;ÉCHOUÉ(poste indispo)
INDIVIDUEL;BSK2606OF024902;2026-06-10;ÉCHOUÉ(poste indispo)
INDIVIDUEL;BSK2606OF024903;2026-06-10;ÉCHOUÉ(poste indispo)
INDIVIDUEL;BSK2606OF024904;2026-06-10;ÉCHOUÉ(poste indispo)
INDIVIDUEL;BSK2606OF024905;2026-06-10;ÉCHOUÉ(poste indispo)
INDIVIDUEL;BSK2606OF024906;2026-06-10;ÉCHOUÉ(poste indispo)
INDIVIDUEL;BSK2606OF024907;2026-06-10;ÉCHOUÉ(poste indispo)
INDIVIDUEL;BSK2606OF024908;2026-06-10;ÉCHOUÉ(poste indispo)
INDIVIDUEL;BSK2606OF024909;2026-06-10;ÉCHOUÉ(poste indispo)
INDIVIDUEL;BSK2606OF024910;2026-06-10;ÉCHOUÉ(poste indispo)
INDIVIDUEL;BSK2606OF024911;2026-06-10;ÉCHOUÉ(poste indispo)
INDIVIDUEL;BSK2606OF024912;2026-06-10;ÉCHOUÉ(poste indispo)
INDIVIDUEL;BSK2606OF024913;2026-06-10;ÉCHOUÉ(poste indispo)
INDIVIDUEL;BSK2606OF024914;2026-06-10;ÉCHOUÉ(poste indispo)
INDIVIDUEL;BSK2606OF024915;2026-06-10;ÉCHOUÉ(poste indispo)
INDIVIDUEL;BSK2606OF024916;2026-06-10;ÉCHOUÉ(poste indispo)
INDIVIDUEL;BSK2606OF024917;2026-06-10;ÉCHOUÉ(poste indispo)
INDIVIDUEL;BSK2606OF024918;2026-06-10;ÉCHOUÉ(poste indispo)
INDIVIDUEL;BSK2606OF024919;2026-06-10;ÉCHOUÉ(poste indispo)
INDIVIDUEL;BSK2606OF024920;2026-06-10;ÉCHOUÉ(poste indispo)
INDIVIDUEL;BSK2606OF024921;2026-06-10;ÉCHOUÉ(poste indispo)
INDIVIDUEL;BSK2606OF024922;2026-06-10;ÉCHOUÉ(poste indispo)
INDIVIDUEL;BSK2606OF024923;2026-06-10;ÉCHOUÉ(poste indispo)
INDIVIDUEL;BSK2606OF024924;2026-06-10;ÉCHOUÉ(poste indispo)
INDIVIDUEL;BSK2606OF024925;2026-06-10;ÉCHOUÉ(poste indispo)
INDIVIDUEL;BSK2606OF024926;2026-06-10;ÉCHOUÉ(poste indispo)
INDIVIDUEL;BSK2606OF024927;2026-06-10;ÉCHOUÉ(poste indispo)
INDIVIDUEL;BSK2606OF024928;2026-06-10;ÉCHOUÉ(poste indispo)
INDIVIDUEL;BSK2606OF024929;2026-06-10;ÉCHOUÉ(poste indispo)
INDIVIDUEL;BSK2606OF024930;2026-06-10;ÉCHOUÉ(poste indispo)
INDIVIDUEL;BSK2606OF024931;2026-06-10;ÉCHOUÉ(poste indispo)
INDIVIDUEL;BSK2606OF024932;2026-06-10;ÉCHOUÉ(poste indispo)
INDIVIDUEL;BSK2606OF024933;2026-06-10;ÉCHOUÉ(poste indispo)
INDIVIDUEL;BSK2606OF024934;2026-06-10;ÉCHOUÉ(poste indispo)
INDIVIDUEL;BSK2606OF024935;2026-06-10;ÉCHOUÉ(poste indispo)
INDIVIDUEL;BSK2606OF024936;2026-06-10;ÉCHOUÉ(poste indispo)
INDIVIDUEL;BSK2606OF024937;2026-06-10;OUI
INDIVIDUEL;BSK2606OF024938;2026-06-10;ÉCHOUÉ(poste indispo)
INDIVIDUEL;BSK2606OF024939;2026-06-10;ÉCHOUÉ(poste indispo)
INDIVIDUEL;BSK2606OF024940;2026-06-10;ÉCHOUÉ(poste indispo)
INDIVIDUEL;BSK2606OF024949;2026-06-10;NON
INDIVIDUEL;BSK2606OF024950;2026-06-10;ÉCHOUÉ(poste indispo)
INDIVIDUEL;BSK2606OF024951;2026-06-10;ÉCHOUÉ(poste indispo)
INDIVIDUEL;BSK2606OF024952;2026-06-10;ÉCHOUÉ(poste indispo)
INDIVIDUEL;BSK2606OF024953;2026-06-10;ÉCHOUÉ(poste indispo)
INDIVIDUEL;BSK2606OF024954;2026-06-10;ÉCHOUÉ(poste indispo)
INDIVIDUEL;BSK2606OF024955;2026-06-10;ÉCHOUÉ(poste indispo)
INDIVIDUEL;BSK2606OF024956;2026-06-10;ÉCHOUÉ(poste indispo)
INDIVIDUEL;BSK2606OF024957;2026-06-10;ÉCHOUÉ(poste indispo)
INDIVIDUEL;BSK2606OF024958;2026-06-10;ÉCHOUÉ(poste indispo)
INDIVIDUEL;BSK2606OF024959;2026-06-10;ÉCHOUÉ(poste indispo)
INDIVIDUEL;BSK2606OF024960;2026-06-10;ÉCHOUÉ(poste indispo)
INDIVIDUEL;BSK2606OF024961;2026-06-10;ÉCHOUÉ(poste indispo)
INDIVIDUEL;BSK2606OF024962;2026-06-10;ÉCHOUÉ(poste indispo)
INDIVIDUEL;BSK2606OF025037;2026-06-10;NON
INDIVIDUEL;BSK2606OF025038;2026-06-10;NON
INDIVIDUEL;BSK2606OF025039;2026-06-10;NON
INDIVIDUEL;BSK2606OF025040;2026-06-10;NON
INDIVIDUEL;BSK2606OF025107;2026-06-10;NON
INDIVIDUEL;BSK2606OF025108;2026-06-10;NON
INDIVIDUEL;BSK2606OF025109;2026-06-10;NON
INDIVIDUEL;BSK2606OF025110;2026-06-10;NON
INDIVIDUEL;BSK2606OF025111;2026-06-10;NON
INDIVIDUEL;BSK2606OF025112;2026-06-10;NON
INDIVIDUEL;BSK2606OF025113;2026-06-10;NON
INDIVIDUEL;BSK2606OF025114;2026-06-10;NON
INDIVIDUEL;BSK2606OF025115;2026-06-10;NON
INDIVIDUEL;BSK2606OF025116;2026-06-10;NON
INDIVIDUEL;BSK2606OF025117;2026-06-10;NON
INDIVIDUEL;BSK2606OF025118;2026-06-10;NON
INDIVIDUEL;BSK2606OF025119;2026-06-10;NON
INDIVIDUEL;BSK2606OF025120;2026-06-10;NON
INDIVIDUEL;BSK2606OF025121;2026-06-10;NON
INDIVIDUEL;BSK2606OF025122;2026-06-10;NON
INDIVIDUEL;BSK2606OF025123;2026-06-10;NON
INDIVIDUEL;BSK2606OF025124;2026-06-10;NON
INDIVIDUEL;BSK2606OF025125;2026-06-10;NON
INDIVIDUEL;BSK2606OF025126;2026-06-10;NON
INDIVIDUEL;BSK2606OF025127;2026-06-10;NON
INDIVIDUEL;BSK2606OF025128;2026-06-10;NON
INDIVIDUEL;BSK2606OF025129;2026-06-10;NON
INDIVIDUEL;BSK2606OF025130;2026-06-10;NON
INDIVIDUEL;BSK2606OF025131;2026-06-10;NON
INDIVIDUEL;BSK2606OF025132;2026-06-10;NON
INDIVIDUEL;BSK2606OF025133;2026-06-10;NON
INDIVIDUEL;BSK2606OF025134;2026-06-10;NON
INDIVIDUEL;BSK2606OF025135;2026-06-10;NON
INDIVIDUEL;BSK2606OF025136;2026-06-10;OUI
INDIVIDUEL;BSK2606OF025156;2026-06-10;OUI
INDIVIDUEL;BSK2606OF025157;2026-06-10;OUI
INDIVIDUEL;BSK2606OF025158;2026-06-10;OUI
INDIVIDUEL;BSK2606OF025159;2026-06-10;OUI
INDIVIDUEL;BSK2606OF025160;2026-06-10;OUI
INDIVIDUEL;BSK2606OF025174;2026-06-10;NON
INDIVIDUEL;BSK2606OF025175;2026-06-10;NON
INDIVIDUEL;BSK2606OF025176;2026-06-10;NON
INDIVIDUEL;BSK2606OF025177;2026-06-10;NON
INDIVIDUEL;BSK2606OF025187;2026-06-10;NON
INDIVIDUEL;BSK2606OF025188;2026-06-10;NON
INDIVIDUEL;BSK2606OF025198;2026-06-10;NON
INDIVIDUEL;BSK2606OF025199;2026-06-10;NON
INDIVIDUEL;BSK2606OF025200;2026-06-10;NON
INDIVIDUEL;BSK2606OF025212;2026-06-10;OUI
INDIVIDUEL;BSK2606OF025213;2026-06-10;OUI
INDIVIDUEL;BSK2606OF025223;2026-06-10;OUI
INDIVIDUEL;BSK2606OF025224;2026-06-10;OUI
INDIVIDUEL;BSK2606OF025225;2026-06-10;OUI
INDIVIDUEL;BSK2606OF025226;2026-06-10;OUI
INDIVIDUEL;BSK2606OF025227;2026-06-10;OUI
INDIVIDUEL;BSK2606OF025246;2026-06-10;OUI
INDIVIDUEL;BSK2606OF025247;2026-06-10;OUI
INDIVIDUEL;BSK2606OF025248;2026-06-10;OUI
INDIVIDUEL;BSK2606OF025249;2026-06-10;OUI
INDIVIDUEL;BSK2606OF025250;2026-06-10;OUI
INDIVIDUEL;BSK2606OF025258;2026-06-10;ÉCHOUÉ(poste indispo)
INDIVIDUEL;BSK2606OF025259;2026-06-10;ÉCHOUÉ(poste indispo)
INDIVIDUEL;BSK2606OF025260;2026-06-10;ÉCHOUÉ(poste indispo)
INDIVIDUEL;BSK2606OF025261;2026-06-10;ÉCHOUÉ(poste indispo)
INDIVIDUEL;BSK2606OF025262;2026-06-10;OUI
INDIVIDUEL;BSK2606OF025263;2026-06-10;OUI
INDIVIDUEL;BSK2606OF025264;2026-06-10;OUI
INDIVIDUEL;BSK2606OF025265;2026-06-10;OUI
INDIVIDUEL;BSK2606OF025266;2026-06-10;OUI
INDIVIDUEL;BSK2606OF025267;2026-06-10;OUI
INDIVIDUEL;BSK2606OF025268;2026-06-10;OUI
INDIVIDUEL;BSK2606OF025269;2026-06-10;OUI
INDIVIDUEL;BSK2606OF025270;2026-06-10;OUI
INDIVIDUEL;BSK2606OF025271;2026-06-10;OUI
INDIVIDUEL;BSK2606OF025272;2026-06-10;OUI
INDIVIDUEL;BSK2606OF025273;2026-06-10;NON
INDIVIDUEL;BSK2606OF025274;2026-06-10;NON
INDIVIDUEL;BSK2606OF025275;2026-06-10;NON
INDIVIDUEL;BSK2606OF025276;2026-06-10;NON
INDIVIDUEL;BSK2606OF025277;2026-06-10;NON
INDIVIDUEL;BSK2606OF025278;2026-06-10;NON
INDIVIDUEL;BSK2606OF025279;2026-06-10;NON
INDIVIDUEL;BSK2606OF025280;2026-06-10;NON
INDIVIDUEL;BSK2606OF025281;2026-06-10;NON
INDIVIDUEL;BSK2606OF025282;2026-06-10;NON
INDIVIDUEL;BSK2606OF025283;2026-06-10;NON
INDIVIDUEL;BSK2606OF025284;2026-06-10;NON
INDIVIDUEL;BSK2606OF025285;2026-06-10;NON
INDIVIDUEL;BSK2606OF025286;2026-06-10;NON
INDIVIDUEL;BSK2606OF025287;2026-06-10;NON
INDIVIDUEL;BSK2606OF025288;2026-06-10;NON
INDIVIDUEL;BSK2606OF025289;2026-06-10;NON
INDIVIDUEL;BSK2606OF025290;2026-06-10;NON
INDIVIDUEL;BSK2606OF025291;2026-06-10;NON
INDIVIDUEL;BSK2606OF025292;2026-06-10;NON
INDIVIDUEL;BSK2606OF025293;2026-06-10;NON
INDIVIDUEL;BSK2606OF025294;2026-06-10;NON
INDIVIDUEL;BSK2606OF025295;2026-06-10;NON
INDIVIDUEL;BSK2606OF025296;2026-06-10;NON
INDIVIDUEL;BSK2606OF025297;2026-06-10;NON
INDIVIDUEL;BSK2606OF025298;2026-06-10;NON
INDIVIDUEL;BSK2606OF025299;2026-06-10;NON
INDIVIDUEL;BSK2606OF025300;2026-06-10;NON
INDIVIDUEL;BSK2606OF025301;2026-06-10;NON
INDIVIDUEL;BSK2606OF025302;2026-06-10;NON
INDIVIDUEL;BSK2606OF025303;2026-06-10;NON
INDIVIDUEL;BSK2606OF025304;2026-06-10;NON
INDIVIDUEL;BSK2606OF025305;2026-06-10;NON
INDIVIDUEL;BSK2606OF025306;2026-06-10;OUI
INDIVIDUEL;BSK2606OF025307;2026-06-10;OUI
INDIVIDUEL;BSK2606OF025308;2026-06-10;OUI
INDIVIDUEL;BSK2606OF025309;2026-06-10;OUI
INDIVIDUEL;BSK2606OF025310;2026-06-10;OUI
INDIVIDUEL;BSK2606OF025311;2026-06-10;OUI
INDIVIDUEL;BSK2606OF025312;2026-06-10;OUI
INDIVIDUEL;BSK2606OF025313;2026-06-10;OUI
INDIVIDUEL;BSK2606OF025314;2026-06-10;OUI
INDIVIDUEL;BSK2606OF025315;2026-06-10;OUI
INDIVIDUEL;BSK2606OF025316;2026-06-10;OUI
INDIVIDUEL;BSK2606OF025317;2026-06-10;OUI
INDIVIDUEL;BSK2606OF025318;2026-06-10;NON
INDIVIDUEL;BSK2606OF025319;2026-06-10;NON
INDIVIDUEL;BSK2606OF025320;2026-06-10;NON
INDIVIDUEL;BSK2606OF025321;2026-06-10;NON
INDIVIDUEL;BSK2606OF025322;2026-06-10;NON
INDIVIDUEL;BSK2606OF025323;2026-06-10;NON
INDIVIDUEL;BSK2606OF025324;2026-06-10;NON
INDIVIDUEL;BSK2606OF025325;2026-06-10;NON
INDIVIDUEL;BSK2606OF025326;2026-06-10;NON
INDIVIDUEL;BSK2606OF025327;2026-06-10;NON
INDIVIDUEL;BSK2606OF025328;2026-06-10;NON
INDIVIDUEL;BSK2606OF025329;2026-06-10;NON
INDIVIDUEL;BSK2606OF025330;2026-06-10;NON
INDIVIDUEL;BSK2606OF025331;2026-06-10;NON
INDIVIDUEL;BSK2606OF025332;2026-06-10;NON
INDIVIDUEL;BSK2606OF025333;2026-06-10;NON
INDIVIDUEL;BSK2606OF025334;2026-06-10;NON
INDIVIDUEL;BSK2606OF025335;2026-06-10;NON
INDIVIDUEL;BSK2606OF025336;2026-06-10;NON
INDIVIDUEL;BSK2606OF025337;2026-06-10;NON
INDIVIDUEL;BSK2606OF025338;2026-06-10;NON
INDIVIDUEL;BSK2606OF025339;2026-06-10;NON
INDIVIDUEL;BSK2606OF025340;2026-06-10;NON
INDIVIDUEL;BSK2606OF025341;2026-06-10;NON
INDIVIDUEL;BSK2606OF025342;2026-06-10;NON
INDIVIDUEL;BSK2606OF025343;2026-06-10;NON
INDIVIDUEL;BSK2606OF025344;2026-06-10;NON
INDIVIDUEL;BSK2606OF025345;2026-06-10;NON
INDIVIDUEL;BSK2606OF025346;2026-06-10;NON
INDIVIDUEL;BSK2606OF025347;2026-06-10;NON
INDIVIDUEL;BSK2606OF025348;2026-06-10;NON
INDIVIDUEL;BSK2606OF025349;2026-06-10;NON
INDIVIDUEL;BSK2606OF025350;2026-06-10;NON
INDIVIDUEL;BSK2606OF025351;2026-06-10;NON
INDIVIDUEL;BSK2606OF025352;2026-06-10;NON
INDIVIDUEL;BSK2606OF025353;2026-06-10;NON
INDIVIDUEL;BSK2606OF025354;2026-06-10;NON
INDIVIDUEL;BSK2606OF025355;2026-06-10;NON
INDIVIDUEL;BSK2606OF025356;2026-06-10;OUI
INDIVIDUEL;BSK2606OF025357;2026-06-10;OUI
INDIVIDUEL;BSK2606OF025358;2026-06-10;OUI
INDIVIDUEL;BSK2606OF025359;2026-06-10;OUI
INDIVIDUEL;BSK2606OF025360;2026-06-10;OUI
INDIVIDUEL;BSK2606OF025361;2026-06-10;NON
INDIVIDUEL;BSK2606OF025362;2026-06-10;NON
INDIVIDUEL;BSK2606OF025363;2026-06-10;NON
INDIVIDUEL;BSK2606OF025364;2026-06-10;NON
INDIVIDUEL;BSK2606OF025365;2026-06-10;NON
INDIVIDUEL;BSK2606OF025366;2026-06-10;NON
INDIVIDUEL;BSK2606OF025367;2026-06-10;NON
INDIVIDUEL;BSK2606OF025368;2026-06-10;NON
INDIVIDUEL;BSK2606OF025369;2026-06-10;NON
INDIVIDUEL;BSK2606OF025397;2026-06-10;ÉCHOUÉ(poste indispo)
INDIVIDUEL;BSK2606OF025398;2026-06-10;ÉCHOUÉ(poste indispo)
INDIVIDUEL;BSK2606OF025399;2026-06-10;ÉCHOUÉ(poste indispo)
INDIVIDUEL;BSK2606OF025400;2026-06-10;ÉCHOUÉ(poste indispo)
INDIVIDUEL;BSK2606OF025401;2026-06-10;ÉCHOUÉ(poste indispo)
INDIVIDUEL;BSK2606OF025419;2026-06-10;ÉCHOUÉ(poste indispo)
INDIVIDUEL;BSK2606OF025420;2026-06-10;ÉCHOUÉ(poste indispo)
INDIVIDUEL;BSK2606OF025421;2026-06-10;ÉCHOUÉ(poste indispo)
INDIVIDUEL;BSK2606OF025422;2026-06-10;ÉCHOUÉ(poste indispo)
INDIVIDUEL;BSK2606OF025423;2026-06-10;ÉCHOUÉ(poste indispo)
INDIVIDUEL;BSK2606OF025620;2026-06-10;NON
INDIVIDUEL;BSK2606OF025621;2026-06-10;NON
INDIVIDUEL;BSK2606OF025622;2026-06-10;NON
INDIVIDUEL;BSK2606OF025623;2026-06-10;OUI
INDIVIDUEL;BSK2606OF025624;2026-06-10;OUI
INDIVIDUEL;BSK2606OF025049;2026-06-15;NON
INDIVIDUEL;BSK2606OF025050;2026-06-15;NON
INDIVIDUEL;BSK2606OF025051;2026-06-15;NON
INDIVIDUEL;BSK2606OF025208;2026-06-15;NON
INDIVIDUEL;BSK2606OF025242;2026-06-15;NON
INDIVIDUEL;BSK2606OF025243;2026-06-15;NON
INDIVIDUEL;BSK2606OF025244;2026-06-15;NON
INDIVIDUEL;BSK2606OF025245;2026-06-15;NON
INDIVIDUEL;BSK2606OF025628;2026-06-23;ÉCHOUÉ(poste indispo)
INDIVIDUEL;BSK2606OF025629;2026-06-23;ÉCHOUÉ(poste indispo)
INDIVIDUEL;BSK2606OF025630;2026-06-23;ÉCHOUÉ(poste indispo)
INDIVIDUEL;BSK2606OF025631;2026-06-23;ÉCHOUÉ(poste indispo)
INDIVIDUEL;BSK2606OF025632;2026-06-23;ÉCHOUÉ(poste indispo)
INDIVIDUEL;BSK2606OF025633;2026-06-23;ÉCHOUÉ(poste indispo)
INDIVIDUEL;BSK2606OF025634;2026-06-23;ÉCHOUÉ(poste indispo)
INDIVIDUEL;BSK2606OF025635;2026-06-23;ÉCHOUÉ(poste indispo)
INDIVIDUEL;BSK2606OF025636;2026-06-23;ÉCHOUÉ(poste indispo)
INDIVIDUEL;BSK2606OF025647;2026-06-23;ÉCHOUÉ(poste indispo)
INDIVIDUEL;BSK2606OF025648;2026-06-23;ÉCHOUÉ(poste indispo)
INDIVIDUEL;BSK2606OF025649;2026-06-23;ÉCHOUÉ(poste indispo)
INDIVIDUEL;BSK2606OF025650;2026-06-23;ÉCHOUÉ(poste indispo)
INDIVIDUEL;BSK2606OF025651;2026-06-23;ÉCHOUÉ(poste indispo)
INDIVIDUEL;BSK2606OF025652;2026-06-23;ÉCHOUÉ(poste indispo)
INDIVIDUEL;BSK2606OF025653;2026-06-23;ÉCHOUÉ(poste indispo)
INDIVIDUEL;BSK2606OF025654;2026-06-23;ÉCHOUÉ(poste indispo)
INDIVIDUEL;BSK2606OF025655;2026-06-23;ÉCHOUÉ(poste indispo)
INDIVIDUEL;BSK2606OF025656;2026-06-23;ÉCHOUÉ(poste indispo)
INDIVIDUEL;BSK2606OF025657;2026-06-23;ÉCHOUÉ(poste indispo)
INDIVIDUEL;BSK2606OF025658;2026-06-23;ÉCHOUÉ(poste indispo)
INDIVIDUEL;BSK2606OF024527;2026-06-24;NON
INDIVIDUEL;BSK2606OF024528;2026-06-24;NON
INDIVIDUEL;BSK2606OF024529;2026-06-24;NON
INDIVIDUEL;BSK2606OF024538;2026-06-24;NON
INDIVIDUEL;BSK2606OF024672;2026-06-24;NON
INDIVIDUEL;BSK2606OF025005;2026-06-24;NON
INDIVIDUEL;BSK2606OF025006;2026-06-24;NON
INDIVIDUEL;BSK2606OF025007;2026-06-24;NON
INDIVIDUEL;BSK2606OF025008;2026-06-24;NON
INDIVIDUEL;BSK2606OF025009;2026-06-24;NON
INDIVIDUEL;BSK2606OF025010;2026-06-24;NON
INDIVIDUEL;BSK2606OF025011;2026-06-24;NON
INDIVIDUEL;BSK2606OF025012;2026-06-24;NON
INDIVIDUEL;BSK2606OF025013;2026-06-24;NON
INDIVIDUEL;BSK2606OF025014;2026-06-24;NON
INDIVIDUEL;BSK2606OF025015;2026-06-24;NON
INDIVIDUEL;BSK2606OF025016;2026-06-24;NON
INDIVIDUEL;BSK2606OF025017;2026-06-24;NON
INDIVIDUEL;BSK2606OF025018;2026-06-24;NON
INDIVIDUEL;BSK2606OF025019;2026-06-24;NON
INDIVIDUEL;BSK2606OF025020;2026-06-24;NON
INDIVIDUEL;BSK2606OF025021;2026-06-24;NON
INDIVIDUEL;BSK2606OF025022;2026-06-24;NON
INDIVIDUEL;BSK2606OF025023;2026-06-24;NON
INDIVIDUEL;BSK2606OF025024;2026-06-24;NON
INDIVIDUEL;BSK2606OF025025;2026-06-24;NON
INDIVIDUEL;BSK2606OF025026;2026-06-24;NON
INDIVIDUEL;BSK2606OF025027;2026-06-24;NON
INDIVIDUEL;BSK2606OF025028;2026-06-24;NON
INDIVIDUEL;BSK2606OF025029;2026-06-24;NON
INDIVIDUEL;BSK2606OF025030;2026-06-24;NON
INDIVIDUEL;BSK2606OF025031;2026-06-24;NON
INDIVIDUEL;BSK2606OF025032;2026-06-24;NON
INDIVIDUEL;BSK2606OF025033;2026-06-24;NON
INDIVIDUEL;BSK2606OF025034;2026-06-24;NON
INDIVIDUEL;BSK2606OF025035;2026-06-24;NON
INDIVIDUEL;BSK2606OF025036;2026-06-24;NON
INDIVIDUEL;BSK2606OF025048;2026-06-24;NON
INDIVIDUEL;BSK2606OF025089;2026-06-24;OUI
INDIVIDUEL;BSK2606OF025090;2026-06-24;OUI
INDIVIDUEL;BSK2606OF025091;2026-06-24;OUI
INDIVIDUEL;BSK2606OF025092;2026-06-24;OUI
INDIVIDUEL;BSK2606OF025106;2026-06-24;NON
INDIVIDUEL;BSK2606OF025214;2026-06-24;OUI
INDIVIDUEL;BSK2606OF025215;2026-06-24;OUI
INDIVIDUEL;BSK2606OF025216;2026-06-24;OUI
INDIVIDUEL;BSK2606OF025217;2026-06-24;OUI
INDIVIDUEL;BSK2606OF025218;2026-06-24;OUI
INDIVIDUEL;BSK2606OF025219;2026-06-24;OUI
INDIVIDUEL;BSK2606OF025220;2026-06-24;OUI
INDIVIDUEL;BSK2606OF025221;2026-06-24;OUI
INDIVIDUEL;BSK2606OF025402;2026-06-24;NON
INDIVIDUEL;BSK2606OF025403;2026-06-24;NON
GRP105;BSK2606OF024828;2026-07-01;ÉCHOUÉ(poste indispo)
GRP105;BSK2606OF024829;2026-07-01;ÉCHOUÉ(poste indispo)
GRP105;BSK2606OF024830;2026-07-01;ÉCHOUÉ(poste indispo)
GRP105;BSK2606OF024831;2026-07-01;ÉCHOUÉ(poste indispo)
GRP105;BSK2606OF024832;2026-07-01;ÉCHOUÉ(poste indispo)
GRP105;BSK2606OF024833;2026-07-01;ÉCHOUÉ(poste indispo)
GRP105;BSK2606OF024834;2026-07-01;ÉCHOUÉ(poste indispo)
GRP105;BSK2606OF024835;2026-07-01;ÉCHOUÉ(poste indispo)
GRP105;BSK2606OF024836;2026-07-01;ÉCHOUÉ(poste indispo)
GRP105;BSK2606OF024837;2026-07-01;ÉCHOUÉ(poste indispo)
GRP105;BSK2606OF024838;2026-07-01;ÉCHOUÉ(poste indispo)
GRP105;BSK2606OF024839;2026-07-01;ÉCHOUÉ(poste indispo)
GRP105;BSK2606OF024148;2026-07-13;ÉCHOUÉ(stock insuffisant)
GRP105;BSK2606OF024149;2026-07-13;ÉCHOUÉ(stock insuffisant)
GRP105;BSK2606OF023698;2026-07-21;ÉCHOUÉ(stock insuffisant)
GRP105;BSK2606OF023699;2026-07-21;ÉCHOUÉ(stock insuffisant)
GRP105;BSK2606OF023700;2026-07-21;ÉCHOUÉ(stock insuffisant)
GRP105;BSK2606OF023701;2026-07-21;ÉCHOUÉ(stock insuffisant)
GRP105;BSK2606OF023702;2026-07-21;ÉCHOUÉ(stock insuffisant)
GRP105;BSK2606OF023703;2026-07-21;ÉCHOUÉ(stock insuffisant)
GRP105;BSK2606OF023704;2026-07-21;ÉCHOUÉ(stock insuffisant)
GRP105;BSK2606OF023705;2026-07-21;ÉCHOUÉ(stock insuffisant)
GRP105;BSK2606OF023706;2026-07-21;ÉCHOUÉ(stock insuffisant)
GRP105;BSK2606OF023707;2026-07-21;ÉCHOUÉ(stock insuffisant)
GRP105;BSK2606OF023708;2026-07-21;ÉCHOUÉ(stock insuffisant)
GRP105;BSK2606OF023709;2026-07-21;ÉCHOUÉ(stock insuffisant)
GRP105;BSK2606OF023710;2026-07-21;ÉCHOUÉ(stock insuffisant)
GRP105;BSK2606OF023711;2026-07-21;ÉCHOUÉ(stock insuffisant)
GRP105;BSK2606OF023712;2026-07-21;ÉCHOUÉ(stock insuffisant)
GRP105;BSK2606OF023713;2026-07-21;ÉCHOUÉ(stock insuffisant)
GRP105;BSK2606OF023714;2026-07-21;ÉCHOUÉ(stock insuffisant)
GRP105;BSK2606OF023715;2026-07-21;ÉCHOUÉ(stock insuffisant)
GRP105;BSK2606OF023716;2026-07-21;ÉCHOUÉ(stock insuffisant)
GRP105;BSK2606OF023717;2026-07-21;ÉCHOUÉ(stock insuffisant)
GRP105;BSK2606OF023718;2026-07-21;ÉCHOUÉ(stock insuffisant)
GRP105;BSK2606OF023719;2026-07-21;ÉCHOUÉ(stock insuffisant)
GRP105;BSK2606OF023720;2026-07-21;ÉCHOUÉ(stock insuffisant)
GRP105;BSK2606OF023721;2026-07-21;ÉCHOUÉ(stock insuffisant)
GRP105;BSK2606OF023722;2026-07-21;ÉCHOUÉ(stock insuffisant)
GRP105;BSK2606OF023723;2026-07-21;ÉCHOUÉ(stock insuffisant)
GRP105;BSK2606OF023724;2026-07-21;ÉCHOUÉ(stock insuffisant)
GRP105;BSK2606OF023725;2026-07-21;ÉCHOUÉ(stock insuffisant)
GRP105;BSK2606OF023726;2026-07-21;ÉCHOUÉ(stock insuffisant)
GRP105;BSK2606OF023727;2026-07-21;ÉCHOUÉ(stock insuffisant)
GRP106;BSK2606OF025201;2026-07-01;NON
GRP106;BSK2606OF025202;2026-07-01;NON
GRP106;BSK2606OF023095;2026-07-21;NON
GRP106;BSK2606OF023096;2026-07-21;NON
GRP106;BSK2606OF024087;2026-07-21;NON
GRP106;BSK2606OF024088;2026-07-21;NON
GRP106;BSK2606OF024089;2026-07-21;NON
GRP106;BSK2606OF023049;2026-07-22;NON
GRP107;BSK2606OF024651;2026-07-01;ÉCHOUÉ(poste indispo)
GRP107;BSK2606OF022725;2026-07-21;ÉCHOUÉ(stock insuffisant)
GRP107;BSK2606OF023005;2026-07-21;ÉCHOUÉ(stock insuffisant)
GRP107;BSK2606OF023006;2026-07-22;ÉCHOUÉ(stock insuffisant)
GRP107;BSK2606OF024123;2026-07-21;ÉCHOUÉ(stock insuffisant)
GRP107;BSK2606OF022347;2026-07-22;ÉCHOUÉ(stock insuffisant)
GRP108;BSK2606OF024649;2026-07-01;ÉCHOUÉ(poste indispo)
GRP108;BSK2606OF022344;2026-07-21;NON
GRP108;BSK2606OF022345;2026-07-22;NON
GRP108;BSK2606OF024012;2026-07-21;NON
GRP108;BSK2606OF024013;2026-07-21;NON
GRP108;BSK2606OF024345;2026-07-21;NON
GRP108;BSK2606OF022339;2026-07-22;ÉCHOUÉ(stock insuffisant)
GRP108;BSK2606OF022340;2026-07-22;ÉCHOUÉ(stock insuffisant)
GRP108;BSK2606OF022341;2026-07-22;ÉCHOUÉ(stock insuffisant)
GRP108;BSK2606OF022342;2026-07-22;ÉCHOUÉ(stock insuffisant)
GRP108;BSK2606OF022343;2026-07-22;ÉCHOUÉ(stock insuffisant)
GRP108;BSK2606OF022727;2026-07-22;NON
GRP108;BSK2606OF023004;2026-07-22;ÉCHOUÉ(stock insuffisant)
GRP109;BSK2607OF018497;2026-07-01;NON
GRP109;BSK2606OF023984;2026-07-07;OUI
GRP109;BSK2606OF023985;2026-07-07;OUI
GRP109;BSK2606OF023986;2026-07-07;OUI
GRP110;BSK2607OF018498;2026-07-01;NON
GRP110;BSK2606OF023987;2026-07-07;OUI
GRP110;BSK2606OF023988;2026-07-07;NON
GRP111;BSK2606OF024442;2026-07-07;OUI
GRP111;BSK2606OF024443;2026-07-07;NON
GRP111;BSK2606OF024444;2026-07-07;NON
GRP111;BSK2606OF024445;2026-07-07;NON
GRP111;BSK2606OF024446;2026-07-07;NON
GRP111;BSK2606OF024447;2026-07-07;NON
GRP111;BSK2606OF024448;2026-07-07;NON
GRP111;BSK2606OF024449;2026-07-07;NON
GRP111;BSK2606OF024450;2026-07-07;NON
GRP111;BSK2606OF024451;2026-07-07;NON
GRP111;BSK2606OF024452;2026-07-07;NON
GRP111;BSK2606OF024453;2026-07-07;NON
GRP111;BSK2606OF024454;2026-07-07;NON
GRP111;BSK2606OF024455;2026-07-07;NON
GRP111;BSK2606OF024456;2026-07-07;OUI
GRP111;BSK2606OF024457;2026-07-07;NON
GRP111;BSK2606OF024458;2026-07-07;NON
GRP111;BSK2606OF024459;2026-07-07;NON
GRP111;BSK2606OF024460;2026-07-07;NON
GRP111;BSK2606OF024461;2026-07-07;OUI
GRP111;BSK2606OF024462;2026-07-17;OUI
GRP111;BSK2606OF023022;2026-07-22;OUI
GRP111;BSK2606OF023023;2026-07-22;OUI
GRP111;BSK2606OF023024;2026-07-22;OUI
GRP111;BSK2606OF023025;2026-07-22;NON
GRP111;BSK2606OF023026;2026-07-22;NON
GRP111;BSK2606OF023027;2026-07-22;NON
GRP111;BSK2606OF023028;2026-07-22;NON
GRP111;BSK2606OF023029;2026-07-22;NON
GRP111;BSK2606OF023030;2026-07-22;NON
GRP111;BSK2606OF023031;2026-07-22;NON
GRP111;BSK2606OF023032;2026-07-22;NON
GRP111;BSK2606OF023033;2026-07-22;NON
GRP111;BSK2606OF023034;2026-07-22;NON
GRP111;BSK2606OF023066;2026-07-17;NON
GRP111;BSK2606OF023757;2026-07-22;NON
GRP111;BSK2606OF023942;2026-07-07;NON
GRP112;BSK2606OF024463;2026-07-07;ÉCHOUÉ(stock insuffisant)
GRP112;BSK2606OF024464;2026-07-07;ÉCHOUÉ(stock insuffisant)
GRP112;BSK2606OF024465;2026-07-07;ÉCHOUÉ(stock insuffisant)
GRP112;BSK2606OF024466;2026-07-07;ÉCHOUÉ(stock insuffisant)
GRP112;BSK2606OF024467;2026-07-07;ÉCHOUÉ(stock insuffisant)
GRP112;BSK2606OF024468;2026-07-07;ÉCHOUÉ(stock insuffisant)
GRP112;BSK2606OF024469;2026-07-07;ÉCHOUÉ(stock insuffisant)
GRP112;BSK2606OF024470;2026-07-07;ÉCHOUÉ(stock insuffisant)
GRP112;BSK2607OF018495;2026-07-31;ÉCHOUÉ(stock insuffisant)
GRP112;BSK2606OF025659;2026-07-07;OUI
GRP112;BSK2606OF025660;2026-07-07;OUI
GRP112;BSK2606OF025661;2026-07-14;OUI
GRP112;BSK2606OF024471;2026-07-07;OUI
GRP112;BSK2606OF024472;2026-07-07;OUI
GRP112;BSK2606OF024473;2026-07-07;OUI
GRP112;BSK2607OF018496;2026-07-31;OUI
GRP112;BSK2606OF023769;2026-07-07;ÉCHOUÉ(stock insuffisant)
GRP112;BSK2606OF023770;2026-07-07;ÉCHOUÉ(stock insuffisant)
GRP112;BSK2606OF023771;2026-07-07;ÉCHOUÉ(stock insuffisant)
GRP112;BSK2606OF023772;2026-07-07;ÉCHOUÉ(stock insuffisant)
GRP112;BSK2606OF023773;2026-07-07;ÉCHOUÉ(stock insuffisant)
GRP112;BSK2606OF023776;2026-07-17;ÉCHOUÉ(stock insuffisant)
GRP112;BSK2606OF023777;2026-07-07;ÉCHOUÉ(stock insuffisant)
GRP112;BSK2606OF023778;2026-07-07;ÉCHOUÉ(stock insuffisant)
GRP112;BSK2606OF023779;2026-07-07;ÉCHOUÉ(stock insuffisant)
GRP112;BSK2606OF023780;2026-07-07;ÉCHOUÉ(stock insuffisant)
GRP112;BSK2606OF023781;2026-07-07;ÉCHOUÉ(stock insuffisant)
GRP112;BSK2606OF024213;2026-07-22;ÉCHOUÉ(stock insuffisant)
GRP114;BSK2607OF018538;2026-07-09;NON
GRP114;BSK2606OF023165;2026-07-22;ÉCHOUÉ(stock insuffisant)
GRP114;BSK2606OF023166;2026-07-22;ÉCHOUÉ(stock insuffisant)
GRP114;BSK2606OF024146;2026-07-22;NON
GRP115;BSK2607OF018562;2026-07-09;NON
GRP115;BSK2607OF018563;2026-07-09;NON
GRP115;BSK2607OF018564;2026-07-09;NON
GRP115;BSK2607OF018565;2026-07-09;NON
GRP115;BSK2606OF022803;2026-07-21;NON
GRP115;BSK2606OF022804;2026-07-21;NON
GRP115;BSK2606OF022805;2026-07-22;NON
GRP115;BSK2606OF022806;2026-07-22;NON
GRP116;BSK2607OF018516;2026-07-09;NON
GRP116;BSK2607OF018517;2026-07-09;NON
GRP116;BSK2607OF018518;2026-07-09;NON
GRP116;BSK2607OF018519;2026-07-09;NON
GRP116;BSK2606OF022851;2026-07-21;NON
GRP116;BSK2606OF022852;2026-07-21;NON
GRP116;BSK2606OF022853;2026-07-22;NON
GRP116;BSK2606OF022854;2026-07-22;NON
GRP116;BSK2606OF023808;2026-07-22;ÉCHOUÉ(stock insuffisant)
GRP116;BSK2606OF023809;2026-07-22;ÉCHOUÉ(stock insuffisant)
GRP116;BSK2606OF023983;2026-07-22;ÉCHOUÉ(stock insuffisant)
GRP117;BSK2607OF018532;2026-07-09;NON
GRP117;BSK2607OF018533;2026-07-09;NON
GRP117;BSK2607OF018534;2026-07-09;NON
GRP117;BSK2607OF018535;2026-07-09;NON
GRP117;BSK2607OF018536;2026-07-09;NON
GRP117;BSK2607OF018537;2026-07-09;NON
GRP117;BSK2606OF022468;2026-07-22;OUI
GRP117;BSK2606OF022469;2026-07-22;OUI
GRP118;BSK2607OF018514;2026-07-09;NON
GRP118;BSK2607OF018515;2026-07-09;NON
GRP118;BSK2606OF022888;2026-07-21;NON
GRP118;BSK2606OF023147;2026-07-22;NON
GRP118;BSK2606OF023822;2026-07-22;ÉCHOUÉ(stock insuffisant)
GRP119;BSK2607OF018510;2026-07-09;NON
GRP119;BSK2607OF018511;2026-07-09;NON
GRP119;BSK2607OF018512;2026-07-09;NON
GRP119;BSK2607OF018513;2026-07-09;NON
GRP119;BSK2606OF022883;2026-07-21;OUI
GRP119;BSK2606OF022884;2026-07-21;OUI
GRP119;BSK2606OF022885;2026-07-21;NON
GRP119;BSK2606OF022886;2026-07-21;NON
GRP119;BSK2606OF022887;2026-07-21;NON
GRP119;BSK2606OF023148;2026-07-21;NON
GRP119;BSK2606OF023149;2026-07-21;NON
GRP119;BSK2606OF023150;2026-07-22;NON
GRP119;BSK2606OF023774;2026-07-22;NON
GRP119;BSK2606OF023824;2026-07-22;NON
GRP120;BSK2607OF018554;2026-07-09;ÉCHOUÉ(poste indispo)
GRP120;BSK2606OF023122;2026-07-21;NON
GRP120;BSK2606OF023123;2026-07-22;NON
GRP120;BSK2606OF023124;2026-07-22;NON
GRP120;BSK2606OF023125;2026-07-22;NON
GRP120;BSK2606OF023994;2026-07-22;NON
GRP120;BSK2606OF024006;2026-07-22;NON
GRP121;BSK2607OF018767;2026-07-09;NON
GRP121;BSK2607OF018768;2026-07-09;NON
GRP121;BSK2607OF018769;2026-07-09;NON
GRP121;BSK2607OF018770;2026-07-09;NON
GRP121;BSK2607OF018771;2026-07-09;NON
GRP121;BSK2607OF018772;2026-07-09;NON
GRP121;BSK2607OF018773;2026-07-09;NON
GRP121;BSK2607OF018774;2026-07-09;NON
GRP121;BSK2607OF018775;2026-07-09;NON
GRP121;BSK2607OF018776;2026-07-09;NON
GRP121;BSK2607OF018777;2026-07-09;NON
GRP121;BSK2607OF018778;2026-07-09;NON
GRP121;BSK2607OF018779;2026-07-09;NON
GRP121;BSK2607OF018780;2026-07-09;NON
GRP121;BSK2606OF024121;2026-07-13;OUI
GRP121;BSK2606OF024122;2026-07-13;OUI
GRP122;BSK2607OF018630;2026-07-09;NON
GRP122;BSK2607OF018631;2026-07-09;NON
GRP122;BSK2607OF018632;2026-07-09;NON
GRP122;BSK2607OF018633;2026-07-09;NON
GRP122;BSK2606OF023736;2026-07-21;NON
GRP122;BSK2606OF023737;2026-07-21;NON
GRP122;BSK2606OF023185;2026-07-22;NON
GRP122;BSK2606OF023186;2026-07-22;NON
GRP122;BSK2606OF023187;2026-07-22;NON
GRP122;BSK2606OF024127;2026-07-22;NON
GRP123;BSK2607OF018523;2026-07-09;NON
GRP123;BSK2607OF018524;2026-07-09;NON
GRP123;BSK2607OF018525;2026-07-09;NON
GRP123;BSK2607OF018526;2026-07-09;NON
GRP123;BSK2606OF022872;2026-07-21;NON
GRP123;BSK2606OF022873;2026-07-22;NON
GRP123;BSK2606OF022869;2026-07-22;NON
GRP123;BSK2606OF022870;2026-07-22;NON
GRP123;BSK2606OF022871;2026-07-22;ÉCHOUÉ(stock insuffisant)
GRP124;BSK2607OF018539;2026-07-09;NON
GRP124;BSK2607OF018540;2026-07-09;NON
GRP124;BSK2607OF018541;2026-07-09;ÉCHOUÉ(poste indispo)
GRP124;BSK2606OF022876;2026-07-21;NON
GRP124;BSK2606OF022877;2026-07-21;ÉCHOUÉ(stock insuffisant)
GRP124;BSK2606OF022878;2026-07-21;ÉCHOUÉ(stock insuffisant)
GRP124;BSK2606OF023084;2026-07-21;NON
GRP124;BSK2606OF023085;2026-07-21;NON
GRP124;BSK2606OF023086;2026-07-22;NON
GRP124;BSK2606OF023146;2026-07-22;ÉCHOUÉ(stock insuffisant)
GRP124;BSK2606OF023810;2026-07-22;NON
GRP124;BSK2606OF023981;2026-07-22;NON
GRP125;BSK2607OF018542;2026-07-09;ÉCHOUÉ(poste indispo)
GRP125;BSK2607OF018543;2026-07-09;ÉCHOUÉ(poste indispo)
GRP125;BSK2606OF023982;2026-07-22;ÉCHOUÉ(stock insuffisant)
GRP126;BSK2607OF018634;2026-07-09;ÉCHOUÉ(poste indispo)
GRP126;BSK2607OF018635;2026-07-09;ÉCHOUÉ(poste indispo)
GRP126;BSK2606OF023135;2026-07-21;ÉCHOUÉ(stock insuffisant)
GRP126;BSK2606OF023136;2026-07-21;ÉCHOUÉ(stock insuffisant)
GRP126;BSK2606OF023754;2026-07-22;ÉCHOUÉ(stock insuffisant)
GRP127;BSK2607OF018636;2026-07-09;ÉCHOUÉ(poste indispo)
GRP127;BSK2607OF018637;2026-07-09;ÉCHOUÉ(poste indispo)
GRP127;BSK2607OF018638;2026-07-09;ÉCHOUÉ(poste indispo)
GRP127;BSK2607OF018639;2026-07-09;ÉCHOUÉ(poste indispo)
GRP127;BSK2606OF023137;2026-07-21;ÉCHOUÉ(stock insuffisant)
GRP127;BSK2606OF023993;2026-07-22;ÉCHOUÉ(stock insuffisant)
GRP128;BSK2607OF018612;2026-07-09;NON
GRP128;BSK2607OF018613;2026-07-09;NON
GRP128;BSK2606OF022501;2026-07-21;NON
GRP128;BSK2606OF022842;2026-07-21;NON
GRP128;BSK2606OF023038;2026-07-21;NON
GRP128;BSK2606OF023039;2026-07-22;NON
GRP128;BSK2606OF024083;2026-07-21;NON
GRP128;BSK2606OF024084;2026-07-21;NON
GRP128;BSK2606OF024085;2026-07-22;NON
GRP128;BSK2606OF024419;2026-07-21;NON
GRP128;BSK2606OF023828;2026-07-22;NON
GRP129;BSK2607OF018793;2026-07-09;NON
GRP129;BSK2607OF018794;2026-07-09;ÉCHOUÉ(poste indispo)
GRP129;BSK2606OF024153;2026-07-13;OUI
GRP129;BSK2606OF024154;2026-07-13;NON
GRP129;BSK2606OF024155;2026-07-13;NON
GRP130;BSK2607OF018608;2026-07-09;NON
GRP130;BSK2606OF024257;2026-07-21;NON
GRP130;BSK2606OF022419;2026-07-22;NON
GRP130;BSK2606OF022859;2026-07-22;ÉCHOUÉ(stock insuffisant)
GRP130;BSK2606OF022860;2026-07-22;ÉCHOUÉ(stock insuffisant)
GRP130;BSK2606OF022861;2026-07-22;ÉCHOUÉ(stock insuffisant)
GRP130;BSK2606OF022862;2026-07-22;ÉCHOUÉ(stock insuffisant)
GRP130;BSK2606OF022863;2026-07-22;ÉCHOUÉ(stock insuffisant)
GRP130;BSK2606OF022864;2026-07-22;ÉCHOUÉ(stock insuffisant)
GRP130;BSK2606OF022865;2026-07-22;ÉCHOUÉ(stock insuffisant)
GRP130;BSK2606OF022866;2026-07-22;NON
GRP130;BSK2606OF023091;2026-07-22;NON
GRP130;BSK2606OF023967;2026-07-22;ÉCHOUÉ(stock insuffisant)
GRP131;BSK2607OF018548;2026-07-09;NON
GRP131;BSK2607OF018549;2026-07-09;NON
GRP131;BSK2606OF023143;2026-07-22;NON
GRP132;BSK2607OF018505;2026-07-09;NON
GRP132;BSK2607OF018506;2026-07-09;NON
GRP132;BSK2607OF018507;2026-07-09;NON
GRP132;BSK2606OF023163;2026-07-21;NON
GRP132;BSK2606OF023910;2026-07-21;NON
GRP133;BSK2607OF018642;2026-07-09;NON
GRP133;BSK2607OF018643;2026-07-09;NON
GRP133;BSK2606OF022428;2026-07-21;NON
GRP133;BSK2606OF022429;2026-07-21;NON
GRP133;BSK2606OF022764;2026-07-21;ÉCHOUÉ(stock insuffisant)
GRP134;BSK2607OF018628;2026-07-09;NON
GRP134;BSK2606OF023178;2026-07-22;NON
GRP134;BSK2606OF023179;2026-07-22;ÉCHOUÉ(stock insuffisant)
GRP134;BSK2606OF023180;2026-07-22;ÉCHOUÉ(stock insuffisant)
GRP134;BSK2606OF023181;2026-07-22;ÉCHOUÉ(stock insuffisant)
GRP134;BSK2606OF023182;2026-07-22;ÉCHOUÉ(stock insuffisant)
GRP134;BSK2606OF023183;2026-07-22;ÉCHOUÉ(stock insuffisant)
GRP134;BSK2606OF023184;2026-07-22;ÉCHOUÉ(stock insuffisant)
GRP135;BSK2607OF018567;2026-07-09;NON
GRP135;BSK2606OF022404;2026-07-21;OUI
GRP135;BSK2606OF022405;2026-07-21;OUI
GRP135;BSK2606OF022406;2026-07-21;OUI
GRP135;BSK2606OF022407;2026-07-22;OUI
GRP135;BSK2606OF022408;2026-07-22;OUI
GRP135;BSK2606OF022409;2026-07-22;OUI
GRP135;BSK2606OF022410;2026-07-22;NON
GRP135;BSK2606OF022411;2026-07-22;NON
GRP135;BSK2606OF022412;2026-07-22;NON
GRP135;BSK2606OF023048;2026-07-22;NON
GRP135;BSK2606OF023665;2026-07-22;NON
GRP135;BSK2606OF023775;2026-07-22;NON
GRP136;BSK2607OF018640;2026-07-09;ÉCHOUÉ(poste indispo)
GRP136;BSK2606OF023134;2026-07-21;ÉCHOUÉ(stock insuffisant)
GRP136;BSK2606OF023992;2026-07-22;ÉCHOUÉ(stock insuffisant)
GRP137;BSK2607OF018529;2026-07-09;NON
GRP137;BSK2607OF018530;2026-07-09;NON
GRP137;BSK2606OF023766;2026-07-22;NON
GRP137;BSK2606OF023767;2026-07-22;NON
GRP137;BSK2606OF023768;2026-07-22;ÉCHOUÉ(stock insuffisant)
GRP138;BSK2607OF018614;2026-07-09;NON
GRP138;BSK2606OF023042;2026-07-21;NON
GRP138;BSK2606OF024422;2026-07-21;NON
GRP138;BSK2606OF023012;2026-07-22;ÉCHOUÉ(stock insuffisant)
GRP138;BSK2606OF023013;2026-07-22;ÉCHOUÉ(stock insuffisant)
GRP138;BSK2606OF023014;2026-07-22;NON
GRP139;BSK2607OF018715;2026-07-09;NON
GRP139;BSK2606OF023731;2026-07-21;NON
GRP139;BSK2606OF023732;2026-07-22;NON
GRP139;BSK2606OF023733;2026-07-22;NON
GRP140;BSK2607OF018520;2026-07-09;NON
GRP140;BSK2606OF022768;2026-07-22;NON
GRP140;BSK2606OF022769;2026-07-22;OUI
GRP140;BSK2606OF022855;2026-07-22;NON
GRP141;BSK2607OF018569;2026-07-09;ÉCHOUÉ(poste indispo)
GRP141;BSK2606OF024125;2026-07-22;OUI
GRP142;BSK2607OF018609;2026-07-09;NON
GRP142;BSK2606OF022420;2026-07-21;NON
GRP142;BSK2606OF022421;2026-07-21;NON
GRP142;BSK2606OF022422;2026-07-22;NON
GRP142;BSK2606OF023088;2026-07-21;NON
GRP142;BSK2606OF023089;2026-07-22;NON
GRP142;BSK2606OF024256;2026-07-21;NON
GRP142;BSK2606OF024134;2026-07-22;NON
GRP142;BSK2606OF024135;2026-07-22;NON
GRP142;BSK2606OF024136;2026-07-22;NON
GRP142;BSK2606OF024137;2026-07-22;NON
GRP142;BSK2606OF024138;2026-07-22;NON
GRP142;BSK2606OF024139;2026-07-22;NON
GRP143;BSK2607OF018544;2026-07-09;ÉCHOUÉ(poste indispo)
GRP143;BSK2607OF018545;2026-07-09;ÉCHOUÉ(poste indispo)
GRP143;BSK2607OF018546;2026-07-09;ÉCHOUÉ(poste indispo)
GRP143;BSK2607OF018547;2026-07-09;ÉCHOUÉ(poste indispo)
GRP143;BSK2606OF022874;2026-07-21;ÉCHOUÉ(stock insuffisant)
GRP143;BSK2606OF022875;2026-07-21;ÉCHOUÉ(stock insuffisant)
GRP143;BSK2606OF023082;2026-07-22;ÉCHOUÉ(stock insuffisant)
GRP143;BSK2606OF023145;2026-07-22;ÉCHOUÉ(stock insuffisant)
GRP143;BSK2606OF023811;2026-07-22;ÉCHOUÉ(stock insuffisant)
GRP144;BSK2607OF018723;2026-07-09;OUI
GRP144;BSK2606OF022837;2026-07-13;OUI
GRP144;BSK2606OF022838;2026-07-13;OUI
GRP145;BSK2607OF018629;2026-07-09;ÉCHOUÉ(poste indispo)
GRP145;BSK2606OF022960;2026-07-22;ÉCHOUÉ(stock insuffisant)
GRP145;BSK2606OF023015;2026-07-22;ÉCHOUÉ(stock insuffisant)
GRP145;BSK2606OF023016;2026-07-22;ÉCHOUÉ(stock insuffisant)
GRP145;BSK2606OF023017;2026-07-22;ÉCHOUÉ(stock insuffisant)
GRP145;BSK2606OF023018;2026-07-22;ÉCHOUÉ(stock insuffisant)
GRP146;BSK2607OF018566;2026-07-09;NON
GRP146;BSK2606OF022693;2026-07-22;NON
GRP146;BSK2606OF022694;2026-07-22;NON
GRP146;BSK2606OF022695;2026-07-22;NON
GRP146;BSK2606OF022696;2026-07-22;NON
GRP146;BSK2606OF023058;2026-07-22;NON
GRP146;BSK2606OF023059;2026-07-22;NON
GRP146;BSK2606OF023060;2026-07-22;NON
GRP146;BSK2606OF023061;2026-07-22;ÉCHOUÉ(stock insuffisant)
GRP147;BSK2607OF018561;2026-07-09;ÉCHOUÉ(poste indispo)
GRP147;BSK2606OF022798;2026-07-22;ÉCHOUÉ(stock insuffisant)
GRP147;BSK2606OF022799;2026-07-22;ÉCHOUÉ(stock insuffisant)
GRP147;BSK2606OF022800;2026-07-22;ÉCHOUÉ(stock insuffisant)
GRP147;BSK2606OF022801;2026-07-22;ÉCHOUÉ(stock insuffisant)
GRP147;BSK2606OF022802;2026-07-22;ÉCHOUÉ(stock insuffisant)
GRP148;BSK2607OF018597;2026-07-09;ÉCHOUÉ(poste indispo)
GRP148;BSK2606OF022413;2026-07-21;ÉCHOUÉ(stock insuffisant)
GRP148;BSK2606OF022414;2026-07-21;ÉCHOUÉ(stock insuffisant)
GRP148;BSK2606OF022415;2026-07-21;ÉCHOUÉ(stock insuffisant)
GRP148;BSK2606OF022416;2026-07-21;ÉCHOUÉ(stock insuffisant)
GRP148;BSK2606OF022417;2026-07-21;ÉCHOUÉ(stock insuffisant)
GRP148;BSK2606OF022418;2026-07-21;ÉCHOUÉ(stock insuffisant)
GRP148;BSK2606OF022785;2026-07-21;ÉCHOUÉ(stock insuffisant)
GRP148;BSK2606OF022786;2026-07-22;ÉCHOUÉ(stock insuffisant)
GRP148;BSK2606OF023007;2026-07-22;ÉCHOUÉ(stock insuffisant)
GRP148;BSK2606OF023008;2026-07-22;ÉCHOUÉ(stock insuffisant)
GRP148;BSK2606OF023009;2026-07-22;ÉCHOUÉ(stock insuffisant)
GRP148;BSK2606OF023090;2026-07-22;ÉCHOUÉ(stock insuffisant)
GRP149;BSK2607OF018610;2026-07-09;ÉCHOUÉ(poste indispo)
GRP149;BSK2606OF022423;2026-07-21;ÉCHOUÉ(stock insuffisant)
GRP149;BSK2606OF022424;2026-07-22;ÉCHOUÉ(stock insuffisant)
GRP149;BSK2606OF024255;2026-07-21;ÉCHOUÉ(stock insuffisant)
GRP149;BSK2606OF023087;2026-07-22;ÉCHOUÉ(stock insuffisant)
GRP149;BSK2606OF024130;2026-07-22;ÉCHOUÉ(stock insuffisant)
GRP149;BSK2606OF024131;2026-07-22;ÉCHOUÉ(stock insuffisant)
GRP149;BSK2606OF024132;2026-07-22;ÉCHOUÉ(stock insuffisant)
GRP149;BSK2606OF024133;2026-07-22;ÉCHOUÉ(stock insuffisant)
GRP150;BSK2607OF018508;2026-07-09;ÉCHOUÉ(poste indispo)
GRP150;BSK2606OF023160;2026-07-21;NON
GRP151;BSK2607OF018568;2026-07-09;ÉCHOUÉ(poste indispo)
GRP151;BSK2606OF022737;2026-07-22;ÉCHOUÉ(stock insuffisant)
GRP151;BSK2606OF023140;2026-07-22;ÉCHOUÉ(stock insuffisant)
GRP151;BSK2606OF023829;2026-07-22;ÉCHOUÉ(stock insuffisant)
GRP151;BSK2606OF023830;2026-07-22;ÉCHOUÉ(stock insuffisant)
GRP152;BSK2607OF018509;2026-07-09;ÉCHOUÉ(poste indispo)
GRP152;BSK2606OF023164;2026-07-21;NON
GRP152;BSK2606OF023911;2026-07-21;NON
GRP152;BSK2606OF023912;2026-07-21;NON
INDIVIDUEL;BSK2607OF018499;2026-07-09;ÉCHOUÉ(poste indispo)
INDIVIDUEL;BSK2607OF018500;2026-07-09;ÉCHOUÉ(poste indispo)
INDIVIDUEL;BSK2607OF018501;2026-07-09;ÉCHOUÉ(poste indispo)
INDIVIDUEL;BSK2607OF018502;2026-07-09;ÉCHOUÉ(poste indispo)
INDIVIDUEL;BSK2607OF018503;2026-07-09;ÉCHOUÉ(poste indispo)
INDIVIDUEL;BSK2607OF018504;2026-07-09;ÉCHOUÉ(poste indispo)
INDIVIDUEL;BSK2607OF018595;2026-07-09;ÉCHOUÉ(poste indispo)
INDIVIDUEL;BSK2607OF018596;2026-07-09;ÉCHOUÉ(poste indispo)
INDIVIDUEL;BSK2607OF018611;2026-07-09;ÉCHOUÉ(poste indispo)
INDIVIDUEL;BSK2607OF018641;2026-07-09;NON
GRP153;BSK2607OF018716;2026-07-10;OUI
GRP153;BSK2607OF018466;2026-07-10;NON
GRP153;BSK2606OF022380;2026-07-22;OUI
GRP155;BSK2607OF018740;2026-07-14;OUI
GRP155;BSK2606OF023795;2026-07-14;OUI
GRP156;BSK2607OF018805;2026-07-15;NON
GRP156;BSK2607OF018806;2026-07-15;NON
GRP156;BSK2607OF018807;2026-07-15;NON
GRP156;BSK2607OF018808;2026-07-15;NON
GRP156;BSK2607OF018809;2026-07-15;NON
GRP156;BSK2606OF023924;2026-07-22;NON
GRP156;BSK2606OF023925;2026-07-22;NON
GRP156;BSK2606OF023926;2026-07-22;NON
GRP156;BSK2606OF023927;2026-07-22;NON
GRP156;BSK2606OF023928;2026-07-22;NON
GRP156;BSK2606OF023929;2026-07-22;NON
GRP156;BSK2606OF023930;2026-07-22;NON
GRP156;BSK2606OF023931;2026-07-22;NON
GRP156;BSK2606OF023932;2026-07-22;NON
GRP156;BSK2606OF023933;2026-07-22;NON
GRP156;BSK2606OF023934;2026-07-22;NON
GRP156;BSK2606OF023935;2026-07-22;NON
GRP156;BSK2606OF023936;2026-07-22;NON
GRP156;BSK2606OF023937;2026-07-22;NON
GRP156;BSK2606OF023938;2026-07-22;NON
GRP156;BSK2606OF023939;2026-07-22;NON
GRP156;BSK2606OF023940;2026-07-22;NON
GRP156;BSK2606OF023941;2026-07-22;NON
GRP157;BSK2607OF018744;2026-07-15;NON
GRP157;BSK2607OF018745;2026-07-15;NON
GRP157;BSK2607OF018746;2026-07-15;NON
GRP157;BSK2606OF022258;2026-07-22;OUI
GRP158;BSK2607OF018650;2026-07-15;NON
GRP158;BSK2607OF018651;2026-07-15;NON
GRP158;BSK2607OF018652;2026-07-15;NON
GRP158;BSK2607OF018653;2026-07-15;NON
GRP158;BSK2607OF018654;2026-07-15;NON
GRP158;BSK2607OF018655;2026-07-15;NON
GRP158;BSK2607OF018656;2026-07-15;NON
GRP158;BSK2607OF018657;2026-07-15;NON
GRP158;BSK2607OF018658;2026-07-15;NON
GRP158;BSK2607OF018659;2026-07-15;NON
GRP158;BSK2607OF018660;2026-07-15;NON
GRP158;BSK2607OF018661;2026-07-15;NON
GRP158;BSK2607OF018662;2026-07-15;NON
GRP158;BSK2607OF018663;2026-07-15;NON
GRP158;BSK2606OF022296;2026-07-22;NON
GRP158;BSK2606OF022297;2026-07-22;NON
GRP158;BSK2606OF022298;2026-07-22;NON
GRP158;BSK2606OF022299;2026-07-22;NON
GRP158;BSK2606OF022807;2026-07-22;NON
GRP159;BSK2607OF018672;2026-07-15;NON
GRP159;BSK2607OF018673;2026-07-15;NON
GRP159;BSK2606OF022954;2026-07-22;NON
GRP159;BSK2606OF022955;2026-07-22;NON
GRP160;BSK2607OF018717;2026-07-15;NON
GRP160;BSK2607OF018718;2026-07-15;NON
GRP160;BSK2607OF018719;2026-07-15;NON
GRP160;BSK2606OF023053;2026-07-22;NON
GRP160;BSK2606OF024092;2026-07-22;NON
GRP161;BSK2607OF018721;2026-07-15;NON
GRP161;BSK2607OF018722;2026-07-15;NON
GRP161;BSK2606OF022810;2026-07-22;NON
GRP161;BSK2606OF024095;2026-07-22;NON
GRP161;BSK2606OF024096;2026-07-22;NON
GRP162;BSK2607OF018812;2026-07-15;NON
GRP162;BSK2607OF018813;2026-07-15;NON
GRP162;BSK2607OF018814;2026-07-15;NON
GRP162;BSK2607OF018815;2026-07-15;NON
GRP162;BSK2607OF018816;2026-07-15;NON
GRP162;BSK2606OF022962;2026-07-22;OUI
GRP162;BSK2606OF022963;2026-07-22;OUI
GRP162;BSK2606OF022964;2026-07-22;OUI
GRP162;BSK2606OF022965;2026-07-22;OUI
GRP162;BSK2606OF022966;2026-07-22;OUI
GRP162;BSK2606OF022967;2026-07-22;NON
GRP162;BSK2606OF022968;2026-07-22;NON
GRP162;BSK2606OF022969;2026-07-22;NON
GRP162;BSK2606OF022970;2026-07-22;NON
GRP162;BSK2606OF022971;2026-07-22;NON
GRP162;BSK2606OF022972;2026-07-22;NON
GRP162;BSK2606OF022973;2026-07-22;NON
GRP162;BSK2606OF022974;2026-07-22;NON
GRP162;BSK2606OF022975;2026-07-22;NON
GRP162;BSK2606OF022976;2026-07-22;NON
GRP162;BSK2606OF022977;2026-07-22;NON
GRP162;BSK2606OF022978;2026-07-22;NON
GRP162;BSK2606OF022979;2026-07-22;NON
GRP162;BSK2606OF022980;2026-07-22;ÉCHOUÉ(stock insuffisant)
GRP162;BSK2606OF022981;2026-07-22;NON
GRP162;BSK2606OF024349;2026-07-22;ÉCHOUÉ(stock insuffisant)
GRP162;BSK2606OF024350;2026-07-22;ÉCHOUÉ(stock insuffisant)
GRP162;BSK2606OF024351;2026-07-22;ÉCHOUÉ(stock insuffisant)
GRP162;BSK2606OF024352;2026-07-22;ÉCHOUÉ(stock insuffisant)
GRP162;BSK2606OF024353;2026-07-22;ÉCHOUÉ(stock insuffisant)
GRP162;BSK2606OF024354;2026-07-22;ÉCHOUÉ(stock insuffisant)
GRP162;BSK2606OF024355;2026-07-22;ÉCHOUÉ(stock insuffisant)
GRP162;BSK2606OF024356;2026-07-22;ÉCHOUÉ(stock insuffisant)
GRP162;BSK2606OF024357;2026-07-22;ÉCHOUÉ(stock insuffisant)
GRP162;BSK2606OF024358;2026-07-22;ÉCHOUÉ(stock insuffisant)
GRP162;BSK2606OF024359;2026-07-22;ÉCHOUÉ(stock insuffisant)
GRP162;BSK2606OF024360;2026-07-22;ÉCHOUÉ(stock insuffisant)
GRP162;BSK2606OF024361;2026-07-22;ÉCHOUÉ(stock insuffisant)
GRP162;BSK2606OF024362;2026-07-22;ÉCHOUÉ(stock insuffisant)
GRP162;BSK2606OF024363;2026-07-22;ÉCHOUÉ(stock insuffisant)
GRP162;BSK2606OF024364;2026-07-22;ÉCHOUÉ(stock insuffisant)
GRP162;BSK2606OF024365;2026-07-22;ÉCHOUÉ(stock insuffisant)
GRP162;BSK2606OF024366;2026-07-22;ÉCHOUÉ(stock insuffisant)
GRP162;BSK2606OF024367;2026-07-22;ÉCHOUÉ(stock insuffisant)
GRP162;BSK2606OF024368;2026-07-22;ÉCHOUÉ(stock insuffisant)
GRP162;BSK2606OF024369;2026-07-22;ÉCHOUÉ(stock insuffisant)
GRP162;BSK2606OF024370;2026-07-22;ÉCHOUÉ(stock insuffisant)
GRP162;BSK2606OF024371;2026-07-22;ÉCHOUÉ(stock insuffisant)
GRP162;BSK2606OF024372;2026-07-22;ÉCHOUÉ(stock insuffisant)
GRP162;BSK2606OF024373;2026-07-22;ÉCHOUÉ(stock insuffisant)
GRP162;BSK2606OF024374;2026-07-22;ÉCHOUÉ(stock insuffisant)
GRP162;BSK2606OF024375;2026-07-22;ÉCHOUÉ(stock insuffisant)
GRP162;BSK2606OF024376;2026-07-22;ÉCHOUÉ(stock insuffisant)
GRP162;BSK2606OF024377;2026-07-22;ÉCHOUÉ(stock insuffisant)
GRP162;BSK2606OF024378;2026-07-22;ÉCHOUÉ(stock insuffisant)
GRP162;BSK2606OF024379;2026-07-22;ÉCHOUÉ(stock insuffisant)
GRP162;BSK2606OF024380;2026-07-22;ÉCHOUÉ(stock insuffisant)
GRP162;BSK2606OF024381;2026-07-22;ÉCHOUÉ(stock insuffisant)
GRP162;BSK2606OF024382;2026-07-22;ÉCHOUÉ(stock insuffisant)
GRP162;BSK2606OF024383;2026-07-22;NON
INDIVIDUEL;BSK2607OF018728;2026-07-15;OUI
INDIVIDUEL;BSK2607OF018787;2026-07-16;NON
INDIVIDUEL;BSK2607OF018788;2026-07-16;NON
INDIVIDUEL;BSK2607OF018789;2026-07-16;NON
INDIVIDUEL;BSK2607OF018790;2026-07-16;NON
INDIVIDUEL;BSK2607OF018791;2026-07-16;NON
INDIVIDUEL;BSK2607OF018792;2026-07-16;NON
GRP163;BSK2607OF018820;2026-07-22;OUI
GRP163;BSK2606OF024163;2026-07-22;OUI
GRP163;BSK2606OF024164;2026-07-22;OUI
GRP163;BSK2606OF024165;2026-07-22;OUI
GRP163;BSK2606OF024166;2026-07-22;OUI
GRP163;BSK2606OF024167;2026-07-22;OUI
GRP164;BSK2607OF018671;2026-07-22;NON
GRP164;BSK2606OF024212;2026-07-22;NON
GRP165;BSK2607OF018817;2026-07-22;NON
GRP165;BSK2607OF018818;2026-07-22;NON
GRP165;BSK2607OF018819;2026-07-22;NON
GRP165;BSK2606OF024168;2026-07-22;NON
GRP165;BSK2606OF024169;2026-07-22;NON
GRP165;BSK2606OF024170;2026-07-22;NON
GRP165;BSK2606OF024171;2026-07-22;ÉCHOUÉ(stock insuffisant)
GRP165;BSK2606OF024172;2026-07-22;ÉCHOUÉ(stock insuffisant)
GRP165;BSK2606OF024173;2026-07-22;ÉCHOUÉ(stock insuffisant)
GRP165;BSK2606OF024174;2026-07-22;ÉCHOUÉ(stock insuffisant)
GRP165;BSK2606OF024175;2026-07-22;ÉCHOUÉ(stock insuffisant)
GRP165;BSK2606OF024176;2026-07-22;ÉCHOUÉ(stock insuffisant)
GRP166;BSK2607OF018825;2026-07-22;ÉCHOUÉ(poste indispo)
GRP166;BSK2607OF018826;2026-07-22;ÉCHOUÉ(poste indispo)
GRP166;BSK2607OF018827;2026-07-22;ÉCHOUÉ(poste indispo)
GRP166;BSK2606OF024186;2026-07-22;ÉCHOUÉ(stock insuffisant)
GRP166;BSK2606OF024187;2026-07-22;ÉCHOUÉ(stock insuffisant)
GRP166;BSK2606OF024188;2026-07-22;ÉCHOUÉ(stock insuffisant)
GRP166;BSK2606OF024189;2026-07-22;ÉCHOUÉ(stock insuffisant)
GRP166;BSK2606OF024190;2026-07-22;ÉCHOUÉ(stock insuffisant)
GRP166;BSK2606OF024191;2026-07-22;ÉCHOUÉ(stock insuffisant)
GRP166;BSK2606OF024192;2026-07-22;ÉCHOUÉ(stock insuffisant)
GRP166;BSK2606OF024193;2026-07-22;ÉCHOUÉ(stock insuffisant)
GRP166;BSK2606OF024194;2026-07-22;ÉCHOUÉ(stock insuffisant)
GRP166;BSK2606OF024195;2026-07-22;ÉCHOUÉ(stock insuffisant)
GRP166;BSK2606OF024196;2026-07-22;ÉCHOUÉ(stock insuffisant)
GRP166;BSK2606OF024197;2026-07-22;ÉCHOUÉ(stock insuffisant)
INDIVIDUEL;BSK2607OF018570;2026-07-23;NON
INDIVIDUEL;BSK2607OF018668;2026-07-23;NON
INDIVIDUEL;BSK2607OF018669;2026-07-23;NON
INDIVIDUEL;BSK2607OF018674;2026-07-23;NON
INDIVIDUEL;BSK2607OF018724;2026-07-23;OUI
INDIVIDUEL;BSK2607OF018725;2026-07-23;OUI
INDIVIDUEL;BSK2607OF018726;2026-07-23;OUI
INDIVIDUEL;BSK2607OF018727;2026-07-23;OUI
INDIVIDUEL;BSK2607OF018710;2026-07-30;NON
INDIVIDUEL;BSK2607OF018711;2026-07-30;NON
INDIVIDUEL;BSK2607OF018712;2026-07-30;NON
INDIVIDUEL;BSK2609OF015544;2026-09-04;OUI
INDIVIDUEL;BSK2609OF015545;2026-09-04;OUI
GRP167;BSK2609OF015436;2026-09-07;NON
GRP167;BSK2609OF015437;2026-09-07;NON
GRP167;BSK2609OF015438;2026-09-07;NON
GRP167;BSK2609OF015439;2026-09-07;NON
GRP167;BSK2609OF015440;2026-09-07;NON
GRP167;BSK2609OF015441;2026-09-07;NON
GRP167;BSK2607OF017975;2026-09-21;OUI
GRP167;BSK2607OF017984;2026-09-18;OUI
GRP167;BSK2607OF018008;2026-09-18;OUI
GRP167;BSK2607OF018294;2026-09-10;OUI
GRP167;BSK2607OF018493;2026-09-10;OUI
GRP168;BSK2609OF015317;2026-09-08;NON
GRP168;BSK2609OF015318;2026-09-08;NON
GRP168;BSK2607OF017768;2026-09-18;NON
GRP168;BSK2607OF017924;2026-09-18;NON
GRP168;BSK2607OF017925;2026-09-18;NON
GRP168;BSK2607OF018007;2026-09-18;NON
GRP168;BSK2607OF018223;2026-09-18;NON
GRP169;BSK2609OF015255;2026-09-08;NON
GRP169;BSK2607OF018050;2026-09-18;OUI
GRP170;BSK2609OF015361;2026-09-08;NON
GRP170;BSK2609OF015362;2026-09-08;NON
GRP170;BSK2607OF018029;2026-09-18;NON
GRP170;BSK2607OF018230;2026-09-18;NON
GRP171;BSK2609OF015333;2026-09-08;NON
GRP171;BSK2607OF017915;2026-09-21;NON
GRP171;BSK2607OF017977;2026-09-18;NON
GRP172;BSK2609OF015358;2026-09-08;NON
GRP172;BSK2609OF015359;2026-09-08;NON
GRP172;BSK2609OF015360;2026-09-08;NON
GRP172;BSK2607OF017892;2026-09-18;NON
GRP172;BSK2607OF017914;2026-09-21;NON
GRP173;BSK2609OF015257;2026-09-08;NON
GRP173;BSK2609OF015258;2026-09-08;NON
GRP173;BSK2607OF018053;2026-09-18;NON
GRP174;BSK2609OF015331;2026-09-08;NON
GRP174;BSK2609OF015332;2026-09-08;NON
GRP174;BSK2607OF017879;2026-09-18;NON
GRP175;BSK2609OF015322;2026-09-08;NON
GRP175;BSK2607OF017770;2026-09-18;NON
GRP175;BSK2607OF018004;2026-09-18;NON
GRP175;BSK2607OF018332;2026-09-18;NON
GRP176;BSK2609OF015351;2026-09-08;NON
GRP176;BSK2607OF017951;2026-09-18;NON
GRP176;BSK2607OF017972;2026-09-18;NON
GRP177;BSK2609OF015272;2026-09-08;ÉCHOUÉ(poste indispo)
GRP177;BSK2609OF015273;2026-09-08;ÉCHOUÉ(poste indispo)
GRP177;BSK2607OF018334;2026-09-18;OUI
GRP178;BSK2609OF015266;2026-09-08;NON
GRP178;BSK2609OF015267;2026-09-08;NON
GRP178;BSK2607OF018002;2026-09-18;OUI
GRP179;BSK2609OF015319;2026-09-08;NON
GRP179;BSK2609OF015320;2026-09-08;NON
GRP179;BSK2609OF015321;2026-09-08;NON
GRP179;BSK2607OF017769;2026-09-18;OUI
GRP179;BSK2607OF018005;2026-09-18;OUI
GRP179;BSK2607OF018333;2026-09-18;OUI
GRP180;BSK2609OF015329;2026-09-08;NON
GRP180;BSK2609OF015330;2026-09-08;NON
GRP180;BSK2607OF017987;2026-09-18;OUI
GRP180;BSK2607OF018214;2026-09-18;OUI
GRP181;BSK2609OF015334;2026-09-08;NON
GRP181;BSK2607OF017817;2026-09-18;NON
GRP181;BSK2607OF017818;2026-09-18;NON
GRP181;BSK2607OF017978;2026-09-18;NON
GRP181;BSK2607OF018189;2026-09-18;NON
GRP182;BSK2609OF015350;2026-09-08;NON
GRP182;BSK2607OF018059;2026-09-18;NON
GRP183;BSK2609OF015303;2026-09-08;NON
GRP183;BSK2609OF015304;2026-09-08;NON
GRP183;BSK2609OF015305;2026-09-08;NON
GRP183;BSK2609OF015306;2026-09-08;NON
GRP183;BSK2607OF017893;2026-09-18;NON
GRP183;BSK2607OF017968;2026-09-18;NON
GRP183;BSK2607OF018006;2026-09-18;NON
GRP184;BSK2609OF015264;2026-09-08;NON
GRP184;BSK2607OF017791;2026-09-18;NON
GRP184;BSK2607OF017792;2026-09-18;NON
GRP184;BSK2607OF017793;2026-09-18;NON
GRP184;BSK2607OF017794;2026-09-18;NON
GRP184;BSK2607OF017795;2026-09-18;NON
GRP184;BSK2607OF017796;2026-09-18;NON
GRP185;BSK2609OF015256;2026-09-08;NON
GRP185;BSK2607OF018201;2026-09-18;NON
GRP186;BSK2609OF015280;2026-09-08;NON
GRP186;BSK2609OF015281;2026-09-08;NON
GRP186;BSK2607OF017753;2026-09-18;NON
GRP186;BSK2607OF017964;2026-09-18;NON
GRP186;BSK2607OF018327;2026-09-18;NON
GRP186;BSK2607OF018485;2026-09-10;NON
GRP187;BSK2609OF015265;2026-09-08;NON
GRP187;BSK2607OF017933;2026-09-18;NON
GRP187;BSK2607OF017934;2026-09-18;ÉCHOUÉ(stock insuffisant)
GRP187;BSK2607OF017935;2026-09-18;ÉCHOUÉ(stock insuffisant)
GRP187;BSK2607OF018003;2026-09-21;NON
GRP187;BSK2607OF018039;2026-09-18;NON
GRP187;BSK2607OF018176;2026-09-18;NON
GRP187;BSK2607OF018226;2026-09-18;NON
GRP188;BSK2609OF015532;2026-09-08;NON
GRP188;BSK2607OF018235;2026-09-18;OUI
GRP189;BSK2609OF015356;2026-09-08;NON
GRP189;BSK2609OF015357;2026-09-08;NON
GRP189;BSK2607OF017870;2026-09-18;OUI
GRP190;BSK2609OF015426;2026-09-08;NON
GRP190;BSK2607OF017887;2026-09-18;OUI
INDIVIDUEL;BSK2609OF015261;2026-09-08;NON
INDIVIDUEL;BSK2609OF015274;2026-09-08;NON
INDIVIDUEL;BSK2609OF015275;2026-09-08;NON
INDIVIDUEL;BSK2609OF015276;2026-09-08;NON
INDIVIDUEL;BSK2609OF015277;2026-09-08;NON
INDIVIDUEL;BSK2609OF015278;2026-09-08;NON
INDIVIDUEL;BSK2609OF015279;2026-09-08;NON
INDIVIDUEL;BSK2609OF015348;2026-09-08;NON
INDIVIDUEL;BSK2609OF015349;2026-09-08;NON
INDIVIDUEL;BSK2609OF015352;2026-09-08;NON
INDIVIDUEL;BSK2609OF015465;2026-09-08;OUI
INDIVIDUEL;BSK2609OF015466;2026-09-08;OUI
INDIVIDUEL;BSK2609OF015467;2026-09-08;OUI
GRP191;BSK2609OF015546;2026-09-10;NON
GRP191;BSK2609OF015547;2026-09-10;NON
GRP191;BSK2609OF015548;2026-09-10;NON
GRP191;BSK2609OF015549;2026-09-10;NON
GRP191;BSK2609OF015550;2026-09-10;NON
GRP191;BSK2609OF015117;2026-09-10;NON
GRP191;BSK2609OF015118;2026-09-10;NON
GRP191;BSK2609OF015119;2026-09-10;NON
GRP191;BSK2609OF015120;2026-09-10;NON
GRP191;BSK2609OF015121;2026-09-10;NON
GRP192;BSK2609OF015513;2026-09-11;NON
GRP192;BSK2609OF015514;2026-09-11;NON
GRP192;BSK2609OF015515;2026-09-11;NON
GRP192;BSK2609OF015516;2026-09-11;NON
GRP192;BSK2609OF015517;2026-09-11;NON
GRP192;BSK2609OF015518;2026-09-11;NON
GRP192;BSK2609OF015519;2026-09-11;NON
GRP192;BSK2609OF015520;2026-09-11;NON
GRP192;BSK2609OF015521;2026-09-11;NON
GRP192;BSK2609OF015522;2026-09-11;NON
GRP192;BSK2609OF015523;2026-09-11;NON
GRP192;BSK2609OF015524;2026-09-11;NON
GRP192;BSK2609OF015525;2026-09-11;NON
GRP192;BSK2607OF018191;2026-09-18;OUI
GRP192;BSK2607OF018192;2026-09-18;NON
GRP192;BSK2607OF018193;2026-09-18;NON
GRP192;BSK2607OF018194;2026-09-18;NON
GRP192;BSK2607OF018195;2026-09-18;NON
GRP192;BSK2607OF018196;2026-09-18;NON
GRP192;BSK2607OF018197;2026-09-18;NON
GRP192;BSK2607OF018198;2026-09-18;NON
GRP192;BSK2607OF018199;2026-09-18;NON
GRP192;BSK2607OF018200;2026-09-18;NON
GRP193;BSK2609OF015446;2026-09-11;OUI
GRP193;BSK2609OF015447;2026-09-11;OUI
GRP193;BSK2609OF015448;2026-09-11;OUI
GRP193;BSK2609OF015449;2026-09-11;OUI
GRP193;BSK2607OF017911;2026-09-17;OUI
GRP193;BSK2607OF017912;2026-09-17;OUI
GRP195;BSK2609OF015481;2026-09-11;NON
GRP195;BSK2607OF017731;2026-09-18;OUI
GRP196;BSK2609OF015445;2026-09-22;OUI
GRP196;BSK2607OF017869;2026-09-25;OUI
INDIVIDUEL;BSK2609OF015372;2026-09-22;NON
INDIVIDUEL;BSK2609OF015373;2026-09-22;NON
INDIVIDUEL;BSK2609OF015374;2026-09-22;NON
INDIVIDUEL;BSK2609OF015375;2026-09-22;NON
INDIVIDUEL;BSK2609OF015376;2026-09-22;NON
INDIVIDUEL;BSK2609OF015377;2026-09-22;NON
INDIVIDUEL;BSK2609OF015378;2026-09-22;NON
INDIVIDUEL;BSK2609OF015379;2026-09-22;NON
INDIVIDUEL;BSK2609OF015380;2026-09-22;NON
INDIVIDUEL;BSK2609OF015381;2026-09-22;NON
INDIVIDUEL;BSK2609OF015382;2026-09-22;NON
INDIVIDUEL;BSK2609OF015383;2026-09-22;NON
INDIVIDUEL;BSK2609OF015384;2026-09-22;NON
INDIVIDUEL;BSK2609OF015385;2026-09-22;NON
INDIVIDUEL;BSK2609OF015386;2026-09-22;NON
INDIVIDUEL;BSK2609OF015387;2026-09-22;NON
INDIVIDUEL;BSK2609OF015388;2026-09-22;NON
INDIVIDUEL;BSK2609OF015389;2026-09-22;NON
INDIVIDUEL;BSK2609OF015390;2026-09-22;NON
INDIVIDUEL;BSK2609OF015391;2026-09-22;NON
INDIVIDUEL;BSK2609OF015392;2026-09-22;NON
INDIVIDUEL;BSK2609OF015393;2026-09-22;NON
INDIVIDUEL;BSK2609OF015394;2026-09-22;NON
INDIVIDUEL;BSK2609OF015395;2026-09-22;NON
INDIVIDUEL;BSK2609OF015396;2026-09-22;NON
INDIVIDUEL;BSK2609OF015398;2026-09-22;NON
INDIVIDUEL;BSK2609OF015399;2026-09-22;NON
INDIVIDUEL;BSK2609OF015400;2026-09-22;NON
INDIVIDUEL;BSK2609OF015450;2026-09-22;OUI
INDIVIDUEL;BSK2609OF015451;2026-09-22;OUI
INDIVIDUEL;BSK2609OF015452;2026-09-22;OUI
INDIVIDUEL;BSK2609OF015453;2026-09-22;OUI
INDIVIDUEL;BSK2609OF015454;2026-09-22;OUI
INDIVIDUEL;BSK2609OF015455;2026-09-22;OUI
INDIVIDUEL;BSK2609OF015456;2026-09-22;OUI
INDIVIDUEL;BSK2609OF015457;2026-09-22;OUI
INDIVIDUEL;BSK2609OF015458;2026-09-22;OUI
INDIVIDUEL;BSK2609OF015459;2026-09-22;OUI
INDIVIDUEL;BSK2609OF015460;2026-09-22;OUI
INDIVIDUEL;BSK2609OF015461;2026-09-22;OUI
INDIVIDUEL;BSK2609OF015462;2026-09-22;OUI
INDIVIDUEL;BSK2609OF015478;2026-09-22;OUI
INDIVIDUEL;BSK2609OF015512;2026-09-22;NON
INDIVIDUEL;BSK2609OF015421;2026-09-28;NON
GRP197;BSK2609OF015253;2026-09-30;OUI
GRP197;BSK2609OF015554;2026-09-30;OUI
GRP197;BSK2609OF015254;2026-09-30;OUI
GRP197;BSK2609OF014950;2026-10-20;OUI
GRP197;BSK2609OF015136;2026-10-20;OUI
GRP198;BSK2610OF013402;2026-10-08;NON
GRP198;BSK2610OF013403;2026-10-08;NON
GRP198;BSK2610OF013404;2026-10-08;NON
GRP198;BSK2610OF013405;2026-10-08;NON
GRP198;BSK2610OF013406;2026-10-08;NON
GRP198;BSK2610OF013407;2026-10-08;NON
GRP198;BSK2610OF013408;2026-10-08;NON
GRP198;BSK2610OF013409;2026-10-08;NON
GRP198;BSK2610OF013410;2026-10-08;NON
GRP198;BSK2610OF013411;2026-10-08;NON
GRP198;BSK2610OF013412;2026-10-08;NON
GRP198;BSK2610OF013413;2026-10-08;NON
GRP198;BSK2610OF013414;2026-10-08;NON
GRP198;BSK2609OF014719;2026-10-20;NON
GRP198;BSK2609OF014771;2026-10-20;NON
GRP198;BSK2609OF014812;2026-10-20;NON
GRP199;BSK2610OF013338;2026-10-08;NON
GRP199;BSK2610OF013339;2026-10-08;NON
GRP199;BSK2610OF013340;2026-10-08;NON
GRP199;BSK2610OF013341;2026-10-08;NON
GRP199;BSK2610OF013342;2026-10-08;NON
GRP199;BSK2610OF013343;2026-10-08;NON
GRP199;BSK2609OF014796;2026-10-20;NON
GRP200;BSK2610OF013313;2026-10-08;NON
GRP200;BSK2609OF014809;2026-10-20;NON
GRP200;BSK2609OF014976;2026-10-20;NON
GRP200;BSK2609OF015013;2026-10-20;NON
GRP201;BSK2610OF013344;2026-10-08;NON
GRP201;BSK2610OF013345;2026-10-08;NON
GRP201;BSK2610OF013346;2026-10-08;NON
GRP201;BSK2610OF013347;2026-10-08;NON
GRP201;BSK2610OF013348;2026-10-08;NON
GRP201;BSK2609OF014556;2026-10-20;NON
GRP201;BSK2609OF014674;2026-10-20;NON
GRP201;BSK2609OF014769;2026-10-20;NON
GRP202;BSK2610OF013314;2026-10-08;NON
GRP202;BSK2610OF013315;2026-10-08;NON
GRP202;BSK2610OF013316;2026-10-08;NON
GRP202;BSK2609OF014962;2026-10-20;NON
GRP203;BSK2610OF013549;2026-10-08;NON
GRP203;BSK2609OF014612;2026-10-20;OUI
GRP203;BSK2609OF014711;2026-10-20;OUI
GRP204;BSK2610OF013443;2026-10-08;NON
GRP204;BSK2610OF013444;2026-10-08;NON
GRP204;BSK2610OF013445;2026-10-08;NON
GRP204;BSK2610OF013446;2026-10-08;NON
GRP204;BSK2609OF014842;2026-10-20;NON
GRP205;BSK2610OF013327;2026-10-08;NON
GRP205;BSK2610OF013328;2026-10-08;NON
GRP205;BSK2609OF015098;2026-10-20;OUI
GRP206;BSK2610OF013423;2026-10-08;NON
GRP206;BSK2610OF013424;2026-10-08;NON
GRP206;BSK2610OF013425;2026-10-08;NON
GRP206;BSK2609OF014598;2026-10-20;NON
GRP206;BSK2609OF014810;2026-10-20;NON
GRP206;BSK2609OF015091;2026-10-20;NON
GRP207;BSK2610OF013354;2026-10-08;NON
GRP207;BSK2610OF013355;2026-10-08;NON
GRP207;BSK2610OF013356;2026-10-08;NON
GRP207;BSK2610OF013357;2026-10-08;OUI
GRP207;BSK2609OF014613;2026-10-20;OUI
GRP207;BSK2609OF014787;2026-10-20;OUI
GRP207;BSK2609OF014910;2026-10-20;OUI
GRP207;BSK2609OF014949;2026-10-20;OUI
GRP208;BSK2610OF013419;2026-10-08;NON
GRP208;BSK2610OF013420;2026-10-08;NON
GRP208;BSK2610OF013421;2026-10-08;NON
GRP208;BSK2609OF014594;2026-10-20;NON
GRP208;BSK2609OF014745;2026-10-20;NON
GRP208;BSK2609OF014746;2026-10-20;NON
GRP208;BSK2609OF014813;2026-10-20;NON
GRP208;BSK2609OF015010;2026-10-20;NON
GRP209;BSK2610OF013312;2026-10-08;NON
GRP209;BSK2609OF014826;2026-10-20;OUI
GRP209;BSK2609OF014948;2026-10-20;OUI
GRP209;BSK2609OF014973;2026-10-20;OUI
GRP210;BSK2610OF013447;2026-10-08;NON
GRP210;BSK2609OF014614;2026-10-20;NON
GRP210;BSK2609OF014712;2026-10-20;NON
GRP210;BSK2609OF014757;2026-10-20;NON
GRP210;BSK2609OF014775;2026-10-20;ÉCHOUÉ(stock insuffisant)
GRP211;BSK2610OF013349;2026-10-08;NON
GRP211;BSK2610OF013350;2026-10-08;NON
GRP211;BSK2610OF013351;2026-10-08;NON
GRP211;BSK2610OF013352;2026-10-08;NON
GRP211;BSK2610OF013353;2026-10-08;NON
GRP211;BSK2609OF014794;2026-10-20;NON
GRP212;BSK2610OF013358;2026-10-08;NON
GRP212;BSK2609OF014677;2026-10-20;NON
GRP212;BSK2609OF014819;2026-10-20;NON
GRP212;BSK2609OF014978;2026-10-20;NON
GRP213;BSK2610OF013577;2026-10-08;NON
GRP213;BSK2609OF014744;2026-10-20;NON
GRP213;BSK2609OF014756;2026-10-20;NON
GRP214;BSK2610OF013329;2026-10-08;NON
GRP214;BSK2609OF014806;2026-10-20;NON
GRP214;BSK2609OF014823;2026-10-20;NON
GRP214;BSK2609OF014965;2026-10-20;NON
GRP215;BSK2610OF013448;2026-10-08;NON
GRP215;BSK2609OF014843;2026-10-20;OUI
GRP216;BSK2610OF013422;2026-10-08;NON
GRP216;BSK2609OF014595;2026-10-20;NON
GRP216;BSK2609OF014596;2026-10-20;NON
GRP216;BSK2609OF014597;2026-10-20;NON
GRP216;BSK2609OF014811;2026-10-20;NON
GRP216;BSK2609OF015092;2026-10-20;NON
INDIVIDUEL;BSK2610OF013548;2026-10-08;NON
GRP217;BSK2610OF013640;2026-10-09;NON
GRP217;BSK2610OF013270;2026-10-09;NON
GRP219;BSK2610OF013553;2026-10-12;NON
GRP219;BSK2611OF010869;2026-11-06;OUI
GRP219;BSK2611OF010870;2026-11-06;OUI
GRP219;BSK2609OF014679;2026-10-20;OUI
GRP219;BSK2609OF014680;2026-10-20;OUI
GRP219;BSK2609OF014681;2026-10-20;NON
GRP219;BSK2609OF014682;2026-10-20;NON
GRP219;BSK2609OF014683;2026-10-20;NON
GRP219;BSK2609OF014684;2026-10-20;ÉCHOUÉ(stock insuffisant)
GRP219;BSK2609OF014685;2026-10-20;ÉCHOUÉ(stock insuffisant)
GRP219;BSK2609OF014778;2026-10-22;NON
GRP219;BSK2609OF014792;2026-10-20;ÉCHOUÉ(stock insuffisant)
GRP220;BSK2610OF013550;2026-10-12;NON
GRP220;BSK2609OF014577;2026-10-20;OUI
GRP220;BSK2609OF014615;2026-10-20;OUI
GRP220;BSK2609OF014970;2026-10-20;OUI
GRP221;BSK2610OF013376;2026-10-13;NON
GRP221;BSK2610OF013377;2026-10-13;NON
GRP221;BSK2610OF013378;2026-10-13;NON
GRP221;BSK2610OF013379;2026-10-13;NON
GRP221;BSK2610OF013380;2026-10-13;NON
GRP221;BSK2610OF013381;2026-10-13;NON
GRP221;BSK2610OF013382;2026-10-13;NON
GRP221;BSK2610OF013383;2026-10-13;NON
GRP221;BSK2610OF013384;2026-10-13;NON
GRP221;BSK2610OF013385;2026-10-13;NON
GRP221;BSK2610OF013386;2026-10-13;NON
GRP221;BSK2610OF013387;2026-10-13;NON
GRP221;BSK2610OF013388;2026-10-13;NON
GRP221;BSK2610OF013389;2026-10-13;NON
GRP221;BSK2610OF013390;2026-10-13;NON
GRP221;BSK2610OF013391;2026-10-13;NON
GRP221;BSK2610OF013392;2026-10-13;NON
GRP221;BSK2610OF013393;2026-10-13;NON
GRP221;BSK2610OF013394;2026-10-13;NON
GRP221;BSK2610OF013395;2026-10-13;NON
GRP221;BSK2610OF013396;2026-10-13;NON
GRP221;BSK2610OF013397;2026-10-13;NON
GRP221;BSK2610OF013398;2026-10-13;NON
GRP221;BSK2610OF013399;2026-10-13;NON
GRP221;BSK2610OF013400;2026-10-13;NON
GRP221;BSK2610OF013401;2026-10-13;NON
GRP221;BSK2609OF015036;2026-10-20;OUI
GRP221;BSK2609OF015037;2026-10-20;OUI
GRP221;BSK2609OF015038;2026-10-20;OUI
GRP221;BSK2609OF015039;2026-10-20;OUI
GRP221;BSK2609OF015040;2026-10-20;OUI
GRP221;BSK2609OF015041;2026-10-20;OUI
GRP221;BSK2609OF015042;2026-10-20;OUI
GRP221;BSK2609OF015043;2026-10-20;OUI
GRP221;BSK2609OF015044;2026-10-20;OUI
GRP221;BSK2609OF015045;2026-10-20;OUI
GRP221;BSK2609OF015046;2026-10-20;OUI
GRP221;BSK2609OF015047;2026-10-20;OUI
GRP221;BSK2609OF015048;2026-10-20;OUI
GRP221;BSK2609OF015049;2026-10-20;OUI
GRP221;BSK2609OF015050;2026-10-20;OUI
GRP221;BSK2609OF015051;2026-10-20;OUI
GRP221;BSK2609OF015052;2026-10-20;OUI
INDIVIDUEL;BSK2610OF013426;2026-10-13;NON
INDIVIDUEL;BSK2610OF013427;2026-10-13;NON
INDIVIDUEL;BSK2610OF013428;2026-10-13;NON
INDIVIDUEL;BSK2610OF013429;2026-10-13;NON
INDIVIDUEL;BSK2610OF013430;2026-10-13;NON
INDIVIDUEL;BSK2610OF013431;2026-10-13;NON
INDIVIDUEL;BSK2610OF013432;2026-10-13;NON
INDIVIDUEL;BSK2610OF013433;2026-10-13;NON
INDIVIDUEL;BSK2610OF013434;2026-10-13;NON
INDIVIDUEL;BSK2610OF013435;2026-10-13;NON
INDIVIDUEL;BSK2610OF013436;2026-10-13;NON
INDIVIDUEL;BSK2610OF013437;2026-10-13;NON
INDIVIDUEL;BSK2610OF013438;2026-10-13;NON
INDIVIDUEL;BSK2610OF013439;2026-10-13;NON
INDIVIDUEL;BSK2610OF013440;2026-10-13;NON
INDIVIDUEL;BSK2610OF013441;2026-10-13;NON
INDIVIDUEL;BSK2610OF013442;2026-10-13;NON
GRP222;BSK2610OF013628;2026-10-19;NON
GRP222;BSK2610OF013629;2026-10-19;NON
GRP222;BSK2610OF013630;2026-10-19;NON
GRP222;BSK2610OF013631;2026-10-19;NON
GRP222;BSK2610OF013632;2026-10-19;NON
GRP222;BSK2610OF013633;2026-10-19;NON
GRP222;BSK2610OF013634;2026-10-19;NON
GRP222;BSK2610OF013635;2026-10-19;NON
GRP222;BSK2609OF014758;2026-10-20;NON
GRP222;BSK2609OF014759;2026-10-20;NON
GRP222;BSK2609OF014760;2026-10-20;NON
GRP222;BSK2609OF015079;2026-10-19;NON
INDIVIDUEL;BSK2610OF013311;2026-10-21;OUI
GRP223;BSK2610OF013526;2026-10-22;NON
GRP223;BSK2610OF013527;2026-10-22;NON
GRP223;BSK2610OF013528;2026-10-22;NON
GRP223;BSK2609OF014702;2026-10-22;NON
INDIVIDUEL;BSK2610OF013317;2026-10-22;NON
INDIVIDUEL;BSK2610OF013318;2026-10-22;NON
INDIVIDUEL;BSK2610OF013319;2026-10-22;NON
INDIVIDUEL;BSK2610OF013472;2026-10-22;NON
INDIVIDUEL;BSK2610OF013473;2026-10-22;NON
INDIVIDUEL;BSK2610OF013474;2026-10-22;NON
INDIVIDUEL;BSK2610OF013475;2026-10-22;NON
INDIVIDUEL;BSK2610OF013476;2026-10-22;NON
INDIVIDUEL;BSK2610OF013477;2026-10-22;NON
INDIVIDUEL;BSK2610OF013478;2026-10-22;NON
INDIVIDUEL;BSK2610OF013479;2026-10-22;NON
INDIVIDUEL;BSK2610OF013480;2026-10-22;NON
INDIVIDUEL;BSK2610OF013481;2026-10-22;NON
INDIVIDUEL;BSK2610OF013482;2026-10-22;NON
INDIVIDUEL;BSK2610OF013483;2026-10-22;NON
INDIVIDUEL;BSK2610OF013484;2026-10-22;NON
INDIVIDUEL;BSK2610OF013485;2026-10-22;NON
INDIVIDUEL;BSK2610OF013486;2026-10-22;NON
INDIVIDUEL;BSK2610OF013487;2026-10-22;NON
INDIVIDUEL;BSK2610OF013488;2026-10-22;NON
INDIVIDUEL;BSK2610OF013489;2026-10-22;NON
INDIVIDUEL;BSK2610OF013490;2026-10-22;NON
INDIVIDUEL;BSK2610OF013491;2026-10-22;NON
INDIVIDUEL;BSK2610OF013492;2026-10-22;NON
INDIVIDUEL;BSK2610OF013493;2026-10-22;NON
INDIVIDUEL;BSK2610OF013494;2026-10-22;NON
INDIVIDUEL;BSK2610OF013495;2026-10-22;NON
INDIVIDUEL;BSK2610OF013496;2026-10-22;NON
INDIVIDUEL;BSK2610OF013497;2026-10-22;NON
INDIVIDUEL;BSK2610OF013498;2026-10-22;NON
INDIVIDUEL;BSK2610OF013499;2026-10-22;NON
INDIVIDUEL;BSK2610OF013500;2026-10-22;NON
INDIVIDUEL;BSK2610OF013501;2026-10-22;NON
INDIVIDUEL;BSK2610OF013502;2026-10-22;NON
INDIVIDUEL;BSK2610OF013503;2026-10-22;NON
INDIVIDUEL;BSK2610OF013504;2026-10-22;NON
INDIVIDUEL;BSK2610OF013505;2026-10-22;NON
INDIVIDUEL;BSK2610OF013506;2026-10-22;NON
INDIVIDUEL;BSK2610OF013507;2026-10-22;NON
INDIVIDUEL;BSK2610OF013508;2026-10-22;NON
INDIVIDUEL;BSK2610OF013509;2026-10-22;NON
INDIVIDUEL;BSK2610OF013511;2026-10-22;NON
INDIVIDUEL;BSK2610OF013512;2026-10-22;NON
INDIVIDUEL;BSK2610OF013513;2026-10-22;NON
INDIVIDUEL;BSK2610OF013514;2026-10-22;NON
INDIVIDUEL;BSK2610OF013515;2026-10-22;NON
INDIVIDUEL;BSK2610OF013517;2026-10-22;OUI
INDIVIDUEL;BSK2610OF013518;2026-10-22;OUI
INDIVIDUEL;BSK2610OF013519;2026-10-22;OUI
INDIVIDUEL;BSK2610OF013520;2026-10-22;OUI
INDIVIDUEL;BSK2610OF013521;2026-10-22;OUI
INDIVIDUEL;BSK2610OF013522;2026-10-22;OUI
INDIVIDUEL;BSK2610OF013523;2026-10-22;OUI
INDIVIDUEL;BSK2610OF013524;2026-10-22;OUI
INDIVIDUEL;BSK2610OF013525;2026-10-22;OUI
INDIVIDUEL;BSK2610OF013552;2026-10-22;OUI
INDIVIDUEL;BSK2610OF013555;2026-10-22;OUI
INDIVIDUEL;BSK2610OF013556;2026-10-22;OUI
INDIVIDUEL;BSK2610OF013557;2026-10-22;OUI
INDIVIDUEL;BSK2610OF013558;2026-10-22;OUI
INDIVIDUEL;BSK2610OF013559;2026-10-22;OUI
INDIVIDUEL;BSK2610OF013560;2026-10-22;OUI
INDIVIDUEL;BSK2610OF013561;2026-10-22;OUI
INDIVIDUEL;BSK2610OF013562;2026-10-22;OUI
GRP224;BSK2611OF010717;2026-11-06;NON
GRP224;BSK2611OF010718;2026-11-06;NON
GRP224;BSK2610OF013101;2026-11-19;NON
GRP225;BSK2611OF010774;2026-11-06;NON
GRP225;BSK2611OF010775;2026-11-06;NON
GRP225;BSK2610OF012942;2026-11-19;OUI
GRP226;BSK2611OF010700;2026-11-06;NON
GRP226;BSK2611OF010701;2026-11-06;NON
GRP226;BSK2610OF013251;2026-11-19;NON
GRP227;BSK2611OF010708;2026-11-06;NON
GRP227;BSK2611OF010709;2026-11-06;NON
GRP227;BSK2610OF012938;2026-11-19;NON
GRP227;BSK2610OF012939;2026-11-19;NON
GRP227;BSK2610OF012940;2026-11-19;ÉCHOUÉ(stock insuffisant)
GRP228;BSK2611OF010748;2026-11-06;NON
GRP228;BSK2611OF010749;2026-11-06;NON
GRP228;BSK2610OF013252;2026-11-19;OUI
GRP229;BSK2611OF010726;2026-11-06;NON
GRP229;BSK2611OF010727;2026-11-06;NON
GRP229;BSK2610OF013034;2026-11-19;NON
GRP229;BSK2610OF013129;2026-11-19;NON
GRP229;BSK2610OF013183;2026-11-19;NON
GRP230;BSK2611OF010780;2026-11-06;OUI
GRP230;BSK2611OF010781;2026-11-06;NON
GRP230;BSK2610OF013276;2026-11-19;OUI
GRP231;BSK2611OF010698;2026-11-06;NON
GRP231;BSK2611OF010699;2026-11-06;NON
GRP231;BSK2610OF013032;2026-11-19;OUI
GRP231;BSK2610OF013253;2026-11-19;OUI
GRP232;BSK2611OF010720;2026-11-06;NON
GRP232;BSK2611OF010721;2026-11-06;NON
GRP232;BSK2611OF010722;2026-11-06;NON
GRP232;BSK2611OF010723;2026-11-06;NON
GRP232;BSK2611OF010724;2026-11-06;NON
GRP232;BSK2611OF010725;2026-11-06;NON
GRP232;BSK2610OF013013;2026-11-19;OUI
GRP233;BSK2611OF010695;2026-11-06;NON
GRP233;BSK2611OF010696;2026-11-06;NON
GRP233;BSK2611OF010697;2026-11-06;NON
GRP233;BSK2610OF013102;2026-11-19;OUI
GRP233;BSK2610OF013138;2026-11-19;OUI
GRP234;BSK2611OF010871;2026-11-06;NON
GRP234;BSK2611OF010872;2026-11-06;NON
GRP234;BSK2609OF014814;2026-11-09;OUI
GRP234;BSK2610OF013002;2026-11-19;OUI
GRP234;BSK2610OF013023;2026-11-19;OUI
GRP235;BSK2611OF010791;2026-11-06;NON
GRP235;BSK2610OF013188;2026-11-19;NON
GRP236;BSK2611OF010771;2026-11-06;NON
GRP236;BSK2611OF010772;2026-11-06;NON
GRP236;BSK2611OF010773;2026-11-06;NON
GRP236;BSK2610OF012890;2026-11-19;OUI
GRP236;BSK2610OF013274;2026-11-19;OUI
GRP237;BSK2611OF010728;2026-11-06;NON
GRP237;BSK2611OF010729;2026-11-06;NON
GRP237;BSK2611OF010730;2026-11-06;NON
GRP237;BSK2610OF013031;2026-11-19;OUI
GRP238;BSK2611OF010782;2026-11-06;NON
GRP238;BSK2611OF010783;2026-11-06;NON
GRP238;BSK2611OF010784;2026-11-06;NON
GRP238;BSK2611OF010785;2026-11-06;NON
GRP238;BSK2611OF010786;2026-11-06;NON
GRP238;BSK2611OF010787;2026-11-06;NON
GRP238;BSK2609OF014923;2026-11-09;OUI
GRP238;BSK2610OF013049;2026-11-19;OUI
GRP239;BSK2611OF010702;2026-11-06;NON
GRP239;BSK2611OF010703;2026-11-06;NON
GRP239;BSK2611OF010704;2026-11-06;NON
GRP239;BSK2611OF010705;2026-11-06;NON
GRP239;BSK2610OF013128;2026-11-19;NON
GRP239;BSK2610OF013186;2026-11-19;NON
GRP240;BSK2611OF010776;2026-11-06;NON
GRP240;BSK2609OF015252;2026-11-10;OUI
GRP240;BSK2610OF012984;2026-11-19;OUI
GRP240;BSK2610OF012997;2026-11-19;OUI
GRP241;BSK2611OF010866;2026-11-06;OUI
GRP241;BSK2610OF013279;2026-11-19;OUI
INDIVIDUEL;BSK2611OF010693;2026-11-06;NON
INDIVIDUEL;BSK2611OF010694;2026-11-06;NON
INDIVIDUEL;BSK2611OF010743;2026-11-06;NON
INDIVIDUEL;BSK2611OF010744;2026-11-06;NON
INDIVIDUEL;BSK2611OF010745;2026-11-06;NON
INDIVIDUEL;BSK2611OF010746;2026-11-06;NON
INDIVIDUEL;BSK2611OF010747;2026-11-06;NON
GRP242;BSK2611OF010925;2026-11-10;OUI
GRP242;BSK2611OF010926;2026-11-10;OUI
GRP242;BSK2611OF010927;2026-11-10;OUI
GRP242;BSK2611OF010928;2026-11-10;OUI
GRP242;BSK2611OF010929;2026-11-10;OUI
GRP242;BSK2611OF010930;2026-11-10;OUI
GRP242;BSK2610OF012845;2026-11-10;OUI
GRP242;BSK2610OF012846;2026-11-10;OUI
GRP242;BSK2610OF012847;2026-11-10;OUI
GRP243;BSK2611OF010972;2026-11-10;NON
GRP243;BSK2611OF010624;2026-11-10;NON
GRP243;BSK2611OF010625;2026-11-10;NON
INDIVIDUEL;BSK2611OF010935;2026-11-11;OUI
INDIVIDUEL;BSK2611OF010936;2026-11-11;OUI
INDIVIDUEL;BSK2611OF010937;2026-11-11;OUI
INDIVIDUEL;BSK2611OF010938;2026-11-11;OUI
INDIVIDUEL;BSK2611OF010939;2026-11-11;OUI
INDIVIDUEL;BSK2611OF010940;2026-11-11;OUI
INDIVIDUEL;BSK2611OF010941;2026-11-11;OUI
INDIVIDUEL;BSK2611OF010942;2026-11-11;OUI
INDIVIDUEL;BSK2611OF010943;2026-11-11;OUI
INDIVIDUEL;BSK2611OF010944;2026-11-11;OUI
INDIVIDUEL;BSK2611OF010945;2026-11-11;OUI
INDIVIDUEL;BSK2611OF010946;2026-11-11;OUI
INDIVIDUEL;BSK2611OF010947;2026-11-11;OUI
INDIVIDUEL;BSK2611OF010948;2026-11-11;OUI
INDIVIDUEL;BSK2611OF010949;2026-11-11;OUI
INDIVIDUEL;BSK2611OF010950;2026-11-11;OUI
INDIVIDUEL;BSK2611OF010951;2026-11-11;OUI
INDIVIDUEL;BSK2611OF010952;2026-11-11;OUI
INDIVIDUEL;BSK2611OF010953;2026-11-11;OUI
INDIVIDUEL;BSK2611OF010954;2026-11-11;OUI
INDIVIDUEL;BSK2611OF010955;2026-11-11;OUI
INDIVIDUEL;BSK2611OF010956;2026-11-11;OUI
INDIVIDUEL;BSK2611OF010957;2026-11-11;OUI
INDIVIDUEL;BSK2611OF010958;2026-11-11;OUI
INDIVIDUEL;BSK2611OF010959;2026-11-11;OUI
INDIVIDUEL;BSK2611OF010960;2026-11-11;OUI
INDIVIDUEL;BSK2611OF010961;2026-11-11;OUI
INDIVIDUEL;BSK2611OF010962;2026-11-11;OUI
INDIVIDUEL;BSK2611OF010963;2026-11-11;OUI
INDIVIDUEL;BSK2611OF010964;2026-11-11;OUI
INDIVIDUEL;BSK2611OF010965;2026-11-11;OUI
INDIVIDUEL;BSK2611OF010966;2026-11-11;OUI
INDIVIDUEL;BSK2611OF010967;2026-11-11;OUI
INDIVIDUEL;BSK2611OF010968;2026-11-11;OUI
INDIVIDUEL;BSK2611OF010969;2026-11-11;OUI
INDIVIDUEL;BSK2611OF010970;2026-11-11;OUI
INDIVIDUEL;BSK2611OF010971;2026-11-11;OUI
GRP245;BSK2611OF010758;2026-11-12;NON
GRP245;BSK2611OF010759;2026-11-12;NON
GRP245;BSK2611OF010760;2026-11-12;NON
GRP245;BSK2611OF010761;2026-11-12;OUI
GRP245;BSK2611OF010762;2026-11-12;OUI
GRP245;BSK2611OF010763;2026-11-12;OUI
GRP245;BSK2610OF013038;2026-11-19;OUI
GRP245;BSK2610OF013041;2026-11-19;OUI
GRP245;BSK2610OF013122;2026-11-19;OUI
INDIVIDUEL;BSK2611OF010827;2026-11-12;NON
INDIVIDUEL;BSK2611OF010873;2026-11-12;NON
INDIVIDUEL;BSK2611OF010900;2026-11-12;OUI
INDIVIDUEL;BSK2611OF010901;2026-11-12;OUI
INDIVIDUEL;BSK2611OF010770;2026-11-20;NON
INDIVIDUEL;BSK2611OF010788;2026-11-20;NON
INDIVIDUEL;BSK2611OF010789;2026-11-20;NON
INDIVIDUEL;BSK2611OF010790;2026-11-20;NON
INDIVIDUEL;BSK2611OF010792;2026-11-20;NON
INDIVIDUEL;BSK2611OF010793;2026-11-20;NON
INDIVIDUEL;BSK2611OF010794;2026-11-20;NON
INDIVIDUEL;BSK2611OF010795;2026-11-20;NON
INDIVIDUEL;BSK2611OF010796;2026-11-20;NON
INDIVIDUEL;BSK2611OF010797;2026-11-20;NON
INDIVIDUEL;BSK2611OF010798;2026-11-20;NON
INDIVIDUEL;BSK2611OF010799;2026-11-20;NON
INDIVIDUEL;BSK2611OF010800;2026-11-20;NON
INDIVIDUEL;BSK2611OF010801;2026-11-20;NON
INDIVIDUEL;BSK2611OF010802;2026-11-20;NON
INDIVIDUEL;BSK2611OF010803;2026-11-20;NON
INDIVIDUEL;BSK2611OF010804;2026-11-20;NON
INDIVIDUEL;BSK2611OF010805;2026-11-20;NON
INDIVIDUEL;BSK2611OF010806;2026-11-20;NON
INDIVIDUEL;BSK2611OF010807;2026-11-20;NON
INDIVIDUEL;BSK2611OF010808;2026-11-20;NON
INDIVIDUEL;BSK2611OF010809;2026-11-20;NON
INDIVIDUEL;BSK2611OF010810;2026-11-20;NON
INDIVIDUEL;BSK2611OF010811;2026-11-20;NON
INDIVIDUEL;BSK2611OF010812;2026-11-20;NON
INDIVIDUEL;BSK2611OF010813;2026-11-20;NON
INDIVIDUEL;BSK2611OF010814;2026-11-20;NON
INDIVIDUEL;BSK2611OF010815;2026-11-20;NON
INDIVIDUEL;BSK2611OF010816;2026-11-20;NON
INDIVIDUEL;BSK2611OF010817;2026-11-20;NON
INDIVIDUEL;BSK2611OF010818;2026-11-20;NON
INDIVIDUEL;BSK2611OF010819;2026-11-20;NON
INDIVIDUEL;BSK2611OF010820;2026-11-20;NON
INDIVIDUEL;BSK2611OF010821;2026-11-20;NON
INDIVIDUEL;BSK2611OF010822;2026-11-20;NON
INDIVIDUEL;BSK2611OF010823;2026-11-20;NON
INDIVIDUEL;BSK2611OF010824;2026-11-20;NON
INDIVIDUEL;BSK2611OF010825;2026-11-20;NON
INDIVIDUEL;BSK2611OF010826;2026-11-20;NON
INDIVIDUEL;BSK2611OF010829;2026-11-20;NON
INDIVIDUEL;BSK2611OF010830;2026-11-20;NON
INDIVIDUEL;BSK2611OF010831;2026-11-20;NON
INDIVIDUEL;BSK2611OF010832;2026-11-20;NON
INDIVIDUEL;BSK2611OF010833;2026-11-20;NON
INDIVIDUEL;BSK2611OF010834;2026-11-20;NON
INDIVIDUEL;BSK2611OF010835;2026-11-20;NON
INDIVIDUEL;BSK2611OF010864;2026-11-20;NON
INDIVIDUEL;BSK2611OF010889;2026-11-20;OUI
INDIVIDUEL;BSK2611OF010890;2026-11-20;OUI
INDIVIDUEL;BSK2611OF010891;2026-11-20;OUI
INDIVIDUEL;BSK2611OF010892;2026-11-20;OUI
INDIVIDUEL;BSK2611OF010893;2026-11-20;OUI
INDIVIDUEL;BSK2611OF010894;2026-11-20;OUI
INDIVIDUEL;BSK2611OF010895;2026-11-20;OUI
INDIVIDUEL;BSK2611OF010896;2026-11-20;OUI
INDIVIDUEL;BSK2611OF010897;2026-11-20;OUI
INDIVIDUEL;BSK2611OF010898;2026-11-20;OUI
INDIVIDUEL;BSK2611OF010899;2026-11-20;OUI
INDIVIDUEL;BSK2611OF010934;2026-11-20;NON
INDIVIDUEL;BSK2612OF006127;2026-12-01;OUI
INDIVIDUEL;BSK2612OF006128;2026-12-01;OUI
GRP246;BSK2612OF006176;2026-12-09;NON
GRP246;BSK2612OF006177;2026-12-09;NON
GRP246;BSK2612OF006178;2026-12-09;NON
GRP246;BSK2612OF006179;2026-12-09;NON
GRP246;BSK2612OF006180;2026-12-09;NON
GRP246;BSK2612OF006181;2026-12-09;NON
GRP246;BSK2612OF006182;2026-12-09;NON
GRP246;BSK2612OF006183;2026-12-09;NON
GRP246;BSK2612OF006184;2026-12-09;NON
GRP246;BSK2610OF013021;2026-12-10;OUI
GRP246;BSK2610OF013309;2026-12-11;OUI
GRP246;BSK2611OF010499;2026-12-18;OUI
GRP246;BSK2611OF010500;2026-12-18;OUI
GRP247;BSK2612OF006133;2026-12-09;NON
GRP247;BSK2610OF013181;2026-12-10;OUI
GRP248;BSK2612OF006137;2026-12-09;NON
GRP248;BSK2612OF006138;2026-12-09;NON
GRP248;BSK2612OF006139;2026-12-09;NON
GRP248;BSK2612OF006140;2026-12-09;NON
GRP248;BSK2610OF013184;2026-12-10;OUI
GRP249;BSK2612OF006146;2026-12-09;NON
GRP249;BSK2612OF006147;2026-12-09;NON
GRP249;BSK2612OF006148;2026-12-09;NON
GRP249;BSK2610OF012799;2026-12-10;OUI
GRP249;BSK2610OF012800;2026-12-10;OUI
GRP249;BSK2610OF012801;2026-12-10;OUI
GRP250;BSK2612OF006150;2026-12-09;NON
GRP250;BSK2612OF006151;2026-12-09;NON
GRP250;BSK2610OF012896;2026-12-10;OUI
GRP251;BSK2612OF006129;2026-12-09;NON
GRP251;BSK2611OF010617;2026-12-18;NON
GRP251;BSK2611OF010618;2026-12-18;NON
GRP252;BSK2612OF006145;2026-12-09;NON
GRP252;BSK2610OF012796;2026-12-10;OUI
GRP252;BSK2610OF012797;2026-12-10;OUI
GRP252;BSK2610OF012798;2026-12-10;OUI
INDIVIDUEL;BSK2612OF006130;2026-12-09;NON
INDIVIDUEL;BSK2612OF006131;2026-12-09;NON
INDIVIDUEL;BSK2612OF006132;2026-12-09;NON
INDIVIDUEL;BSK2612OF006135;2026-12-09;NON
INDIVIDUEL;BSK2612OF006144;2026-12-09;NON
INDIVIDUEL;BSK2612OF006153;2026-12-09;NON
GRP253;BSK2612OF006270;2026-12-10;NON
GRP253;BSK2612OF006110;2026-12-10;NON
INDIVIDUEL;BSK2612OF006266;2026-12-22;NON
INDIVIDUEL;BSK2612OF006267;2026-12-22;OUI
INDIVIDUEL;BSK2612OF006268;2026-12-22;NON
INDIVIDUEL;BSK2612OF006269;2026-12-22;NON
INDIVIDUEL;BSK2612OF006154;2026-12-23;NON
INDIVIDUEL;BSK2612OF006155;2026-12-23;NON
INDIVIDUEL;BSK2612OF006156;2026-12-23;NON
INDIVIDUEL;BSK2612OF006157;2026-12-23;NON
INDIVIDUEL;BSK2612OF006158;2026-12-23;NON
INDIVIDUEL;BSK2612OF006159;2026-12-23;NON
INDIVIDUEL;BSK2612OF006160;2026-12-23;NON
INDIVIDUEL;BSK2612OF006161;2026-12-23;NON
INDIVIDUEL;BSK2612OF006162;2026-12-23;NON
INDIVIDUEL;BSK2612OF006165;2026-12-23;NON
INDIVIDUEL;BSK2612OF006166;2026-12-23;NON
INDIVIDUEL;BSK2612OF006167;2026-12-23;NON
INDIVIDUEL;BSK2612OF006168;2026-12-23;NON
INDIVIDUEL;BSK2612OF006185;2026-12-23;OUI
INDIVIDUEL;BSK2612OF006186;2026-12-23;OUI
INDIVIDUEL;BSK2612OF006187;2026-12-23;OUI
INDIVIDUEL;BSK2612OF006188;2026-12-23;OUI
INDIVIDUEL;BSK2612OF006189;2026-12-23;OUI
INDIVIDUEL;BSK2612OF006190;2026-12-23;OUI
INDIVIDUEL;BSK2612OF006191;2026-12-23;OUI
INDIVIDUEL;BSK2612OF006192;2026-12-23;OUI
INDIVIDUEL;BSK2612OF006201;2026-12-23;OUI
INDIVIDUEL;BSK2611OF010692;2026-12-28;OUI
INDIVIDUEL;BSK2612OF006271;2026-12-30;OUI
GRP255;BSK2701OF006458;2027-01-06;OUI
GRP255;BSK2612OF006083;2027-01-20;OUI
GRP256;BSK2701OF006439;2027-01-06;OUI
GRP256;BSK2612OF006099;2027-01-20;OUI
INDIVIDUEL;BSK2701OF006438;2027-01-06;OUI
INDIVIDUEL;BSK2701OF006440;2027-01-06;OUI
INDIVIDUEL;BSK2701OF006441;2027-01-06;OUI
INDIVIDUEL;BSK2701OF006450;2027-01-06;OUI
INDIVIDUEL;BSK2701OF006451;2027-01-06;OUI
INDIVIDUEL;BSK2701OF006459;2027-01-06;OUI
INDIVIDUEL;BSK2701OF006470;2027-01-06;OUI
INDIVIDUEL;BSK2701OF006471;2027-01-06;OUI
INDIVIDUEL;BSK2701OF006472;2027-01-06;ÉCHOUÉ(poste indispo)
INDIVIDUEL;BSK2701OF006473;2027-01-06;ÉCHOUÉ(poste indispo)
INDIVIDUEL;BSK2701OF006481;2027-01-06;OUI
INDIVIDUEL;BSK2701OF006482;2027-01-06;OUI
INDIVIDUEL;BSK2701OF006483;2027-01-06;OUI
INDIVIDUEL;BSK2701OF006484;2027-01-06;NON
INDIVIDUEL;BSK2701OF006485;2027-01-06;NON
INDIVIDUEL;BSK2701OF006486;2027-01-06;NON
INDIVIDUEL;BSK2701OF006487;2027-01-06;NON
INDIVIDUEL;BSK2701OF006488;2027-01-06;OUI
INDIVIDUEL;BSK2701OF006489;2027-01-06;OUI
INDIVIDUEL;BSK2701OF006490;2027-01-06;OUI
INDIVIDUEL;BSK2701OF006491;2027-01-06;NON
INDIVIDUEL;BSK2701OF006492;2027-01-06;NON
INDIVIDUEL;BSK2701OF006493;2027-01-06;OUI
INDIVIDUEL;BSK2701OF006494;2027-01-06;NON
INDIVIDUEL;BSK2701OF006495;2027-01-06;NON
INDIVIDUEL;BSK2701OF006496;2027-01-06;NON
INDIVIDUEL;BSK2701OF006497;2027-01-06;OUI
INDIVIDUEL;BSK2701OF006498;2027-01-06;OUI
INDIVIDUEL;BSK2701OF006499;2027-01-06;OUI
INDIVIDUEL;BSK2701OF006500;2027-01-06;NON
INDIVIDUEL;BSK2701OF006519;2027-01-06;OUI
INDIVIDUEL;BSK2701OF006520;2027-01-06;OUI
INDIVIDUEL;BSK2701OF006521;2027-01-06;OUI
INDIVIDUEL;BSK2701OF006522;2027-01-06;NON
INDIVIDUEL;BSK2701OF006523;2027-01-06;NON
INDIVIDUEL;BSK2701OF006534;2027-01-06;NON
INDIVIDUEL;BSK2701OF006535;2027-01-06;NON
INDIVIDUEL;BSK2701OF006536;2027-01-06;NON
INDIVIDUEL;BSK2701OF006537;2027-01-06;NON
INDIVIDUEL;BSK2701OF006538;2027-01-06;NON
INDIVIDUEL;BSK2701OF006539;2027-01-06;NON
INDIVIDUEL;BSK2701OF006546;2027-01-06;NON
INDIVIDUEL;BSK2701OF006547;2027-01-06;NON
INDIVIDUEL;BSK2701OF006548;2027-01-06;NON
INDIVIDUEL;BSK2701OF006549;2027-01-06;NON
INDIVIDUEL;BSK2701OF006550;2027-01-06;NON
INDIVIDUEL;BSK2701OF006561;2027-01-06;NON
INDIVIDUEL;BSK2701OF006634;2027-01-06;NON
INDIVIDUEL;BSK2701OF006501;2027-01-20;NON
INDIVIDUEL;BSK2701OF006502;2027-01-20;NON
INDIVIDUEL;BSK2701OF006503;2027-01-20;NON
INDIVIDUEL;BSK2701OF006504;2027-01-20;NON
INDIVIDUEL;BSK2701OF006505;2027-01-20;NON
INDIVIDUEL;BSK2701OF006506;2027-01-20;NON
INDIVIDUEL;BSK2701OF006507;2027-01-20;NON
INDIVIDUEL;BSK2701OF006508;2027-01-20;NON
INDIVIDUEL;BSK2701OF006509;2027-01-20;NON
INDIVIDUEL;BSK2701OF006510;2027-01-20;NON
INDIVIDUEL;BSK2701OF006511;2027-01-20;NON
INDIVIDUEL;BSK2701OF006512;2027-01-20;NON
INDIVIDUEL;BSK2701OF006513;2027-01-20;NON
INDIVIDUEL;BSK2701OF006514;2027-01-20;NON
INDIVIDUEL;BSK2701OF006515;2027-01-20;NON
INDIVIDUEL;BSK2701OF006516;2027-01-20;NON
INDIVIDUEL;BSK2701OF006517;2027-01-20;NON
INDIVIDUEL;BSK2701OF006518;2027-01-20;NON
INDIVIDUEL;BSK2701OF006524;2027-01-20;NON
INDIVIDUEL;BSK2701OF006525;2027-01-20;NON
INDIVIDUEL;BSK2701OF006526;2027-01-20;NON
INDIVIDUEL;BSK2701OF006527;2027-01-20;NON
INDIVIDUEL;BSK2701OF006528;2027-01-20;NON
INDIVIDUEL;BSK2701OF006529;2027-01-20;NON
INDIVIDUEL;BSK2701OF006530;2027-01-20;NON
INDIVIDUEL;BSK2701OF006531;2027-01-20;NON
INDIVIDUEL;BSK2701OF006532;2027-01-20;NON
INDIVIDUEL;BSK2701OF006533;2027-01-20;NON
INDIVIDUEL;BSK2701OF006543;2027-01-20;NON
INDIVIDUEL;BSK2701OF006544;2027-01-20;NON
INDIVIDUEL;BSK2701OF006545;2027-01-20;NON
INDIVIDUEL;BSK2701OF006553;2027-01-20;NON
INDIVIDUEL;BSK2701OF006554;2027-01-20;NON
INDIVIDUEL;BSK2701OF006562;2027-01-20;NON
INDIVIDUEL;BSK2701OF006563;2027-01-20;NON
INDIVIDUEL;BSK2701OF006564;2027-01-20;NON
INDIVIDUEL;BSK2701OF006565;2027-01-20;NON
INDIVIDUEL;BSK2701OF006566;2027-01-20;NON
INDIVIDUEL;BSK2701OF006567;2027-01-20;NON
INDIVIDUEL;BSK2701OF006568;2027-01-20;NON
INDIVIDUEL;BSK2701OF006569;2027-01-20;NON
INDIVIDUEL;BSK2701OF006570;2027-01-20;NON
INDIVIDUEL;BSK2701OF006571;2027-01-20;NON
INDIVIDUEL;BSK2701OF006572;2027-01-20;NON
INDIVIDUEL;BSK2701OF006573;2027-01-20;NON
INDIVIDUEL;BSK2701OF006574;2027-01-20;NON
INDIVIDUEL;BSK2701OF006575;2027-01-20;NON
INDIVIDUEL;BSK2701OF006576;2027-01-20;NON
INDIVIDUEL;BSK2701OF006577;2027-01-20;NON
INDIVIDUEL;BSK2701OF006578;2027-01-20;NON
INDIVIDUEL;BSK2701OF006579;2027-01-20;NON
INDIVIDUEL;BSK2701OF006580;2027-01-20;NON
INDIVIDUEL;BSK2701OF006581;2027-01-20;NON
INDIVIDUEL;BSK2701OF006582;2027-01-20;NON
INDIVIDUEL;BSK2701OF006583;2027-01-20;NON
INDIVIDUEL;BSK2701OF006584;2027-01-20;NON
INDIVIDUEL;BSK2701OF006585;2027-01-20;NON
INDIVIDUEL;BSK2701OF006586;2027-01-20;NON
INDIVIDUEL;BSK2701OF006587;2027-01-20;NON
INDIVIDUEL;BSK2701OF006588;2027-01-20;NON
INDIVIDUEL;BSK2701OF006589;2027-01-20;NON
INDIVIDUEL;BSK2701OF006590;2027-01-20;NON
INDIVIDUEL;BSK2701OF006591;2027-01-20;NON
INDIVIDUEL;BSK2701OF006592;2027-01-20;NON
INDIVIDUEL;BSK2701OF006593;2027-01-20;NON
INDIVIDUEL;BSK2701OF006594;2027-01-20;NON
INDIVIDUEL;BSK2701OF006595;2027-01-20;NON
INDIVIDUEL;BSK2701OF006596;2027-01-20;NON
INDIVIDUEL;BSK2701OF006597;2027-01-20;NON
INDIVIDUEL;BSK2701OF006598;2027-01-20;NON
INDIVIDUEL;BSK2701OF006599;2027-01-20;OUI
INDIVIDUEL;BSK2701OF006600;2027-01-20;NON
INDIVIDUEL;BSK2701OF006601;2027-01-20;NON
INDIVIDUEL;BSK2701OF006602;2027-01-20;NON
INDIVIDUEL;BSK2701OF006603;2027-01-20;NON
INDIVIDUEL;BSK2701OF006604;2027-01-20;NON
INDIVIDUEL;BSK2701OF006605;2027-01-20;NON
INDIVIDUEL;BSK2701OF006606;2027-01-20;NON
INDIVIDUEL;BSK2701OF006607;2027-01-20;NON
INDIVIDUEL;BSK2701OF006608;2027-01-20;NON
INDIVIDUEL;BSK2701OF006609;2027-01-20;NON
INDIVIDUEL;BSK2701OF006610;2027-01-20;NON
INDIVIDUEL;BSK2701OF006611;2027-01-20;NON
INDIVIDUEL;BSK2701OF006612;2027-01-20;NON
INDIVIDUEL;BSK2701OF006613;2027-01-20;NON
INDIVIDUEL;BSK2701OF006614;2027-01-20;NON
INDIVIDUEL;BSK2701OF006615;2027-01-20;NON
INDIVIDUEL;BSK2701OF006616;2027-01-20;OUI
INDIVIDUEL;BSK2701OF006617;2027-01-20;OUI
INDIVIDUEL;BSK2701OF006618;2027-01-20;OUI
INDIVIDUEL;BSK2701OF006619;2027-01-20;OUI
INDIVIDUEL;BSK2701OF006620;2027-01-20;OUI
INDIVIDUEL;BSK2701OF006621;2027-01-20;OUI
INDIVIDUEL;BSK2701OF006622;2027-01-20;OUI
INDIVIDUEL;BSK2701OF006623;2027-01-20;OUI
INDIVIDUEL;BSK2701OF006624;2027-01-20;OUI
INDIVIDUEL;BSK2701OF006625;2027-01-20;OUI
INDIVIDUEL;BSK2701OF006626;2027-01-20;OUI
INDIVIDUEL;BSK2701OF006627;2027-01-20;OUI
INDIVIDUEL;BSK2701OF006628;2027-01-20;OUI
INDIVIDUEL;BSK2701OF006629;2027-01-20;OUI
INDIVIDUEL;BSK2701OF006630;2027-01-20;OUI
INDIVIDUEL;BSK2701OF006631;2027-01-20;OUI
INDIVIDUEL;BSK2701OF006632;2027-01-20;NON
INDIVIDUEL;BSK2701OF006635;2027-01-20;NON
INDIVIDUEL;BSK2701OF006636;2027-01-20;OUI
INDIVIDUEL;BSK2701OF006637;2027-01-20;NON
INDIVIDUEL;BSK2701OF006638;2027-01-20;OUI
INDIVIDUEL;BSK2701OF006639;2027-01-20;OUI
INDIVIDUEL;BSK2701OF006640;2027-01-20;OUI
INDIVIDUEL;BSK2701OF006641;2027-01-20;OUI
INDIVIDUEL;BSK2701OF006642;2027-01-20;OUI
INDIVIDUEL;BSK2701OF006643;2027-01-20;OUI
INDIVIDUEL;BSK2701OF006644;2027-01-20;OUI
INDIVIDUEL;BSK2701OF006645;2027-01-20;OUI
INDIVIDUEL;BSK2701OF006646;2027-01-20;OUI
INDIVIDUEL;BSK2701OF006647;2027-01-20;OUI
INDIVIDUEL;BSK2701OF006648;2027-01-20;OUI
INDIVIDUEL;BSK2701OF006649;2027-01-20;OUI
INDIVIDUEL;BSK2701OF006650;2027-01-20;OUI
INDIVIDUEL;BSK2701OF006651;2027-01-20;OUI
INDIVIDUEL;BSK2701OF006652;2027-01-20;OUI
INDIVIDUEL;BSK2701OF006663;2027-01-20;OUI
INDIVIDUEL;BSK2701OF006665;2027-01-20;OUI
INDIVIDUEL;BSK2701OF006666;2027-01-20;OUI
INDIVIDUEL;BSK2701OF006670;2027-01-20;NON
INDIVIDUEL;BSK2701OF006676;2027-01-20;OUI
INDIVIDUEL;BSK2701OF006677;2027-01-20;OUI
INDIVIDUEL;BSK2701OF006678;2027-01-20;OUI
INDIVIDUEL;BSK2701OF006679;2027-01-20;OUI
INDIVIDUEL;BSK2701OF006680;2027-01-20;OUI
INDIVIDUEL;BSK2701OF006681;2027-01-20;OUI
INDIVIDUEL;BSK2701OF006682;2027-01-20;OUI
INDIVIDUEL;BSK2701OF006683;2027-01-20;OUI
INDIVIDUEL;BSK2701OF006684;2027-01-20;OUI
INDIVIDUEL;BSK2701OF006685;2027-01-20;OUI
INDIVIDUEL;BSK2701OF006686;2027-01-20;OUI
INDIVIDUEL;BSK2701OF006687;2027-01-20;OUI
INDIVIDUEL;BSK2701OF006688;2027-01-20;OUI
GRP258;BSK2612OF006126;2027-01-25;OUI
GRP258;BSK2701OF006331;2027-02-15;OUI
GRP259;BSK2702OF005830;2027-02-05;NON
GRP259;BSK2702OF005831;2027-02-05;NON
GRP259;BSK2701OF006305;2027-02-17;NON
GRP259;BSK2701OF006306;2027-02-17;NON
INDIVIDUEL;BSK2702OF005825;2027-02-05;NON
INDIVIDUEL;BSK2702OF005826;2027-02-05;NON
INDIVIDUEL;BSK2702OF005827;2027-02-05;NON
INDIVIDUEL;BSK2702OF005828;2027-02-05;NON
INDIVIDUEL;BSK2702OF005840;2027-02-05;NON
INDIVIDUEL;BSK2702OF005841;2027-02-05;NON
INDIVIDUEL;BSK2702OF005842;2027-02-05;NON
INDIVIDUEL;BSK2702OF005843;2027-02-05;NON
INDIVIDUEL;BSK2702OF005844;2027-02-05;NON
INDIVIDUEL;BSK2702OF005845;2027-02-05;NON
INDIVIDUEL;BSK2702OF005846;2027-02-05;NON
INDIVIDUEL;BSK2702OF005849;2027-02-05;NON
INDIVIDUEL;BSK2702OF005850;2027-02-05;NON
INDIVIDUEL;BSK2702OF005856;2027-02-05;NON
INDIVIDUEL;BSK2702OF005857;2027-02-05;NON
INDIVIDUEL;BSK2702OF005858;2027-02-05;NON
INDIVIDUEL;BSK2702OF005859;2027-02-05;NON
INDIVIDUEL;BSK2702OF005860;2027-02-05;NON
INDIVIDUEL;BSK2702OF005861;2027-02-05;NON
INDIVIDUEL;BSK2702OF005869;2027-02-05;NON
INDIVIDUEL;BSK2702OF005870;2027-02-05;NON
INDIVIDUEL;BSK2702OF005872;2027-02-05;NON
INDIVIDUEL;BSK2702OF005873;2027-02-05;NON
INDIVIDUEL;BSK2702OF005874;2027-02-05;NON
INDIVIDUEL;BSK2702OF005875;2027-02-05;NON
INDIVIDUEL;BSK2702OF005876;2027-02-05;NON
INDIVIDUEL;BSK2702OF005877;2027-02-05;NON
INDIVIDUEL;BSK2702OF005922;2027-02-05;NON
INDIVIDUEL;BSK2702OF005871;2027-02-19;NON
INDIVIDUEL;BSK2702OF005879;2027-02-19;NON
INDIVIDUEL;BSK2702OF005880;2027-02-19;NON
INDIVIDUEL;BSK2702OF005881;2027-02-19;NON
INDIVIDUEL;BSK2702OF005882;2027-02-19;NON
INDIVIDUEL;BSK2702OF005883;2027-02-19;NON
INDIVIDUEL;BSK2702OF005884;2027-02-19;NON
INDIVIDUEL;BSK2702OF005885;2027-02-19;NON
INDIVIDUEL;BSK2702OF005886;2027-02-19;NON
INDIVIDUEL;BSK2702OF005887;2027-02-19;NON
INDIVIDUEL;BSK2702OF005888;2027-02-19;NON
INDIVIDUEL;BSK2702OF005889;2027-02-19;NON
INDIVIDUEL;BSK2702OF005890;2027-02-19;OUI
INDIVIDUEL;BSK2702OF005891;2027-02-19;OUI
INDIVIDUEL;BSK2702OF005892;2027-02-19;NON
INDIVIDUEL;BSK2702OF005893;2027-02-19;NON
INDIVIDUEL;BSK2702OF005894;2027-02-19;NON
INDIVIDUEL;BSK2702OF005895;2027-02-19;NON
INDIVIDUEL;BSK2702OF005896;2027-02-19;NON
INDIVIDUEL;BSK2702OF005897;2027-02-19;NON
INDIVIDUEL;BSK2702OF005898;2027-02-19;NON
INDIVIDUEL;BSK2702OF005899;2027-02-19;NON
INDIVIDUEL;BSK2702OF005900;2027-02-19;NON
INDIVIDUEL;BSK2702OF005901;2027-02-19;NON
INDIVIDUEL;BSK2702OF005902;2027-02-19;NON
INDIVIDUEL;BSK2702OF005903;2027-02-19;NON
INDIVIDUEL;BSK2702OF005904;2027-02-19;NON
INDIVIDUEL;BSK2702OF005905;2027-02-19;NON
INDIVIDUEL;BSK2702OF005906;2027-02-19;NON
INDIVIDUEL;BSK2702OF005907;2027-02-19;NON
INDIVIDUEL;BSK2702OF005908;2027-02-19;NON
INDIVIDUEL;BSK2702OF005909;2027-02-19;NON
INDIVIDUEL;BSK2702OF005910;2027-02-19;NON
INDIVIDUEL;BSK2702OF005911;2027-02-19;NON
INDIVIDUEL;BSK2702OF005912;2027-02-19;NON
INDIVIDUEL;BSK2702OF005913;2027-02-19;NON
INDIVIDUEL;BSK2702OF005914;2027-02-19;NON
INDIVIDUEL;BSK2702OF005915;2027-02-19;NON
INDIVIDUEL;BSK2702OF005916;2027-02-19;NON
INDIVIDUEL;BSK2702OF005917;2027-02-19;NON
INDIVIDUEL;BSK2702OF005918;2027-02-19;NON
INDIVIDUEL;BSK2702OF005919;2027-02-19;NON
INDIVIDUEL;BSK2702OF005925;2027-02-19;OUI
INDIVIDUEL;BSK2702OF005926;2027-02-19;OUI
INDIVIDUEL;BSK2702OF005927;2027-02-19;OUI
INDIVIDUEL;BSK2702OF005928;2027-02-19;OUI
INDIVIDUEL;BSK2702OF005929;2027-02-19;OUI
INDIVIDUEL;BSK2702OF005930;2027-02-19;OUI
INDIVIDUEL;BSK2702OF005931;2027-02-19;OUI
INDIVIDUEL;BSK2702OF005932;2027-02-19;OUI
INDIVIDUEL;BSK2702OF005942;2027-02-19;OUI
INDIVIDUEL;BSK2702OF005943;2027-02-19;OUI
INDIVIDUEL;BSK2702OF005944;2027-02-19;OUI
INDIVIDUEL;BSK2702OF005945;2027-02-19;OUI
INDIVIDUEL;BSK2702OF005946;2027-02-19;OUI
INDIVIDUEL;BSK2702OF005947;2027-02-19;OUI
INDIVIDUEL;BSK2702OF005948;2027-02-19;OUI
INDIVIDUEL;BSK2702OF005949;2027-02-19;OUI
INDIVIDUEL;BSK2702OF005950;2027-02-19;OUI
INDIVIDUEL;BSK2702OF005951;2027-02-19;OUI
GRP261;BSK2703OF005487;2027-03-08;NON
GRP261;BSK2703OF005488;2027-03-08;NON
GRP261;BSK2703OF005489;2027-03-08;NON
GRP261;BSK2703OF005490;2027-03-08;NON
GRP261;BSK2703OF005491;2027-03-08;NON
GRP261;BSK2703OF005492;2027-03-08;NON
GRP261;BSK2703OF005493;2027-03-08;NON
GRP261;BSK2703OF005494;2027-03-08;NON
GRP261;BSK2703OF005495;2027-03-08;NON
GRP261;BSK2702OF005763;2027-03-19;OUI
GRP261;BSK2702OF005764;2027-03-19;OUI
INDIVIDUEL;BSK2703OF005427;2027-03-08;NON
INDIVIDUEL;BSK2703OF005428;2027-03-08;NON
INDIVIDUEL;BSK2703OF005429;2027-03-08;NON
INDIVIDUEL;BSK2703OF005430;2027-03-08;NON
INDIVIDUEL;BSK2703OF005434;2027-03-08;NON
INDIVIDUEL;BSK2703OF005435;2027-03-08;NON
INDIVIDUEL;BSK2703OF005442;2027-03-08;NON
INDIVIDUEL;BSK2703OF005452;2027-03-08;NON
INDIVIDUEL;BSK2703OF005453;2027-03-08;NON
INDIVIDUEL;BSK2703OF005454;2027-03-08;NON
INDIVIDUEL;BSK2703OF005457;2027-03-08;NON
GRP262;BSK2703OF005480;2027-03-10;OUI
GRP262;BSK2703OF005409;2027-03-10;NON
GRP264;BSK2703OF005510;2027-03-19;OUI
GRP264;BSK2703OF005511;2027-03-19;NON
GRP264;BSK2703OF005514;2027-03-19;NON
GRP264;BSK2703OF005515;2027-03-19;NON
GRP264;BSK2702OF005805;2027-03-19;OUI
GRP264;BSK2702OF005806;2027-03-19;OUI
GRP264;BSK2702OF005807;2027-03-19;OUI
GRP264;BSK2702OF005809;2027-03-19;OUI
GRP264;BSK2702OF005810;2027-03-19;OUI
INDIVIDUEL;BSK2703OF005443;2027-03-22;OUI
INDIVIDUEL;BSK2703OF005444;2027-03-22;OUI
INDIVIDUEL;BSK2703OF005445;2027-03-22;OUI
INDIVIDUEL;BSK2703OF005446;2027-03-22;OUI
INDIVIDUEL;BSK2703OF005447;2027-03-22;NON
INDIVIDUEL;BSK2703OF005448;2027-03-22;NON
INDIVIDUEL;BSK2703OF005449;2027-03-22;NON
INDIVIDUEL;BSK2703OF005450;2027-03-22;NON
INDIVIDUEL;BSK2703OF005451;2027-03-22;NON
INDIVIDUEL;BSK2703OF005459;2027-03-22;NON
INDIVIDUEL;BSK2703OF005460;2027-03-22;NON
INDIVIDUEL;BSK2703OF005461;2027-03-22;NON
INDIVIDUEL;BSK2703OF005462;2027-03-22;NON
INDIVIDUEL;BSK2703OF005465;2027-03-22;NON
INDIVIDUEL;BSK2703OF005466;2027-03-22;NON
INDIVIDUEL;BSK2703OF005467;2027-03-22;NON
INDIVIDUEL;BSK2703OF005468;2027-03-22;NON
INDIVIDUEL;BSK2703OF005469;2027-03-22;NON
INDIVIDUEL;BSK2703OF005470;2027-03-22;NON
INDIVIDUEL;BSK2703OF005471;2027-03-22;NON
INDIVIDUEL;BSK2703OF005472;2027-03-22;NON
INDIVIDUEL;BSK2703OF005473;2027-03-22;NON
INDIVIDUEL;BSK2703OF005474;2027-03-22;NON
INDIVIDUEL;BSK2703OF005475;2027-03-22;NON
INDIVIDUEL;BSK2703OF005476;2027-03-22;NON
INDIVIDUEL;BSK2703OF005477;2027-03-22;NON
INDIVIDUEL;BSK2703OF005479;2027-03-22;NON
INDIVIDUEL;BSK2703OF005481;2027-03-22;NON
INDIVIDUEL;BSK2703OF005482;2027-03-22;NON
INDIVIDUEL;BSK2703OF005483;2027-03-22;NON
INDIVIDUEL;BSK2703OF005484;2027-03-22;NON
INDIVIDUEL;BSK2703OF005485;2027-03-22;NON
INDIVIDUEL;BSK2703OF005486;2027-03-22;NON
INDIVIDUEL;BSK2703OF005496;2027-03-22;OUI
INDIVIDUEL;BSK2703OF005497;2027-03-22;OUI
INDIVIDUEL;BSK2703OF005498;2027-03-22;OUI
INDIVIDUEL;BSK2703OF005499;2027-03-22;OUI
INDIVIDUEL;BSK2703OF005500;2027-03-22;OUI
INDIVIDUEL;BSK2703OF005501;2027-03-22;OUI
INDIVIDUEL;BSK2703OF005502;2027-03-22;OUI
INDIVIDUEL;BSK2703OF005503;2027-03-22;OUI
INDIVIDUEL;BSK2703OF005504;2027-03-22;OUI
INDIVIDUEL;BSK2703OF005505;2027-03-22;OUI
INDIVIDUEL;BSK2703OF005506;2027-03-22;OUI
INDIVIDUEL;BSK2703OF005507;2027-03-22;OUI
INDIVIDUEL;BSK2703OF005508;2027-03-22;OUI
INDIVIDUEL;BSK2703OF005509;2027-03-22;OUI
INDIVIDUEL;BSK2703OF005516;2027-03-22;OUI
INDIVIDUEL;BSK2703OF005517;2027-03-22;OUI
INDIVIDUEL;BSK2703OF005518;2027-03-22;OUI
INDIVIDUEL;BSK2703OF005519;2027-03-22;OUI
INDIVIDUEL;BSK2703OF005520;2027-03-22;NON
INDIVIDUEL;BSK2703OF005523;2027-03-22;OUI
INDIVIDUEL;BSK2703OF005524;2027-03-22;OUI
INDIVIDUEL;BSK2703OF005525;2027-03-22;OUI
INDIVIDUEL;BSK2703OF005526;2027-03-22;OUI
INDIVIDUEL;BSK2703OF005527;2027-03-22;OUI
INDIVIDUEL;BSK2703OF005528;2027-03-22;OUI
INDIVIDUEL;BSK2703OF005529;2027-03-22;OUI
INDIVIDUEL;BSK2703OF005530;2027-03-22;OUI
INDIVIDUEL;BSK2703OF005531;2027-03-22;OUI
INDIVIDUEL;BSK2703OF005532;2027-03-22;OUI
INDIVIDUEL;BSK2703OF005533;2027-03-22;OUI
INDIVIDUEL;BSK2703OF005534;2027-03-22;OUI
GRP265;BSK2704OF005721;2027-04-08;NON
GRP265;BSK2704OF005722;2027-04-08;NON
GRP265;BSK2703OF005359;2027-04-19;OUI
INDIVIDUEL;BSK2704OF005714;2027-04-08;NON
INDIVIDUEL;BSK2704OF005715;2027-04-08;NON
INDIVIDUEL;BSK2704OF005716;2027-04-08;NON
INDIVIDUEL;BSK2704OF005741;2027-04-08;NON
INDIVIDUEL;BSK2704OF005742;2027-04-08;NON
INDIVIDUEL;BSK2704OF005753;2027-04-08;NON
INDIVIDUEL;BSK2704OF005754;2027-04-08;NON
INDIVIDUEL;BSK2704OF005755;2027-04-08;NON
INDIVIDUEL;BSK2704OF005756;2027-04-08;NON
INDIVIDUEL;BSK2704OF005757;2027-04-08;NON
INDIVIDUEL;BSK2704OF005758;2027-04-08;OUI
INDIVIDUEL;BSK2704OF005759;2027-04-08;OUI
INDIVIDUEL;BSK2704OF005770;2027-04-08;NON
INDIVIDUEL;BSK2704OF005771;2027-04-08;NON
INDIVIDUEL;BSK2704OF005772;2027-04-08;NON
INDIVIDUEL;BSK2704OF005773;2027-04-08;OUI
INDIVIDUEL;BSK2704OF005774;2027-04-08;NON
INDIVIDUEL;BSK2704OF005797;2027-04-08;OUI
INDIVIDUEL;BSK2704OF005798;2027-04-08;OUI
INDIVIDUEL;BSK2704OF005799;2027-04-08;OUI
INDIVIDUEL;BSK2704OF005800;2027-04-08;OUI
INDIVIDUEL;BSK2704OF005801;2027-04-08;NON
INDIVIDUEL;BSK2704OF005804;2027-04-08;OUI
INDIVIDUEL;BSK2704OF005805;2027-04-08;OUI
INDIVIDUEL;BSK2704OF005806;2027-04-08;OUI
INDIVIDUEL;BSK2704OF005808;2027-04-08;NON
INDIVIDUEL;BSK2704OF005775;2027-04-22;OUI
INDIVIDUEL;BSK2704OF005776;2027-04-22;OUI
INDIVIDUEL;BSK2704OF005777;2027-04-22;OUI
INDIVIDUEL;BSK2704OF005778;2027-04-22;OUI
INDIVIDUEL;BSK2704OF005779;2027-04-22;OUI
INDIVIDUEL;BSK2704OF005780;2027-04-22;OUI
INDIVIDUEL;BSK2704OF005781;2027-04-22;OUI
INDIVIDUEL;BSK2704OF005782;2027-04-22;OUI
INDIVIDUEL;BSK2704OF005783;2027-04-22;OUI
INDIVIDUEL;BSK2704OF005784;2027-04-22;OUI
INDIVIDUEL;BSK2704OF005785;2027-04-22;OUI
INDIVIDUEL;BSK2704OF005786;2027-04-22;OUI
INDIVIDUEL;BSK2704OF005787;2027-04-22;OUI
INDIVIDUEL;BSK2704OF005788;2027-04-22;OUI
INDIVIDUEL;BSK2704OF005789;2027-04-22;OUI
INDIVIDUEL;BSK2704OF005790;2027-04-22;OUI
INDIVIDUEL;BSK2704OF005791;2027-04-22;OUI
INDIVIDUEL;BSK2704OF005811;2027-04-22;OUI
INDIVIDUEL;BSK2704OF005812;2027-04-22;OUI
INDIVIDUEL;BSK2704OF005813;2027-04-22;OUI
INDIVIDUEL;BSK2704OF005814;2027-04-22;OUI
INDIVIDUEL;BSK2704OF005815;2027-04-22;OUI
INDIVIDUEL;BSK2704OF005816;2027-04-22;OUI
INDIVIDUEL;BSK2704OF005817;2027-04-22;OUI
INDIVIDUEL;BSK2704OF005818;2027-04-22;NON
INDIVIDUEL;BSK2704OF005819;2027-04-22;NON
INDIVIDUEL;BSK2704OF005820;2027-04-22;NON
INDIVIDUEL;BSK2704OF005821;2027-04-22;NON
INDIVIDUEL;BSK2704OF005822;2027-04-22;NON
INDIVIDUEL;BSK2704OF005823;2027-04-22;NON
INDIVIDUEL;BSK2704OF005824;2027-04-22;NON
INDIVIDUEL;BSK2704OF005825;2027-04-22;NON
INDIVIDUEL;BSK2704OF005826;2027-04-22;NON
INDIVIDUEL;BSK2704OF005827;2027-04-22;OUI
INDIVIDUEL;BSK2704OF005828;2027-04-22;NON
INDIVIDUEL;BSK2704OF005829;2027-04-22;NON
INDIVIDUEL;BSK2704OF005830;2027-04-22;OUI
INDIVIDUEL;BSK2704OF005831;2027-04-22;OUI
INDIVIDUEL;BSK2704OF005832;2027-04-22;OUI
INDIVIDUEL;BSK2704OF005833;2027-04-22;OUI
INDIVIDUEL;BSK2704OF005834;2027-04-22;OUI
INDIVIDUEL;BSK2704OF005835;2027-04-22;OUI
INDIVIDUEL;BSK2704OF005836;2027-04-22;OUI
INDIVIDUEL;BSK2704OF005837;2027-04-22;OUI
INDIVIDUEL;BSK2704OF005838;2027-04-22;OUI
INDIVIDUEL;BSK2704OF005839;2027-04-22;OUI
INDIVIDUEL;BSK2704OF005840;2027-04-22;OUI
INDIVIDUEL;BSK2704OF005841;2027-04-22;OUI
INDIVIDUEL;BSK2704OF005842;2027-04-22;OUI
INDIVIDUEL;BSK2704OF005843;2027-04-22;OUI
INDIVIDUEL;BSK2704OF005844;2027-04-22;OUI
INDIVIDUEL;BSK2704OF005845;2027-04-22;OUI
INDIVIDUEL;BSK2704OF005846;2027-04-22;OUI
INDIVIDUEL;BSK2704OF005850;2027-04-22;OUI
INDIVIDUEL;BSK2704OF005852;2027-04-22;OUI
INDIVIDUEL;BSK2704OF005853;2027-04-22;OUI
INDIVIDUEL;BSK2704OF005854;2027-04-22;OUI
INDIVIDUEL;BSK2704OF005855;2027-04-22;OUI
INDIVIDUEL;BSK2704OF005856;2027-04-22;OUI
INDIVIDUEL;BSK2704OF005857;2027-04-22;OUI
INDIVIDUEL;BSK2704OF005858;2027-04-22;OUI
INDIVIDUEL;BSK2704OF005859;2027-04-22;OUI
INDIVIDUEL;BSK2704OF005860;2027-04-22;OUI
INDIVIDUEL;BSK2704OF005861;2027-04-22;OUI
INDIVIDUEL;BSK2704OF005862;2027-04-22;OUI
INDIVIDUEL;BSK2704OF005863;2027-04-22;OUI
INDIVIDUEL;BSK2704OF005864;2027-04-22;OUI
INDIVIDUEL;BSK2704OF005872;2027-04-22;OUI
INDIVIDUEL;BSK2704OF005873;2027-04-22;OUI
INDIVIDUEL;BSK2704OF005874;2027-04-22;OUI
INDIVIDUEL;BSK2704OF005875;2027-04-22;OUI
INDIVIDUEL;BSK2704OF005876;2027-04-22;OUI
INDIVIDUEL;BSK2704OF005877;2027-04-22;OUI
INDIVIDUEL;BSK2704OF005878;2027-04-22;OUI
INDIVIDUEL;BSK2704OF005879;2027-04-22;OUI
INDIVIDUEL;BSK2704OF005880;2027-04-22;OUI
INDIVIDUEL;BSK2704OF005881;2027-04-22;OUI
INDIVIDUEL;BSK2704OF005882;2027-04-22;OUI
INDIVIDUEL;BSK2703OF005426;2027-04-26;OUI
INDIVIDUEL;BSK2704OF005851;2027-04-30;OUI
INDIVIDUEL;BSK2704OF005903;2027-04-30;OUI
GRP267;BSK2705OF006192;2027-05-07;OUI
GRP267;BSK2705OF006193;2027-05-07;OUI
GRP267;BSK2704OF005638;2027-05-20;OUI
GRP267;BSK2704OF005639;2027-05-20;OUI
GRP268;BSK2705OF006206;2027-05-07;OUI
GRP268;BSK2705OF006207;2027-05-07;OUI
GRP268;BSK2704OF005575;2027-05-20;OUI
GRP268;BSK2704OF005576;2027-05-20;OUI
GRP268;BSK2704OF005577;2027-05-20;ÉCHOUÉ(stock insuffisant)
GRP269;BSK2705OF006195;2027-05-07;OUI
GRP269;BSK2704OF005674;2027-05-20;OUI
GRP270;BSK2705OF006343;2027-05-07;OUI
GRP270;BSK2705OF006344;2027-05-07;OUI
GRP270;BSK2704OF005630;2027-05-21;OUI
INDIVIDUEL;BSK2705OF006194;2027-05-07;OUI
INDIVIDUEL;BSK2705OF006196;2027-05-07;OUI
INDIVIDUEL;BSK2705OF006265;2027-05-07;OUI
INDIVIDUEL;BSK2705OF006289;2027-05-07;OUI
INDIVIDUEL;BSK2705OF006290;2027-05-07;OUI
INDIVIDUEL;BSK2705OF006291;2027-05-07;OUI
INDIVIDUEL;BSK2705OF006292;2027-05-07;OUI
INDIVIDUEL;BSK2705OF006293;2027-05-07;OUI
INDIVIDUEL;BSK2705OF006294;2027-05-07;OUI
GRP272;BSK2705OF006385;2027-05-21;OUI
GRP272;BSK2705OF006386;2027-05-21;OUI
GRP272;BSK2705OF006387;2027-05-21;OUI
GRP272;BSK2705OF006388;2027-05-21;OUI
GRP272;BSK2705OF006389;2027-05-21;OUI
GRP272;BSK2705OF006390;2027-05-21;OUI
GRP272;BSK2705OF006391;2027-05-21;OUI
GRP272;BSK2705OF006392;2027-05-21;OUI
GRP272;BSK2705OF006393;2027-05-21;OUI
GRP272;BSK2705OF006394;2027-05-21;OUI
GRP272;BSK2705OF006395;2027-05-21;OUI
GRP272;BSK2704OF005687;2027-05-28;OUI
GRP272;BSK2704OF005688;2027-05-28;OUI
GRP272;BSK2704OF005689;2027-05-28;OUI
GRP272;BSK2704OF005690;2027-05-28;OUI
GRP272;BSK2704OF005691;2027-05-28;OUI
GRP272;BSK2704OF005692;2027-05-28;OUI
GRP272;BSK2704OF005693;2027-05-28;OUI
GRP273;BSK2705OF006348;2027-05-21;OUI
GRP273;BSK2704OF005568;2027-05-28;OUI
GRP273;BSK2704OF005569;2027-05-28;OUI
GRP273;BSK2704OF005570;2027-05-28;OUI
GRP273;BSK2704OF005571;2027-05-28;OUI
GRP274;BSK2705OF006341;2027-05-21;OUI
GRP274;BSK2704OF005492;2027-05-21;OUI
GRP275;BSK2705OF006361;2027-05-21;OUI
GRP275;BSK2705OF006362;2027-05-21;OUI
GRP275;BSK2704OF005553;2027-05-28;OUI
GRP275;BSK2704OF005554;2027-05-28;OUI
GRP275;BSK2704OF005555;2027-05-28;OUI
GRP275;BSK2704OF005556;2027-05-28;OUI
GRP275;BSK2704OF005557;2027-05-28;OUI
INDIVIDUEL;BSK2705OF006256;2027-05-21;OUI
INDIVIDUEL;BSK2705OF006257;2027-05-21;OUI
INDIVIDUEL;BSK2705OF006258;2027-05-21;OUI
INDIVIDUEL;BSK2705OF006266;2027-05-21;OUI
INDIVIDUEL;BSK2705OF006267;2027-05-21;OUI
INDIVIDUEL;BSK2705OF006270;2027-05-21;OUI
INDIVIDUEL;BSK2705OF006271;2027-05-21;OUI
INDIVIDUEL;BSK2705OF006272;2027-05-21;OUI
INDIVIDUEL;BSK2705OF006273;2027-05-21;OUI
INDIVIDUEL;BSK2705OF006274;2027-05-21;OUI
INDIVIDUEL;BSK2705OF006275;2027-05-21;OUI
INDIVIDUEL;BSK2705OF006297;2027-05-21;OUI
INDIVIDUEL;BSK2705OF006298;2027-05-21;OUI
INDIVIDUEL;BSK2705OF006299;2027-05-21;OUI
INDIVIDUEL;BSK2705OF006300;2027-05-21;OUI
INDIVIDUEL;BSK2705OF006301;2027-05-21;OUI
INDIVIDUEL;BSK2705OF006302;2027-05-21;OUI
INDIVIDUEL;BSK2705OF006303;2027-05-21;OUI
INDIVIDUEL;BSK2705OF006304;2027-05-21;OUI
INDIVIDUEL;BSK2705OF006305;2027-05-21;OUI
INDIVIDUEL;BSK2705OF006306;2027-05-21;OUI
INDIVIDUEL;BSK2705OF006307;2027-05-21;OUI
INDIVIDUEL;BSK2705OF006308;2027-05-21;OUI
INDIVIDUEL;BSK2705OF006309;2027-05-21;OUI
INDIVIDUEL;BSK2705OF006310;2027-05-21;OUI
INDIVIDUEL;BSK2705OF006311;2027-05-21;OUI
INDIVIDUEL;BSK2705OF006312;2027-05-21;OUI
INDIVIDUEL;BSK2705OF006313;2027-05-21;NON
INDIVIDUEL;BSK2705OF006314;2027-05-21;NON
INDIVIDUEL;BSK2705OF006315;2027-05-21;NON
INDIVIDUEL;BSK2705OF006316;2027-05-21;NON
INDIVIDUEL;BSK2705OF006317;2027-05-21;OUI
INDIVIDUEL;BSK2705OF006318;2027-05-21;OUI
INDIVIDUEL;BSK2705OF006319;2027-05-21;OUI
INDIVIDUEL;BSK2705OF006320;2027-05-21;OUI
INDIVIDUEL;BSK2705OF006321;2027-05-21;NON
INDIVIDUEL;BSK2705OF006322;2027-05-21;NON
INDIVIDUEL;BSK2705OF006323;2027-05-21;NON
INDIVIDUEL;BSK2705OF006324;2027-05-21;NON
INDIVIDUEL;BSK2705OF006325;2027-05-21;NON
INDIVIDUEL;BSK2705OF006326;2027-05-21;NON
INDIVIDUEL;BSK2705OF006327;2027-05-21;NON
INDIVIDUEL;BSK2705OF006328;2027-05-21;NON
INDIVIDUEL;BSK2705OF006329;2027-05-21;NON
INDIVIDUEL;BSK2705OF006330;2027-05-21;NON
INDIVIDUEL;BSK2705OF006331;2027-05-21;NON
INDIVIDUEL;BSK2705OF006332;2027-05-21;NON
INDIVIDUEL;BSK2705OF006333;2027-05-21;NON
INDIVIDUEL;BSK2705OF006340;2027-05-21;NON
INDIVIDUEL;BSK2705OF006342;2027-05-21;NON
INDIVIDUEL;BSK2705OF006345;2027-05-21;NON
INDIVIDUEL;BSK2705OF006349;2027-05-21;OUI
INDIVIDUEL;BSK2705OF006350;2027-05-21;OUI
INDIVIDUEL;BSK2705OF006351;2027-05-21;OUI
INDIVIDUEL;BSK2705OF006352;2027-05-21;OUI
INDIVIDUEL;BSK2705OF006353;2027-05-21;OUI
INDIVIDUEL;BSK2705OF006354;2027-05-21;OUI
INDIVIDUEL;BSK2705OF006355;2027-05-21;OUI
INDIVIDUEL;BSK2705OF006356;2027-05-21;OUI
INDIVIDUEL;BSK2705OF006357;2027-05-21;OUI
INDIVIDUEL;BSK2705OF006358;2027-05-21;OUI
INDIVIDUEL;BSK2705OF006359;2027-05-21;OUI
INDIVIDUEL;BSK2705OF006360;2027-05-21;OUI
INDIVIDUEL;BSK2705OF006374;2027-05-21;OUI
INDIVIDUEL;BSK2705OF006375;2027-05-21;OUI
INDIVIDUEL;BSK2705OF006376;2027-05-21;OUI
INDIVIDUEL;BSK2705OF006377;2027-05-21;OUI
INDIVIDUEL;BSK2705OF006378;2027-05-21;OUI
INDIVIDUEL;BSK2606OF025088;2026-06-09;NON
INDIVIDUEL;BSK2606OF025388;2026-06-09;OUI
INDIVIDUEL;BSK2606OF025389;2026-06-09;NON
INDIVIDUEL;BSK2606OF025390;2026-06-09;NON
INDIVIDUEL;BSK2606OF025391;2026-06-09;ÉCHOUÉ(poste indispo)
INDIVIDUEL;BSK2606OF025392;2026-06-09;ÉCHOUÉ(poste indispo)
INDIVIDUEL;BSK2606OF025393;2026-06-09;ÉCHOUÉ(poste indispo)
INDIVIDUEL;BSK2606OF025394;2026-06-09;ÉCHOUÉ(poste indispo)
INDIVIDUEL;BSK2606OF025395;2026-06-09;ÉCHOUÉ(poste indispo)
INDIVIDUEL;BSK2606OF025396;2026-06-09;ÉCHOUÉ(poste indispo)
INDIVIDUEL;BSK2606OF025662;2026-06-09;NON
INDIVIDUEL;BSK2606OF025663;2026-06-09;OUI
INDIVIDUEL;BSK2606OF025664;2026-06-09;OUI
INDIVIDUEL;BSK2606OF025665;2026-06-09;OUI
INDIVIDUEL;BSK2606OF025666;2026-06-09;OUI
INDIVIDUEL;BSK2606OF025667;2026-06-09;OUI
INDIVIDUEL;BSK2606OF025668;2026-06-09;OUI
INDIVIDUEL;BSK2606OF025669;2026-06-09;OUI
INDIVIDUEL;BSK2606OF025670;2026-06-09;OUI
INDIVIDUEL;BSK2606OF025671;2026-06-09;OUI
INDIVIDUEL;BSK2606OF025701;2026-06-09;NON
INDIVIDUEL;BSK2606OF025702;2026-06-09;OUI
INDIVIDUEL;BSK2606OF025703;2026-06-09;OUI
INDIVIDUEL;BSK2606OF025704;2026-06-09;OUI
INDIVIDUEL;BSK2606OF025171;2026-06-10;OUI
INDIVIDUEL;BSK2606OF025172;2026-06-10;OUI
INDIVIDUEL;BSK2606OF025173;2026-06-10;OUI
INDIVIDUEL;BSK2606OF025370;2026-06-10;NON
INDIVIDUEL;BSK2606OF025371;2026-06-10;OUI
INDIVIDUEL;BSK2606OF025372;2026-06-10;OUI
INDIVIDUEL;BSK2606OF025373;2026-06-10;OUI
INDIVIDUEL;BSK2606OF025374;2026-06-10;OUI
INDIVIDUEL;BSK2606OF025375;2026-06-10;OUI
INDIVIDUEL;BSK2606OF025376;2026-06-10;OUI
INDIVIDUEL;BSK2606OF025377;2026-06-10;OUI
INDIVIDUEL;BSK2606OF025378;2026-06-10;OUI
INDIVIDUEL;BSK2606OF025379;2026-06-10;NON
INDIVIDUEL;BSK2606OF025380;2026-06-10;NON
INDIVIDUEL;BSK2606OF025381;2026-06-10;NON
INDIVIDUEL;BSK2606OF025382;2026-06-10;NON
INDIVIDUEL;BSK2606OF025383;2026-06-10;NON
INDIVIDUEL;BSK2606OF025384;2026-06-10;NON
INDIVIDUEL;BSK2606OF025385;2026-06-10;NON
INDIVIDUEL;BSK2606OF025386;2026-06-10;NON
INDIVIDUEL;BSK2606OF025387;2026-06-10;OUI
INDIVIDUEL;BSK2606OF022256;2026-06-23;OUI
INDIVIDUEL;BSK2606OF022257;2026-06-23;OUI
INDIVIDUEL;BSK2606OF022430;2026-06-23;OUI
INDIVIDUEL;BSK2606OF022431;2026-06-23;OUI
INDIVIDUEL;BSK2606OF022432;2026-06-23;OUI
INDIVIDUEL;BSK2606OF022433;2026-06-23;OUI
INDIVIDUEL;BSK2606OF022434;2026-06-23;OUI
INDIVIDUEL;BSK2606OF022435;2026-06-23;OUI
INDIVIDUEL;BSK2606OF022436;2026-06-23;OUI
INDIVIDUEL;BSK2606OF022437;2026-06-23;OUI
INDIVIDUEL;BSK2606OF022438;2026-06-23;OUI
INDIVIDUEL;BSK2606OF022439;2026-06-23;OUI
INDIVIDUEL;BSK2606OF022440;2026-06-23;OUI
INDIVIDUEL;BSK2606OF022441;2026-06-23;OUI
INDIVIDUEL;BSK2606OF022442;2026-06-23;OUI
INDIVIDUEL;BSK2606OF022443;2026-06-23;OUI
INDIVIDUEL;BSK2606OF022444;2026-06-23;OUI
INDIVIDUEL;BSK2606OF022445;2026-06-23;OUI
INDIVIDUEL;BSK2606OF022446;2026-06-23;OUI
INDIVIDUEL;BSK2606OF022447;2026-06-23;OUI
INDIVIDUEL;BSK2606OF022448;2026-06-23;OUI
INDIVIDUEL;BSK2606OF022452;2026-06-23;OUI
INDIVIDUEL;BSK2606OF022453;2026-06-23;OUI
INDIVIDUEL;BSK2606OF022454;2026-06-23;OUI
INDIVIDUEL;BSK2606OF022455;2026-06-23;OUI
INDIVIDUEL;BSK2606OF022456;2026-06-23;OUI
INDIVIDUEL;BSK2606OF022457;2026-06-23;OUI
INDIVIDUEL;BSK2606OF022458;2026-06-23;OUI
INDIVIDUEL;BSK2606OF022459;2026-06-23;OUI
INDIVIDUEL;BSK2606OF022460;2026-06-23;OUI
INDIVIDUEL;BSK2606OF022461;2026-06-23;OUI
INDIVIDUEL;BSK2606OF022462;2026-06-23;NON
INDIVIDUEL;BSK2606OF022463;2026-06-23;NON
INDIVIDUEL;BSK2606OF022467;2026-06-23;NON
INDIVIDUEL;BSK2606OF024427;2026-06-23;OUI
INDIVIDUEL;BSK2606OF024428;2026-06-23;OUI
INDIVIDUEL;BSK2606OF024429;2026-06-23;NON
INDIVIDUEL;BSK2606OF024430;2026-06-23;NON
INDIVIDUEL;BSK2606OF024431;2026-06-23;NON
INDIVIDUEL;BSK2606OF024432;2026-06-23;NON
INDIVIDUEL;BSK2606OF024433;2026-06-23;NON
INDIVIDUEL;BSK2606OF024434;2026-06-23;NON
INDIVIDUEL;BSK2606OF024435;2026-06-23;NON
INDIVIDUEL;BSK2606OF024436;2026-06-23;NON
INDIVIDUEL;BSK2606OF024437;2026-06-23;OUI
INDIVIDUEL;BSK2606OF024438;2026-06-23;OUI
INDIVIDUEL;BSK2606OF024439;2026-06-23;OUI
INDIVIDUEL;BSK2606OF024440;2026-06-23;OUI
GRP279;BSK2607OF018824;2026-07-22;NON
GRP279;BSK2606OF024162;2026-06-30;OUI
GRP280;BSK2607OF018823;2026-07-22;OUI
GRP280;BSK2606OF024159;2026-06-30;OUI
INDIVIDUEL;BSK2606OF024160;2026-06-30;OUI
INDIVIDUEL;BSK2606OF024161;2026-06-30;OUI
INDIVIDUEL;BSK2606OF024201;2026-06-30;ÉCHOUÉ(poste indispo)
INDIVIDUEL;BSK2606OF024208;2026-06-30;NON
INDIVIDUEL;BSK2606OF024214;2026-06-30;NON
INDIVIDUEL;BSK2606OF024215;2026-06-30;NON
INDIVIDUEL;BSK2606OF024216;2026-06-30;NON
INDIVIDUEL;BSK2606OF024217;2026-06-30;NON
INDIVIDUEL;BSK2606OF024222;2026-06-30;ÉCHOUÉ(stock insuffisant)
INDIVIDUEL;BSK2606OF024237;2026-06-30;OUI
INDIVIDUEL;BSK2606OF024238;2026-06-30;OUI
INDIVIDUEL;BSK2606OF024239;2026-06-30;OUI
INDIVIDUEL;BSK2606OF024240;2026-06-30;OUI
INDIVIDUEL;BSK2606OF024241;2026-06-30;OUI
INDIVIDUEL;BSK2606OF024242;2026-06-30;OUI
INDIVIDUEL;BSK2606OF024243;2026-06-30;OUI
INDIVIDUEL;BSK2606OF024249;2026-06-30;OUI
INDIVIDUEL;BSK2606OF024250;2026-06-30;OUI
INDIVIDUEL;BSK2606OF024248;2026-07-01;OUI
GRP281;BSK2607OF018747;2026-07-15;NON
GRP281;BSK2607OF018748;2026-07-15;NON
GRP281;BSK2607OF018749;2026-07-15;NON
GRP281;BSK2607OF018750;2026-07-15;NON
GRP281;BSK2607OF018751;2026-07-15;NON
GRP281;BSK2607OF018752;2026-07-15;NON
GRP281;BSK2607OF018753;2026-07-15;NON
GRP281;BSK2607OF018754;2026-07-15;NON
GRP281;BSK2607OF018755;2026-07-15;NON
GRP281;BSK2607OF018756;2026-07-15;NON
GRP281;BSK2607OF018757;2026-07-15;NON
GRP281;BSK2607OF018758;2026-07-15;NON
GRP281;BSK2607OF018759;2026-07-15;NON
GRP281;BSK2607OF018760;2026-07-15;NON
GRP281;BSK2606OF022652;2026-07-07;OUI
GRP281;BSK2606OF022653;2026-07-07;OUI
GRP281;BSK2606OF022654;2026-07-07;OUI
GRP281;BSK2606OF022655;2026-07-07;OUI
GRP281;BSK2606OF022656;2026-07-07;OUI
GRP281;BSK2606OF022657;2026-07-07;OUI
GRP281;BSK2606OF022658;2026-07-07;OUI
GRP281;BSK2606OF022659;2026-07-07;OUI
GRP281;BSK2606OF022660;2026-07-07;OUI
GRP281;BSK2606OF022661;2026-07-07;OUI
GRP281;BSK2606OF022662;2026-07-07;OUI
GRP281;BSK2606OF022663;2026-07-07;OUI
GRP281;BSK2606OF022664;2026-07-07;OUI
GRP281;BSK2606OF022665;2026-07-07;OUI
GRP281;BSK2606OF022666;2026-07-07;NON
GRP281;BSK2606OF022667;2026-07-07;NON
GRP281;BSK2606OF022668;2026-07-07;NON
GRP281;BSK2606OF022669;2026-07-07;NON
GRP281;BSK2606OF022670;2026-07-07;NON
GRP281;BSK2606OF022671;2026-07-07;NON
GRP281;BSK2606OF022672;2026-07-07;NON
GRP281;BSK2606OF022673;2026-07-13;OUI
GRP281;BSK2606OF022674;2026-07-13;OUI
GRP281;BSK2606OF022675;2026-07-13;OUI
GRP281;BSK2606OF022676;2026-07-13;OUI
GRP281;BSK2606OF022677;2026-07-13;OUI
GRP281;BSK2606OF022678;2026-07-13;OUI
GRP281;BSK2606OF022679;2026-07-13;NON
GRP281;BSK2606OF022680;2026-07-13;NON
GRP281;BSK2606OF022681;2026-07-13;NON
GRP281;BSK2606OF022682;2026-07-13;NON
GRP281;BSK2606OF022683;2026-07-13;NON
GRP281;BSK2606OF022684;2026-07-13;NON
GRP281;BSK2606OF022685;2026-07-13;NON
GRP281;BSK2606OF022686;2026-07-27;OUI
GRP281;BSK2606OF022687;2026-07-27;OUI
GRP281;BSK2606OF022688;2026-07-27;OUI
GRP281;BSK2606OF022689;2026-07-27;OUI
GRP281;BSK2606OF022690;2026-07-27;OUI
GRP281;BSK2606OF022691;2026-07-27;OUI
GRP281;BSK2606OF022692;2026-07-27;NON
GRP281;BSK2606OF024057;2026-07-07;NON
GRP281;BSK2606OF024058;2026-07-07;NON
GRP281;BSK2606OF024059;2026-07-22;OUI
GRP281;BSK2606OF022819;2026-07-22;OUI
GRP281;BSK2606OF022820;2026-07-22;OUI
GRP281;BSK2606OF022821;2026-07-22;NON
GRP281;BSK2606OF022822;2026-07-22;NON
GRP281;BSK2606OF022823;2026-07-22;NON
GRP282;BSK2607OF018615;2026-07-15;ÉCHOUÉ(poste indispo)
GRP282;BSK2607OF018616;2026-07-15;ÉCHOUÉ(poste indispo)
GRP282;BSK2607OF018617;2026-07-15;ÉCHOUÉ(poste indispo)
GRP282;BSK2607OF018618;2026-07-15;ÉCHOUÉ(poste indispo)
GRP282;BSK2607OF018619;2026-07-15;ÉCHOUÉ(poste indispo)
GRP282;BSK2607OF018620;2026-07-15;ÉCHOUÉ(poste indispo)
GRP282;BSK2607OF018621;2026-07-15;ÉCHOUÉ(poste indispo)
GRP282;BSK2607OF018622;2026-07-15;ÉCHOUÉ(poste indispo)
GRP282;BSK2607OF018623;2026-07-15;ÉCHOUÉ(poste indispo)
GRP282;BSK2607OF018624;2026-07-15;ÉCHOUÉ(poste indispo)
GRP282;BSK2607OF018625;2026-07-15;ÉCHOUÉ(poste indispo)
GRP282;BSK2607OF018626;2026-07-15;ÉCHOUÉ(poste indispo)
GRP282;BSK2607OF018627;2026-07-15;ÉCHOUÉ(poste indispo)
GRP282;BSK2606OF024097;2026-07-07;OUI
GRP282;BSK2606OF024098;2026-07-07;ÉCHOUÉ(poste indispo)
GRP282;BSK2606OF024099;2026-07-22;ÉCHOUÉ(poste indispo)
GRP282;BSK2606OF024100;2026-07-22;ÉCHOUÉ(poste indispo)
GRP282;BSK2606OF024101;2026-07-22;ÉCHOUÉ(poste indispo)
GRP282;BSK2606OF024102;2026-07-22;ÉCHOUÉ(poste indispo)
GRP282;BSK2606OF024103;2026-07-22;ÉCHOUÉ(poste indispo)
GRP282;BSK2606OF024104;2026-07-22;ÉCHOUÉ(poste indispo)
GRP282;BSK2606OF024105;2026-07-22;ÉCHOUÉ(poste indispo)
GRP282;BSK2606OF024106;2026-07-22;ÉCHOUÉ(poste indispo)
GRP282;BSK2606OF024107;2026-07-22;ÉCHOUÉ(poste indispo)
GRP282;BSK2606OF024108;2026-07-22;ÉCHOUÉ(poste indispo)
GRP282;BSK2606OF024109;2026-07-22;ÉCHOUÉ(poste indispo)
GRP282;BSK2606OF024110;2026-07-22;ÉCHOUÉ(poste indispo)
GRP282;BSK2606OF024291;2026-07-07;ÉCHOUÉ(poste indispo)
GRP282;BSK2606OF024292;2026-07-07;ÉCHOUÉ(poste indispo)
GRP282;BSK2606OF024293;2026-07-07;ÉCHOUÉ(poste indispo)
GRP282;BSK2606OF024294;2026-07-07;ÉCHOUÉ(poste indispo)
GRP282;BSK2606OF024295;2026-07-07;ÉCHOUÉ(poste indispo)
GRP282;BSK2606OF024296;2026-07-07;ÉCHOUÉ(poste indispo)
GRP282;BSK2606OF024297;2026-07-07;ÉCHOUÉ(poste indispo)
GRP282;BSK2606OF024298;2026-07-13;ÉCHOUÉ(poste indispo)
GRP282;BSK2606OF024299;2026-07-13;ÉCHOUÉ(poste indispo)
GRP282;BSK2606OF024300;2026-07-13;ÉCHOUÉ(poste indispo)
GRP282;BSK2606OF024301;2026-07-13;ÉCHOUÉ(poste indispo)
GRP282;BSK2606OF024302;2026-07-13;ÉCHOUÉ(poste indispo)
GRP282;BSK2606OF024303;2026-07-13;ÉCHOUÉ(poste indispo)
GRP282;BSK2606OF024304;2026-07-13;ÉCHOUÉ(poste indispo)
GRP282;BSK2606OF024305;2026-07-13;ÉCHOUÉ(poste indispo)
GRP282;BSK2606OF024306;2026-07-13;ÉCHOUÉ(poste indispo)
GRP282;BSK2606OF024307;2026-07-13;ÉCHOUÉ(poste indispo)
GRP282;BSK2606OF024308;2026-07-13;ÉCHOUÉ(poste indispo)
GRP282;BSK2606OF024309;2026-07-13;ÉCHOUÉ(poste indispo)
GRP282;BSK2606OF024310;2026-07-13;ÉCHOUÉ(poste indispo)
GRP282;BSK2606OF024311;2026-07-13;ÉCHOUÉ(poste indispo)
GRP282;BSK2606OF024312;2026-07-13;ÉCHOUÉ(poste indispo)
GRP282;BSK2606OF024313;2026-07-13;ÉCHOUÉ(poste indispo)
GRP282;BSK2606OF024314;2026-07-13;ÉCHOUÉ(poste indispo)
GRP282;BSK2606OF024315;2026-07-13;ÉCHOUÉ(poste indispo)
GRP282;BSK2606OF024316;2026-07-13;ÉCHOUÉ(poste indispo)
GRP282;BSK2606OF024317;2026-07-13;ÉCHOUÉ(poste indispo)
GRP282;BSK2606OF024318;2026-07-13;ÉCHOUÉ(poste indispo)
GRP282;BSK2606OF024319;2026-07-13;ÉCHOUÉ(poste indispo)
GRP282;BSK2606OF024320;2026-07-13;ÉCHOUÉ(poste indispo)
GRP282;BSK2606OF024321;2026-07-13;ÉCHOUÉ(poste indispo)
GRP282;BSK2606OF024322;2026-07-13;ÉCHOUÉ(poste indispo)
GRP282;BSK2606OF024323;2026-07-13;ÉCHOUÉ(poste indispo)
GRP282;BSK2606OF024324;2026-07-13;ÉCHOUÉ(poste indispo)
GRP282;BSK2606OF024325;2026-07-13;ÉCHOUÉ(poste indispo)
GRP282;BSK2606OF022348;2026-07-22;ÉCHOUÉ(poste indispo)
GRP282;BSK2606OF022349;2026-07-22;ÉCHOUÉ(poste indispo)
GRP282;BSK2606OF022350;2026-07-22;ÉCHOUÉ(poste indispo)
GRP282;BSK2606OF022351;2026-07-22;ÉCHOUÉ(poste indispo)
GRP282;BSK2606OF022352;2026-07-22;ÉCHOUÉ(poste indispo)
GRP282;BSK2606OF022728;2026-07-22;ÉCHOUÉ(poste indispo)
GRP282;BSK2606OF022729;2026-07-22;ÉCHOUÉ(poste indispo)
GRP282;BSK2606OF022730;2026-07-22;ÉCHOUÉ(poste indispo)
GRP282;BSK2606OF022731;2026-07-22;ÉCHOUÉ(poste indispo)
GRP282;BSK2606OF022732;2026-07-22;ÉCHOUÉ(poste indispo)
GRP282;BSK2606OF022733;2026-07-22;ÉCHOUÉ(poste indispo)
GRP282;BSK2606OF022734;2026-07-22;ÉCHOUÉ(poste indispo)
GRP282;BSK2606OF022735;2026-07-22;ÉCHOUÉ(poste indispo)
GRP283;BSK2607OF018764;2026-07-15;NON
GRP283;BSK2607OF018765;2026-07-15;NON
GRP283;BSK2607OF018766;2026-07-15;NON
GRP283;BSK2606OF022631;2026-07-07;NON
GRP283;BSK2606OF022632;2026-07-07;NON
GRP283;BSK2606OF022633;2026-07-07;NON
GRP283;BSK2606OF022634;2026-07-07;NON
GRP283;BSK2606OF022635;2026-07-07;NON
GRP283;BSK2606OF022636;2026-07-07;NON
GRP283;BSK2606OF022637;2026-07-07;NON
GRP283;BSK2606OF022638;2026-07-07;NON
GRP283;BSK2606OF022639;2026-07-07;NON
GRP283;BSK2606OF022640;2026-07-07;NON
GRP283;BSK2606OF022641;2026-07-07;NON
GRP283;BSK2606OF022642;2026-07-07;NON
GRP283;BSK2606OF022643;2026-07-07;NON
GRP283;BSK2606OF022644;2026-07-07;NON
GRP283;BSK2606OF022645;2026-07-07;NON
GRP283;BSK2606OF022646;2026-07-07;NON
GRP283;BSK2606OF022647;2026-07-13;NON
GRP283;BSK2606OF022648;2026-07-13;NON
GRP283;BSK2606OF022649;2026-07-13;NON
GRP283;BSK2606OF022650;2026-07-13;NON
GRP283;BSK2606OF022651;2026-07-13;NON
GRP283;BSK2606OF022830;2026-07-07;NON
GRP283;BSK2606OF022831;2026-07-22;NON
GRP283;BSK2606OF022832;2026-07-22;NON
GRP283;BSK2606OF022833;2026-07-22;NON
GRP283;BSK2606OF022834;2026-07-22;NON
GRP283;BSK2606OF024061;2026-07-22;NON
GRP284;BSK2607OF018679;2026-07-15;ÉCHOUÉ(poste indispo)
GRP284;BSK2607OF018680;2026-07-15;ÉCHOUÉ(poste indispo)
GRP284;BSK2607OF018681;2026-07-15;ÉCHOUÉ(poste indispo)
GRP284;BSK2607OF018682;2026-07-15;ÉCHOUÉ(poste indispo)
GRP284;BSK2607OF018683;2026-07-15;ÉCHOUÉ(poste indispo)
GRP284;BSK2607OF018684;2026-07-15;ÉCHOUÉ(poste indispo)
GRP284;BSK2607OF018685;2026-07-15;ÉCHOUÉ(poste indispo)
GRP284;BSK2607OF018686;2026-07-15;ÉCHOUÉ(poste indispo)
GRP284;BSK2607OF018687;2026-07-15;ÉCHOUÉ(poste indispo)
GRP284;BSK2607OF018688;2026-07-15;ÉCHOUÉ(poste indispo)
GRP284;BSK2607OF018689;2026-07-15;ÉCHOUÉ(poste indispo)
GRP284;BSK2607OF018690;2026-07-15;ÉCHOUÉ(poste indispo)
GRP284;BSK2607OF018691;2026-07-15;ÉCHOUÉ(poste indispo)
GRP284;BSK2607OF018692;2026-07-15;ÉCHOUÉ(poste indispo)
GRP284;BSK2607OF018693;2026-07-15;ÉCHOUÉ(poste indispo)
GRP284;BSK2607OF018694;2026-07-15;ÉCHOUÉ(poste indispo)
GRP284;BSK2607OF018695;2026-07-15;ÉCHOUÉ(poste indispo)
GRP284;BSK2607OF018696;2026-07-15;ÉCHOUÉ(poste indispo)
GRP284;BSK2607OF018697;2026-07-15;ÉCHOUÉ(poste indispo)
GRP284;BSK2607OF018698;2026-07-15;ÉCHOUÉ(poste indispo)
GRP284;BSK2607OF018699;2026-07-15;ÉCHOUÉ(poste indispo)
GRP284;BSK2606OF022482;2026-07-07;NON
GRP284;BSK2606OF022483;2026-07-07;NON
GRP284;BSK2606OF022484;2026-07-07;NON
GRP284;BSK2606OF022739;2026-07-07;NON
GRP284;BSK2606OF022740;2026-07-22;NON
GRP284;BSK2606OF022741;2026-07-22;NON
GRP284;BSK2606OF022983;2026-07-07;NON
GRP284;BSK2606OF022984;2026-07-22;NON
GRP284;BSK2606OF022985;2026-07-22;NON
GRP284;BSK2606OF022986;2026-07-22;NON
GRP284;BSK2606OF022987;2026-07-22;NON
GRP284;BSK2606OF022988;2026-07-22;NON
GRP284;BSK2606OF022989;2026-07-22;NON
GRP284;BSK2606OF022990;2026-07-22;NON
GRP284;BSK2606OF022991;2026-07-22;NON
GRP284;BSK2606OF022992;2026-07-22;NON
GRP284;BSK2606OF022993;2026-07-22;NON
GRP284;BSK2606OF022994;2026-07-22;NON
GRP284;BSK2606OF022995;2026-07-22;NON
GRP284;BSK2606OF022996;2026-07-22;NON
GRP284;BSK2606OF022997;2026-07-22;NON
GRP284;BSK2606OF023101;2026-07-07;ÉCHOUÉ(poste indispo)
GRP284;BSK2606OF023102;2026-07-07;ÉCHOUÉ(poste indispo)
GRP284;BSK2606OF023103;2026-07-07;ÉCHOUÉ(poste indispo)
GRP284;BSK2606OF023104;2026-07-07;ÉCHOUÉ(poste indispo)
GRP284;BSK2606OF023105;2026-07-07;ÉCHOUÉ(poste indispo)
GRP284;BSK2606OF023661;2026-07-07;ÉCHOUÉ(poste indispo)
GRP284;BSK2606OF023662;2026-07-07;ÉCHOUÉ(poste indispo)
GRP284;BSK2606OF024111;2026-07-07;ÉCHOUÉ(poste indispo)
GRP284;BSK2606OF024112;2026-07-13;NON
GRP284;BSK2606OF024113;2026-07-13;NON
GRP284;BSK2606OF022982;2026-07-22;NON
GRP285;BSK2607OF018707;2026-07-23;ÉCHOUÉ(poste indispo)
GRP285;BSK2607OF018708;2026-07-23;ÉCHOUÉ(poste indispo)
GRP285;BSK2606OF022745;2026-07-07;OUI
GRP285;BSK2606OF022746;2026-07-22;NON
GRP285;BSK2606OF022747;2026-07-07;NON
GRP285;BSK2606OF022748;2026-07-22;NON
GRP285;BSK2606OF022998;2026-07-07;NON
GRP285;BSK2606OF022999;2026-07-17;OUI
GRP285;BSK2606OF023000;2026-07-07;NON
GRP285;BSK2606OF023659;2026-07-07;OUI
GRP285;BSK2606OF023660;2026-07-07;NON
GRP285;BSK2606OF024114;2026-07-07;OUI
GRP285;BSK2606OF024115;2026-07-07;OUI
GRP285;BSK2606OF023076;2026-07-22;NON
GRP286;BSK2607OF018598;2026-07-15;ÉCHOUÉ(poste indispo)
GRP286;BSK2607OF018599;2026-07-15;ÉCHOUÉ(poste indispo)
GRP286;BSK2607OF018600;2026-07-15;ÉCHOUÉ(poste indispo)
GRP286;BSK2607OF018601;2026-07-15;ÉCHOUÉ(poste indispo)
GRP286;BSK2607OF018602;2026-07-15;ÉCHOUÉ(poste indispo)
GRP286;BSK2607OF018603;2026-07-15;ÉCHOUÉ(poste indispo)
GRP286;BSK2607OF018604;2026-07-15;ÉCHOUÉ(poste indispo)
GRP286;BSK2607OF018605;2026-07-15;ÉCHOUÉ(poste indispo)
GRP286;BSK2607OF018606;2026-07-15;ÉCHOUÉ(poste indispo)
GRP286;BSK2607OF018607;2026-07-15;ÉCHOUÉ(poste indispo)
GRP286;BSK2606OF022956;2026-07-07;NON
GRP286;BSK2606OF022957;2026-07-22;NON
GRP286;BSK2606OF022958;2026-07-22;NON
GRP286;BSK2606OF024409;2026-07-07;NON
GRP286;BSK2606OF024410;2026-07-13;ÉCHOUÉ(poste indispo)
GRP286;BSK2606OF024062;2026-07-13;ÉCHOUÉ(poste indispo)
GRP286;BSK2606OF024063;2026-07-13;ÉCHOUÉ(poste indispo)
GRP286;BSK2606OF024064;2026-07-13;ÉCHOUÉ(poste indispo)
GRP286;BSK2606OF024065;2026-07-13;ÉCHOUÉ(poste indispo)
GRP286;BSK2606OF024066;2026-07-13;ÉCHOUÉ(poste indispo)
GRP286;BSK2606OF024067;2026-07-13;ÉCHOUÉ(poste indispo)
GRP286;BSK2606OF022744;2026-07-22;NON
GRP286;BSK2606OF022891;2026-07-22;NON
GRP287;BSK2607OF018761;2026-07-15;NON
GRP287;BSK2607OF018762;2026-07-15;NON
GRP287;BSK2607OF018763;2026-07-15;NON
GRP287;BSK2606OF022506;2026-07-07;OUI
GRP287;BSK2606OF024060;2026-07-07;OUI
GRP287;BSK2606OF022621;2026-07-09;OUI
GRP287;BSK2606OF022622;2026-07-09;OUI
GRP287;BSK2606OF022623;2026-07-09;OUI
GRP287;BSK2606OF022624;2026-07-13;OUI
GRP287;BSK2606OF022625;2026-07-13;OUI
GRP287;BSK2606OF022626;2026-07-13;OUI
GRP287;BSK2606OF022627;2026-07-13;OUI
GRP287;BSK2606OF022628;2026-07-27;OUI
GRP287;BSK2606OF022629;2026-07-27;OUI
GRP287;BSK2606OF022630;2026-07-27;OUI
GRP287;BSK2606OF022824;2026-07-22;NON
GRP287;BSK2606OF022825;2026-07-22;NON
GRP287;BSK2606OF022826;2026-07-22;NON
GRP287;BSK2606OF022827;2026-07-22;NON
GRP287;BSK2606OF022828;2026-07-22;NON
GRP287;BSK2606OF022829;2026-07-22;NON
GRP288;BSK2607OF018742;2026-07-15;NON
GRP288;BSK2607OF018743;2026-07-15;NON
GRP288;BSK2606OF024023;2026-07-07;OUI
GRP288;BSK2606OF024024;2026-07-07;OUI
GRP288;BSK2606OF024025;2026-07-13;OUI
INDIVIDUEL;BSK2606OF022753;2026-07-07;ÉCHOUÉ(poste indispo)
INDIVIDUEL;BSK2606OF022776;2026-07-07;ÉCHOUÉ(poste indispo)
INDIVIDUEL;BSK2606OF022777;2026-07-07;ÉCHOUÉ(poste indispo)
INDIVIDUEL;BSK2606OF022778;2026-07-07;ÉCHOUÉ(poste indispo)
INDIVIDUEL;BSK2606OF022779;2026-07-07;ÉCHOUÉ(poste indispo)
INDIVIDUEL;BSK2606OF023001;2026-07-07;ÉCHOUÉ(poste indispo)
INDIVIDUEL;BSK2606OF023003;2026-07-07;ÉCHOUÉ(poste indispo)
INDIVIDUEL;BSK2606OF023107;2026-07-07;ÉCHOUÉ(poste indispo)
INDIVIDUEL;BSK2606OF023833;2026-07-07;ÉCHOUÉ(poste indispo)
INDIVIDUEL;BSK2606OF023834;2026-07-07;ÉCHOUÉ(poste indispo)
INDIVIDUEL;BSK2606OF023989;2026-07-07;NON
INDIVIDUEL;BSK2606OF023990;2026-07-07;OUI
INDIVIDUEL;BSK2606OF023991;2026-07-07;NON
INDIVIDUEL;BSK2606OF024078;2026-07-07;ÉCHOUÉ(poste indispo)
INDIVIDUEL;BSK2606OF024079;2026-07-07;ÉCHOUÉ(poste indispo)
INDIVIDUEL;BSK2606OF024080;2026-07-07;ÉCHOUÉ(poste indispo)
INDIVIDUEL;BSK2606OF024407;2026-07-07;ÉCHOUÉ(poste indispo)
INDIVIDUEL;BSK2606OF022232;2026-07-07;OUI
INDIVIDUEL;BSK2606OF022233;2026-07-07;OUI
INDIVIDUEL;BSK2606OF022245;2026-07-07;OUI
INDIVIDUEL;BSK2606OF022246;2026-07-07;OUI
INDIVIDUEL;BSK2606OF022248;2026-07-07;OUI
INDIVIDUEL;BSK2606OF022259;2026-07-07;OUI
INDIVIDUEL;BSK2606OF022260;2026-07-07;NON
INDIVIDUEL;BSK2606OF022261;2026-07-07;NON
INDIVIDUEL;BSK2606OF022264;2026-07-07;NON
INDIVIDUEL;BSK2606OF022265;2026-07-07;NON
INDIVIDUEL;BSK2606OF022266;2026-07-07;NON
INDIVIDUEL;BSK2606OF022267;2026-07-07;NON
INDIVIDUEL;BSK2606OF022268;2026-07-07;NON
INDIVIDUEL;BSK2606OF022269;2026-07-07;NON
INDIVIDUEL;BSK2606OF022270;2026-07-07;NON
INDIVIDUEL;BSK2606OF022271;2026-07-07;NON
INDIVIDUEL;BSK2606OF022272;2026-07-07;NON
INDIVIDUEL;BSK2606OF022273;2026-07-07;NON
INDIVIDUEL;BSK2606OF022274;2026-07-07;NON
INDIVIDUEL;BSK2606OF022275;2026-07-07;NON
INDIVIDUEL;BSK2606OF022276;2026-07-07;NON
INDIVIDUEL;BSK2606OF022277;2026-07-07;NON
INDIVIDUEL;BSK2606OF022278;2026-07-07;NON
INDIVIDUEL;BSK2606OF022279;2026-07-07;NON
INDIVIDUEL;BSK2606OF022288;2026-07-07;OUI
INDIVIDUEL;BSK2606OF022300;2026-07-07;NON
INDIVIDUEL;BSK2606OF022301;2026-07-07;NON
INDIVIDUEL;BSK2606OF022302;2026-07-07;NON
INDIVIDUEL;BSK2606OF022303;2026-07-07;NON
INDIVIDUEL;BSK2606OF022697;2026-07-07;NON
INDIVIDUEL;BSK2606OF022698;2026-07-07;NON
INDIVIDUEL;BSK2606OF022699;2026-07-07;NON
INDIVIDUEL;BSK2606OF022700;2026-07-07;NON
INDIVIDUEL;BSK2606OF022701;2026-07-07;NON
INDIVIDUEL;BSK2606OF022702;2026-07-07;NON
INDIVIDUEL;BSK2606OF022726;2026-07-07;OUI
INDIVIDUEL;BSK2606OF022765;2026-07-07;OUI
INDIVIDUEL;BSK2606OF022766;2026-07-07;OUI
INDIVIDUEL;BSK2606OF022767;2026-07-07;OUI
INDIVIDUEL;BSK2606OF022813;2026-07-07;NON
INDIVIDUEL;BSK2606OF022815;2026-07-07;NON
INDIVIDUEL;BSK2606OF022816;2026-07-07;NON
INDIVIDUEL;BSK2606OF022817;2026-07-07;NON
INDIVIDUEL;BSK2606OF022818;2026-07-07;NON
INDIVIDUEL;BSK2606OF022835;2026-07-07;OUI
INDIVIDUEL;BSK2606OF022836;2026-07-07;OUI
INDIVIDUEL;BSK2606OF023063;2026-07-07;OUI
INDIVIDUEL;BSK2606OF023064;2026-07-07;OUI
INDIVIDUEL;BSK2606OF023065;2026-07-07;OUI
INDIVIDUEL;BSK2606OF023156;2026-07-07;OUI
INDIVIDUEL;BSK2606OF023157;2026-07-07;NON
INDIVIDUEL;BSK2606OF023831;2026-07-07;OUI
INDIVIDUEL;BSK2606OF023832;2026-07-07;OUI
INDIVIDUEL;BSK2606OF024046;2026-07-07;OUI
INDIVIDUEL;BSK2606OF024047;2026-07-07;NON
INDIVIDUEL;BSK2606OF024048;2026-07-07;NON
INDIVIDUEL;BSK2606OF024049;2026-07-07;OUI
INDIVIDUEL;BSK2606OF024050;2026-07-07;NON
INDIVIDUEL;BSK2606OF024051;2026-07-07;NON
INDIVIDUEL;BSK2606OF024052;2026-07-07;NON
INDIVIDUEL;BSK2606OF024053;2026-07-07;NON
INDIVIDUEL;BSK2606OF024054;2026-07-07;OUI
INDIVIDUEL;BSK2606OF024116;2026-07-07;NON
INDIVIDUEL;BSK2606OF024118;2026-07-07;NON
INDIVIDUEL;BSK2606OF024119;2026-07-07;NON
INDIVIDUEL;BSK2606OF024120;2026-07-07;NON
INDIVIDUEL;BSK2606OF024423;2026-07-07;OUI
INDIVIDUEL;BSK2606OF024441;2026-07-07;OUI
INDIVIDUEL;BSK2606OF024128;2026-07-08;NON
INDIVIDUEL;BSK2606OF023075;2026-07-08;ÉCHOUÉ(stock insuffisant)
INDIVIDUEL;BSK2606OF022234;2026-07-09;OUI
INDIVIDUEL;BSK2606OF022235;2026-07-09;OUI
INDIVIDUEL;BSK2606OF022236;2026-07-09;OUI
INDIVIDUEL;BSK2606OF022237;2026-07-09;OUI
INDIVIDUEL;BSK2606OF022238;2026-07-09;NON
INDIVIDUEL;BSK2606OF022239;2026-07-09;NON
INDIVIDUEL;BSK2606OF022240;2026-07-09;NON
INDIVIDUEL;BSK2606OF022241;2026-07-09;NON
INDIVIDUEL;BSK2606OF022242;2026-07-09;NON
INDIVIDUEL;BSK2606OF022243;2026-07-09;NON
INDIVIDUEL;BSK2606OF022244;2026-07-09;NON
INDIVIDUEL;BSK2606OF022247;2026-07-09;NON
INDIVIDUEL;BSK2606OF022249;2026-07-09;NON
INDIVIDUEL;BSK2606OF022449;2026-07-09;OUI
INDIVIDUEL;BSK2606OF022450;2026-07-09;OUI
INDIVIDUEL;BSK2606OF022451;2026-07-09;OUI
INDIVIDUEL;BSK2606OF022464;2026-07-09;OUI
INDIVIDUEL;BSK2606OF023229;2026-07-09;NON
INDIVIDUEL;BSK2606OF023398;2026-07-09;NON
GRP289;BSK2607OF018700;2026-07-23;ÉCHOUÉ(poste indispo)
GRP289;BSK2607OF018701;2026-07-23;ÉCHOUÉ(poste indispo)
GRP289;BSK2607OF018702;2026-07-23;ÉCHOUÉ(poste indispo)
GRP289;BSK2607OF018703;2026-07-23;ÉCHOUÉ(poste indispo)
GRP289;BSK2607OF018704;2026-07-23;ÉCHOUÉ(poste indispo)
GRP289;BSK2607OF018705;2026-07-23;ÉCHOUÉ(poste indispo)
GRP289;BSK2607OF018706;2026-07-23;ÉCHOUÉ(poste indispo)
GRP289;BSK2606OF023959;2026-07-10;NON
GRP289;BSK2606OF023960;2026-07-10;NON
GRP289;BSK2606OF023961;2026-07-13;NON
GRP289;BSK2606OF023962;2026-07-13;ÉCHOUÉ(poste indispo)
GRP289;BSK2606OF023963;2026-07-22;NON
GRP289;BSK2606OF023964;2026-07-22;NON
GRP289;BSK2606OF023965;2026-07-22;NON
GRP289;BSK2606OF023966;2026-07-22;NON
INDIVIDUEL;BSK2606OF023190;2026-07-10;OUI
INDIVIDUEL;BSK2607OF018675;2026-07-10;OUI
INDIVIDUEL;BSK2607OF018676;2026-07-10;OUI
INDIVIDUEL;BSK2607OF018713;2026-07-10;OUI
GRP290;BSK2607OF018571;2026-07-15;OUI
GRP290;BSK2607OF018572;2026-07-15;OUI
GRP290;BSK2607OF018573;2026-07-15;OUI
GRP290;BSK2607OF018574;2026-07-15;OUI
GRP290;BSK2607OF018575;2026-07-15;OUI
GRP290;BSK2607OF018576;2026-07-15;OUI
GRP290;BSK2607OF018577;2026-07-15;OUI
GRP290;BSK2607OF018578;2026-07-15;OUI
GRP290;BSK2607OF018579;2026-07-15;OUI
GRP290;BSK2607OF018580;2026-07-15;OUI
GRP290;BSK2607OF018581;2026-07-15;OUI
GRP290;BSK2607OF018582;2026-07-15;OUI
GRP290;BSK2607OF018583;2026-07-15;OUI
GRP290;BSK2607OF018584;2026-07-15;OUI
GRP290;BSK2607OF018585;2026-07-15;OUI
GRP290;BSK2607OF018586;2026-07-15;OUI
GRP290;BSK2607OF018587;2026-07-15;OUI
GRP290;BSK2606OF024039;2026-07-13;OUI
GRP290;BSK2606OF024040;2026-07-13;OUI
GRP290;BSK2606OF024041;2026-07-13;OUI
GRP290;BSK2606OF024042;2026-07-13;OUI
GRP290;BSK2606OF024043;2026-07-13;OUI
GRP290;BSK2606OF024044;2026-07-13;OUI
GRP290;BSK2606OF024045;2026-07-13;OUI
GRP290;BSK2606OF024269;2026-07-13;OUI
GRP290;BSK2606OF024270;2026-07-13;OUI
GRP290;BSK2606OF024271;2026-07-13;OUI
GRP290;BSK2606OF024272;2026-07-13;OUI
GRP290;BSK2606OF024273;2026-07-13;OUI
GRP290;BSK2606OF024274;2026-07-13;NON
GRP290;BSK2606OF024275;2026-07-13;NON
GRP290;BSK2606OF024276;2026-07-13;NON
GRP290;BSK2606OF024277;2026-07-13;NON
GRP290;BSK2606OF024278;2026-07-13;NON
GRP290;BSK2606OF024279;2026-07-13;NON
GRP290;BSK2606OF024280;2026-07-13;NON
GRP290;BSK2606OF024281;2026-07-13;NON
GRP290;BSK2606OF024282;2026-07-13;NON
GRP290;BSK2606OF024283;2026-07-13;NON
GRP290;BSK2606OF024284;2026-07-13;NON
GRP290;BSK2606OF024285;2026-07-13;NON
GRP290;BSK2606OF024286;2026-07-13;NON
GRP290;BSK2606OF024287;2026-07-13;NON
GRP290;BSK2606OF024288;2026-07-13;NON
GRP290;BSK2606OF024289;2026-07-13;NON
GRP290;BSK2606OF024290;2026-07-13;NON
GRP291;BSK2607OF018664;2026-07-23;ÉCHOUÉ(poste indispo)
GRP291;BSK2607OF018665;2026-07-23;ÉCHOUÉ(poste indispo)
GRP291;BSK2607OF018666;2026-07-23;ÉCHOUÉ(poste indispo)
GRP291;BSK2606OF023784;2026-07-13;NON
GRP291;BSK2606OF023785;2026-07-13;NON
GRP291;BSK2606OF023786;2026-07-13;ÉCHOUÉ(stock insuffisant)
GRP291;BSK2606OF023787;2026-07-13;ÉCHOUÉ(stock insuffisant)
GRP291;BSK2606OF023788;2026-07-13;ÉCHOUÉ(stock insuffisant)
GRP291;BSK2606OF023789;2026-07-13;ÉCHOUÉ(stock insuffisant)
GRP291;BSK2606OF023790;2026-07-13;ÉCHOUÉ(stock insuffisant)
GRP292;BSK2607OF018810;2026-07-15;ÉCHOUÉ(poste indispo)
GRP292;BSK2607OF018811;2026-07-15;ÉCHOUÉ(poste indispo)
GRP292;BSK2606OF024347;2026-07-13;ÉCHOUÉ(stock insuffisant)
INDIVIDUEL;BSK2606OF023791;2026-07-13;NON
INDIVIDUEL;BSK2606OF024254;2026-07-13;NON
INDIVIDUEL;BSK2606OF022465;2026-07-13;OUI
INDIVIDUEL;BSK2606OF022466;2026-07-13;OUI
INDIVIDUEL;BSK2606OF022812;2026-07-13;OUI
INDIVIDUEL;BSK2606OF022814;2026-07-13;NON
INDIVIDUEL;BSK2606OF024020;2026-07-13;NON
INDIVIDUEL;BSK2606OF024021;2026-07-13;NON
INDIVIDUEL;BSK2606OF024022;2026-07-13;NON
INDIVIDUEL;BSK2606OF024029;2026-07-13;OUI
INDIVIDUEL;BSK2606OF024030;2026-07-13;OUI
INDIVIDUEL;BSK2606OF024031;2026-07-13;OUI
INDIVIDUEL;BSK2606OF024075;2026-07-13;NON
INDIVIDUEL;BSK2606OF024076;2026-07-13;NON
INDIVIDUEL;BSK2606OF024077;2026-07-13;NON
INDIVIDUEL;BSK2606OF024117;2026-07-13;OUI
INDIVIDUEL;BSK2606OF024150;2026-07-13;ÉCHOUÉ(stock insuffisant)
INDIVIDUEL;BSK2606OF024151;2026-07-13;ÉCHOUÉ(stock insuffisant)
INDIVIDUEL;BSK2606OF024152;2026-07-13;ÉCHOUÉ(stock insuffisant)
INDIVIDUEL;BSK2606OF024202;2026-07-13;ÉCHOUÉ(poste indispo)
INDIVIDUEL;BSK2606OF024203;2026-07-13;ÉCHOUÉ(poste indispo)
INDIVIDUEL;BSK2606OF024244;2026-07-13;OUI
INDIVIDUEL;BSK2606OF024245;2026-07-13;OUI
INDIVIDUEL;BSK2606OF024246;2026-07-13;OUI
INDIVIDUEL;BSK2606OF024247;2026-07-13;OUI
INDIVIDUEL;BSK2606OF024333;2026-07-13;NON
INDIVIDUEL;BSK2606OF024334;2026-07-13;NON
INDIVIDUEL;BSK2606OF024335;2026-07-13;NON
INDIVIDUEL;BSK2606OF024336;2026-07-13;NON
INDIVIDUEL;BSK2606OF024337;2026-07-13;NON
INDIVIDUEL;BSK2606OF024338;2026-07-13;NON
INDIVIDUEL;BSK2606OF024339;2026-07-13;NON
INDIVIDUEL;BSK2606OF024340;2026-07-13;NON
INDIVIDUEL;BSK2606OF024341;2026-07-13;NON
INDIVIDUEL;BSK2606OF024342;2026-07-13;NON
INDIVIDUEL;BSK2606OF024343;2026-07-13;NON
INDIVIDUEL;BSK2606OF024344;2026-07-13;NON
INDIVIDUEL;BSK2606OF024408;2026-07-13;ÉCHOUÉ(poste indispo)
INDIVIDUEL;BSK2606OF024424;2026-07-13;OUI
INDIVIDUEL;BSK2607OF018831;2026-07-14;OUI
INDIVIDUEL;BSK2607OF018832;2026-07-14;ÉCHOUÉ(poste indispo)
INDIVIDUEL;BSK2607OF018833;2026-07-14;ÉCHOUÉ(poste indispo)
INDIVIDUEL;BSK2607OF018840;2026-07-14;OUI
INDIVIDUEL;BSK2607OF018781;2026-07-15;OUI
INDIVIDUEL;BSK2607OF018782;2026-07-15;OUI
INDIVIDUEL;BSK2607OF018783;2026-07-15;OUI
INDIVIDUEL;BSK2607OF018784;2026-07-15;OUI
INDIVIDUEL;BSK2607OF018785;2026-07-15;OUI
INDIVIDUEL;BSK2607OF018786;2026-07-15;OUI
INDIVIDUEL;BSK2606OF022387;2026-07-20;ÉCHOUÉ(poste indispo)
INDIVIDUEL;BSK2606OF022839;2026-07-20;OUI
INDIVIDUEL;BSK2606OF023670;2026-07-20;OUI
INDIVIDUEL;BSK2606OF022353;2026-07-21;NON
INDIVIDUEL;BSK2606OF022425;2026-07-21;NON
INDIVIDUEL;BSK2606OF022470;2026-07-21;ÉCHOUÉ(stock insuffisant)
INDIVIDUEL;BSK2606OF022471;2026-07-21;ÉCHOUÉ(stock insuffisant)
INDIVIDUEL;BSK2606OF022472;2026-07-21;OUI
INDIVIDUEL;BSK2606OF022473;2026-07-21;NON
INDIVIDUEL;BSK2606OF022474;2026-07-21;NON
INDIVIDUEL;BSK2606OF022475;2026-07-21;OUI
INDIVIDUEL;BSK2606OF022476;2026-07-21;OUI
INDIVIDUEL;BSK2606OF022742;2026-07-21;OUI
INDIVIDUEL;BSK2606OF022787;2026-07-21;ÉCHOUÉ(poste indispo)
INDIVIDUEL;BSK2606OF022788;2026-07-21;ÉCHOUÉ(poste indispo)
INDIVIDUEL;BSK2606OF022789;2026-07-21;ÉCHOUÉ(poste indispo)
INDIVIDUEL;BSK2606OF022790;2026-07-21;ÉCHOUÉ(poste indispo)
INDIVIDUEL;BSK2606OF022867;2026-07-21;ÉCHOUÉ(poste indispo)
INDIVIDUEL;BSK2606OF022868;2026-07-21;ÉCHOUÉ(poste indispo)
INDIVIDUEL;BSK2606OF022879;2026-07-21;ÉCHOUÉ(stock insuffisant)
INDIVIDUEL;BSK2606OF022880;2026-07-21;ÉCHOUÉ(stock insuffisant)
INDIVIDUEL;BSK2606OF022890;2026-07-21;NON
INDIVIDUEL;BSK2606OF023040;2026-07-21;NON
INDIVIDUEL;BSK2606OF023041;2026-07-21;NON
INDIVIDUEL;BSK2606OF023044;2026-07-21;NON
INDIVIDUEL;BSK2606OF023046;2026-07-21;NON
INDIVIDUEL;BSK2606OF023047;2026-07-21;NON
INDIVIDUEL;BSK2606OF023067;2026-07-21;OUI
INDIVIDUEL;BSK2606OF023068;2026-07-21;OUI
INDIVIDUEL;BSK2606OF023069;2026-07-21;ÉCHOUÉ(poste indispo)
INDIVIDUEL;BSK2606OF023072;2026-07-21;ÉCHOUÉ(poste indispo)
INDIVIDUEL;BSK2606OF023077;2026-07-21;NON
INDIVIDUEL;BSK2606OF023138;2026-07-21;OUI
INDIVIDUEL;BSK2606OF023139;2026-07-21;OUI
INDIVIDUEL;BSK2606OF023161;2026-07-21;OUI
INDIVIDUEL;BSK2606OF023172;2026-07-21;OUI
INDIVIDUEL;BSK2606OF023175;2026-07-21;NON
INDIVIDUEL;BSK2606OF023176;2026-07-21;NON
INDIVIDUEL;BSK2606OF023663;2026-07-21;NON
INDIVIDUEL;BSK2606OF023671;2026-07-21;OUI
INDIVIDUEL;BSK2606OF023685;2026-07-21;OUI
INDIVIDUEL;BSK2606OF023689;2026-07-21;ÉCHOUÉ(stock insuffisant)
INDIVIDUEL;BSK2606OF023800;2026-07-21;ÉCHOUÉ(stock insuffisant)
INDIVIDUEL;BSK2606OF023801;2026-07-21;ÉCHOUÉ(stock insuffisant)
INDIVIDUEL;BSK2606OF023804;2026-07-21;ÉCHOUÉ(stock insuffisant)
INDIVIDUEL;BSK2606OF023805;2026-07-21;ÉCHOUÉ(stock insuffisant)
INDIVIDUEL;BSK2606OF023909;2026-07-21;NON
INDIVIDUEL;BSK2606OF024086;2026-07-21;NON
INDIVIDUEL;BSK2606OF024326;2026-07-21;ÉCHOUÉ(poste indispo)
INDIVIDUEL;BSK2606OF024411;2026-07-21;NON
INDIVIDUEL;BSK2606OF024412;2026-07-21;ÉCHOUÉ(poste indispo)
INDIVIDUEL;BSK2606OF024415;2026-07-21;ÉCHOUÉ(poste indispo)
INDIVIDUEL;BSK2606OF024416;2026-07-21;NON
INDIVIDUEL;BSK2606OF024417;2026-07-21;ÉCHOUÉ(poste indispo)
INDIVIDUEL;BSK2606OF024418;2026-07-21;NON
INDIVIDUEL;BSK2606OF024420;2026-07-21;NON
INDIVIDUEL;BSK2606OF024421;2026-07-21;ÉCHOUÉ(poste indispo)
GRP293;BSK2607OF018521;2026-07-23;ÉCHOUÉ(poste indispo)
GRP293;BSK2607OF018522;2026-07-23;ÉCHOUÉ(poste indispo)
GRP293;BSK2606OF023814;2026-07-22;NON
GRP294;BSK2607OF018795;2026-07-23;ÉCHOUÉ(poste indispo)
GRP294;BSK2607OF018796;2026-07-23;ÉCHOUÉ(poste indispo)
GRP294;BSK2607OF018797;2026-07-23;ÉCHOUÉ(poste indispo)
GRP294;BSK2607OF018798;2026-07-23;ÉCHOUÉ(poste indispo)
GRP294;BSK2607OF018799;2026-07-23;ÉCHOUÉ(poste indispo)
GRP294;BSK2607OF018800;2026-07-23;ÉCHOUÉ(poste indispo)
GRP294;BSK2607OF018801;2026-07-23;ÉCHOUÉ(poste indispo)
GRP294;BSK2607OF018802;2026-07-23;ÉCHOUÉ(poste indispo)
GRP294;BSK2607OF018803;2026-07-23;ÉCHOUÉ(poste indispo)
GRP294;BSK2607OF018804;2026-07-23;ÉCHOUÉ(poste indispo)
GRP294;BSK2606OF023857;2026-07-22;NON
GRP294;BSK2606OF023858;2026-07-22;NON
GRP294;BSK2606OF023859;2026-07-22;NON
GRP294;BSK2606OF023860;2026-07-22;NON
GRP294;BSK2606OF023861;2026-07-22;NON
GRP294;BSK2606OF023862;2026-07-22;NON
GRP294;BSK2606OF023863;2026-07-22;NON
GRP294;BSK2606OF023864;2026-07-22;NON
GRP294;BSK2606OF023865;2026-07-22;NON
GRP294;BSK2606OF023866;2026-07-22;NON
GRP294;BSK2606OF023867;2026-07-22;NON
GRP294;BSK2606OF023868;2026-07-22;NON
GRP294;BSK2606OF023869;2026-07-22;NON
GRP294;BSK2606OF023870;2026-07-22;NON
GRP294;BSK2606OF023871;2026-07-22;NON
GRP294;BSK2606OF023872;2026-07-22;NON
GRP294;BSK2606OF023873;2026-07-22;NON
GRP294;BSK2606OF023874;2026-07-22;NON
GRP294;BSK2606OF023875;2026-07-22;OUI
GRP294;BSK2606OF023876;2026-07-22;OUI
GRP294;BSK2606OF023877;2026-07-22;OUI
GRP294;BSK2606OF023878;2026-07-22;OUI
GRP294;BSK2606OF023879;2026-07-22;OUI
GRP294;BSK2606OF023880;2026-07-22;OUI
GRP294;BSK2606OF023881;2026-07-22;OUI
GRP294;BSK2606OF023882;2026-07-22;OUI
GRP294;BSK2606OF023883;2026-07-22;OUI
GRP294;BSK2606OF023884;2026-07-22;OUI
GRP294;BSK2606OF023885;2026-07-22;OUI
GRP294;BSK2606OF023886;2026-07-22;OUI
GRP294;BSK2606OF023887;2026-07-22;OUI
GRP294;BSK2606OF023888;2026-07-22;OUI
GRP294;BSK2606OF023889;2026-07-22;OUI
GRP294;BSK2606OF023890;2026-07-22;OUI
GRP294;BSK2606OF023891;2026-07-22;OUI
GRP294;BSK2606OF023892;2026-07-22;OUI
GRP294;BSK2606OF023893;2026-07-22;OUI
GRP294;BSK2606OF023894;2026-07-22;ÉCHOUÉ(poste indispo)
GRP294;BSK2606OF023895;2026-07-22;ÉCHOUÉ(poste indispo)
GRP294;BSK2606OF023896;2026-07-22;ÉCHOUÉ(poste indispo)
GRP294;BSK2606OF023897;2026-07-22;ÉCHOUÉ(poste indispo)
GRP294;BSK2606OF023898;2026-07-22;ÉCHOUÉ(poste indispo)
GRP294;BSK2606OF023899;2026-07-22;ÉCHOUÉ(poste indispo)
GRP294;BSK2606OF023900;2026-07-22;ÉCHOUÉ(poste indispo)
GRP294;BSK2606OF023901;2026-07-22;ÉCHOUÉ(poste indispo)
GRP294;BSK2606OF023902;2026-07-22;ÉCHOUÉ(poste indispo)
GRP294;BSK2606OF023903;2026-07-22;ÉCHOUÉ(poste indispo)
GRP294;BSK2606OF023904;2026-07-22;ÉCHOUÉ(poste indispo)
GRP294;BSK2606OF023905;2026-07-22;ÉCHOUÉ(poste indispo)
GRP294;BSK2606OF023906;2026-07-22;ÉCHOUÉ(poste indispo)
GRP295;BSK2607OF018677;2026-07-23;ÉCHOUÉ(poste indispo)
GRP295;BSK2607OF018678;2026-07-23;ÉCHOUÉ(poste indispo)
GRP295;BSK2606OF023968;2026-07-22;ÉCHOUÉ(poste indispo)
GRP295;BSK2606OF023969;2026-07-22;ÉCHOUÉ(poste indispo)
GRP295;BSK2606OF023970;2026-07-22;ÉCHOUÉ(poste indispo)
GRP295;BSK2606OF023971;2026-07-22;ÉCHOUÉ(poste indispo)
GRP295;BSK2606OF023972;2026-07-22;ÉCHOUÉ(poste indispo)
GRP295;BSK2606OF023973;2026-07-22;ÉCHOUÉ(poste indispo)
GRP295;BSK2606OF023974;2026-07-22;ÉCHOUÉ(poste indispo)
GRP295;BSK2606OF023975;2026-07-22;ÉCHOUÉ(poste indispo)
GRP295;BSK2606OF023976;2026-07-22;ÉCHOUÉ(poste indispo)
GRP295;BSK2606OF023977;2026-07-22;ÉCHOUÉ(poste indispo)
GRP295;BSK2606OF023978;2026-07-22;ÉCHOUÉ(poste indispo)
GRP295;BSK2606OF023979;2026-07-22;ÉCHOUÉ(poste indispo)
GRP295;BSK2606OF023980;2026-07-22;ÉCHOUÉ(poste indispo)
GRP296;BSK2607OF018670;2026-07-23;OUI
GRP296;BSK2606OF022736;2026-07-22;OUI
GRP297;BSK2607OF018667;2026-07-23;OUI
GRP297;BSK2606OF022355;2026-07-22;NON
GRP297;BSK2606OF022356;2026-07-22;NON
GRP297;BSK2606OF022761;2026-07-22;NON
GRP297;BSK2606OF023010;2026-07-22;NON
GRP298;BSK2607OF018714;2026-07-23;NON
GRP298;BSK2606OF022378;2026-07-22;NON
GRP298;BSK2606OF022480;2026-07-22;NON
GRP298;BSK2606OF022481;2026-07-22;NON
GRP298;BSK2606OF023818;2026-07-22;NON
GRP298;BSK2606OF023819;2026-07-22;NON
GRP298;BSK2606OF023820;2026-07-22;ÉCHOUÉ(poste indispo)
GRP298;BSK2606OF023821;2026-07-22;ÉCHOUÉ(poste indispo)
GRP299;BSK2607OF018644;2026-07-23;ÉCHOUÉ(poste indispo)
GRP299;BSK2607OF018645;2026-07-23;ÉCHOUÉ(poste indispo)
GRP299;BSK2607OF018646;2026-07-23;ÉCHOUÉ(poste indispo)
GRP299;BSK2607OF018647;2026-07-23;ÉCHOUÉ(poste indispo)
GRP299;BSK2607OF018648;2026-07-23;ÉCHOUÉ(poste indispo)
GRP299;BSK2607OF018649;2026-07-23;ÉCHOUÉ(poste indispo)
GRP299;BSK2606OF022368;2026-07-22;OUI
GRP299;BSK2606OF024016;2026-07-22;OUI
GRP299;BSK2606OF024017;2026-07-22;OUI
GRP299;BSK2606OF024018;2026-07-22;OUI
GRP300;BSK2607OF018588;2026-07-23;ÉCHOUÉ(poste indispo)
GRP300;BSK2607OF018589;2026-07-23;ÉCHOUÉ(poste indispo)
GRP300;BSK2607OF018590;2026-07-23;ÉCHOUÉ(poste indispo)
GRP300;BSK2607OF018591;2026-07-23;ÉCHOUÉ(poste indispo)
GRP300;BSK2607OF018592;2026-07-23;ÉCHOUÉ(poste indispo)
GRP300;BSK2607OF018593;2026-07-23;ÉCHOUÉ(poste indispo)
GRP300;BSK2607OF018594;2026-07-23;ÉCHOUÉ(poste indispo)
GRP300;BSK2606OF022477;2026-07-22;NON
GRP300;BSK2606OF022478;2026-07-22;NON
GRP300;BSK2606OF023153;2026-07-22;OUI
GRP300;BSK2606OF023167;2026-07-22;NON
GRP300;BSK2606OF023797;2026-07-22;NON
GRP301;BSK2607OF018720;2026-07-23;ÉCHOUÉ(poste indispo)
GRP301;BSK2606OF022388;2026-07-22;ÉCHOUÉ(poste indispo)
GRP301;BSK2606OF022809;2026-07-22;ÉCHOUÉ(poste indispo)
GRP302;BSK2607OF018709;2026-07-23;ÉCHOUÉ(poste indispo)
GRP302;BSK2606OF023946;2026-07-22;OUI
INDIVIDUEL;BSK2606OF022763;2026-07-22;NON
INDIVIDUEL;BSK2606OF022770;2026-07-22;NON
INDIVIDUEL;BSK2606OF023815;2026-07-22;NON
INDIVIDUEL;BSK2606OF023816;2026-07-22;NON
INDIVIDUEL;BSK2606OF023817;2026-07-22;NON
INDIVIDUEL;BSK2606OF024199;2026-07-22;NON
INDIVIDUEL;BSK2606OF024200;2026-07-22;NON
INDIVIDUEL;BSK2606OF022262;2026-07-22;OUI
INDIVIDUEL;BSK2606OF022263;2026-07-22;OUI
INDIVIDUEL;BSK2606OF022280;2026-07-22;NON
INDIVIDUEL;BSK2606OF022281;2026-07-22;NON
INDIVIDUEL;BSK2606OF022282;2026-07-22;NON
INDIVIDUEL;BSK2606OF022283;2026-07-22;NON
INDIVIDUEL;BSK2606OF022284;2026-07-22;NON
INDIVIDUEL;BSK2606OF022285;2026-07-22;NON
INDIVIDUEL;BSK2606OF022286;2026-07-22;NON
INDIVIDUEL;BSK2606OF022287;2026-07-22;NON
INDIVIDUEL;BSK2606OF022304;2026-07-22;NON
INDIVIDUEL;BSK2606OF022305;2026-07-22;NON
INDIVIDUEL;BSK2606OF022306;2026-07-22;NON
INDIVIDUEL;BSK2606OF022307;2026-07-22;NON
INDIVIDUEL;BSK2606OF022308;2026-07-22;NON
INDIVIDUEL;BSK2606OF022309;2026-07-22;NON
INDIVIDUEL;BSK2606OF022310;2026-07-22;NON
INDIVIDUEL;BSK2606OF022311;2026-07-22;NON
INDIVIDUEL;BSK2606OF022312;2026-07-22;NON
INDIVIDUEL;BSK2606OF022313;2026-07-22;NON
INDIVIDUEL;BSK2606OF022314;2026-07-22;NON
INDIVIDUEL;BSK2606OF022315;2026-07-22;NON
INDIVIDUEL;BSK2606OF022316;2026-07-22;NON
INDIVIDUEL;BSK2606OF022317;2026-07-22;NON
INDIVIDUEL;BSK2606OF022318;2026-07-22;NON
INDIVIDUEL;BSK2606OF022319;2026-07-22;NON
INDIVIDUEL;BSK2606OF022320;2026-07-22;NON
INDIVIDUEL;BSK2606OF022321;2026-07-22;NON
INDIVIDUEL;BSK2606OF022322;2026-07-22;NON
INDIVIDUEL;BSK2606OF022323;2026-07-22;NON
INDIVIDUEL;BSK2606OF022324;2026-07-22;NON
INDIVIDUEL;BSK2606OF022325;2026-07-22;NON
INDIVIDUEL;BSK2606OF022326;2026-07-22;NON
INDIVIDUEL;BSK2606OF022327;2026-07-22;NON
INDIVIDUEL;BSK2606OF022328;2026-07-22;NON
INDIVIDUEL;BSK2606OF022329;2026-07-22;NON
INDIVIDUEL;BSK2606OF022332;2026-07-22;NON
INDIVIDUEL;BSK2606OF022333;2026-07-22;NON
INDIVIDUEL;BSK2606OF022334;2026-07-22;NON
INDIVIDUEL;BSK2606OF022335;2026-07-22;NON
INDIVIDUEL;BSK2606OF022336;2026-07-22;NON
INDIVIDUEL;BSK2606OF022337;2026-07-22;NON
INDIVIDUEL;BSK2606OF022354;2026-07-22;ÉCHOUÉ(poste indispo)
INDIVIDUEL;BSK2606OF022377;2026-07-22;ÉCHOUÉ(poste indispo)
INDIVIDUEL;BSK2606OF022397;2026-07-22;NON
INDIVIDUEL;BSK2606OF022398;2026-07-22;NON
INDIVIDUEL;BSK2606OF022399;2026-07-22;NON
INDIVIDUEL;BSK2606OF022400;2026-07-22;NON
INDIVIDUEL;BSK2606OF022401;2026-07-22;NON
INDIVIDUEL;BSK2606OF022402;2026-07-22;NON
INDIVIDUEL;BSK2606OF022403;2026-07-22;NON
INDIVIDUEL;BSK2606OF022426;2026-07-22;NON
INDIVIDUEL;BSK2606OF022504;2026-07-22;OUI
INDIVIDUEL;BSK2606OF022505;2026-07-22;ÉCHOUÉ(poste indispo)
INDIVIDUEL;BSK2606OF022507;2026-07-22;ÉCHOUÉ(poste indispo)
INDIVIDUEL;BSK2606OF022508;2026-07-22;ÉCHOUÉ(poste indispo)
INDIVIDUEL;BSK2606OF022509;2026-07-22;OUI
INDIVIDUEL;BSK2606OF022510;2026-07-22;OUI
INDIVIDUEL;BSK2606OF022511;2026-07-22;OUI
INDIVIDUEL;BSK2606OF022512;2026-07-22;OUI
INDIVIDUEL;BSK2606OF022513;2026-07-22;OUI
INDIVIDUEL;BSK2606OF022514;2026-07-22;OUI
INDIVIDUEL;BSK2606OF022515;2026-07-22;OUI
INDIVIDUEL;BSK2606OF022516;2026-07-22;OUI
INDIVIDUEL;BSK2606OF022517;2026-07-22;OUI
INDIVIDUEL;BSK2606OF022518;2026-07-22;OUI
INDIVIDUEL;BSK2606OF022519;2026-07-22;OUI
INDIVIDUEL;BSK2606OF022520;2026-07-22;OUI
INDIVIDUEL;BSK2606OF022521;2026-07-22;OUI
INDIVIDUEL;BSK2606OF022522;2026-07-22;OUI
INDIVIDUEL;BSK2606OF022523;2026-07-22;OUI
INDIVIDUEL;BSK2606OF022524;2026-07-22;OUI
INDIVIDUEL;BSK2606OF022525;2026-07-22;OUI
INDIVIDUEL;BSK2606OF022526;2026-07-22;OUI
INDIVIDUEL;BSK2606OF022527;2026-07-22;OUI
INDIVIDUEL;BSK2606OF022528;2026-07-22;OUI
INDIVIDUEL;BSK2606OF022529;2026-07-22;OUI
INDIVIDUEL;BSK2606OF022530;2026-07-22;OUI
INDIVIDUEL;BSK2606OF022531;2026-07-22;OUI
INDIVIDUEL;BSK2606OF022532;2026-07-22;OUI
INDIVIDUEL;BSK2606OF022533;2026-07-22;OUI
INDIVIDUEL;BSK2606OF022534;2026-07-22;OUI
INDIVIDUEL;BSK2606OF022535;2026-07-22;OUI
INDIVIDUEL;BSK2606OF022536;2026-07-22;OUI
INDIVIDUEL;BSK2606OF022537;2026-07-22;OUI
INDIVIDUEL;BSK2606OF022538;2026-07-22;OUI
INDIVIDUEL;BSK2606OF022539;2026-07-22;OUI
INDIVIDUEL;BSK2606OF022540;2026-07-22;OUI
INDIVIDUEL;BSK2606OF022541;2026-07-22;OUI
INDIVIDUEL;BSK2606OF022542;2026-07-22;OUI
INDIVIDUEL;BSK2606OF022543;2026-07-22;OUI
INDIVIDUEL;BSK2606OF022544;2026-07-22;OUI
INDIVIDUEL;BSK2606OF022545;2026-07-22;OUI
INDIVIDUEL;BSK2606OF022546;2026-07-22;OUI
INDIVIDUEL;BSK2606OF022547;2026-07-22;OUI
INDIVIDUEL;BSK2606OF022548;2026-07-22;OUI
INDIVIDUEL;BSK2606OF022549;2026-07-22;OUI
INDIVIDUEL;BSK2606OF022550;2026-07-22;OUI
INDIVIDUEL;BSK2606OF022551;2026-07-22;OUI
INDIVIDUEL;BSK2606OF022552;2026-07-22;NON
INDIVIDUEL;BSK2606OF022553;2026-07-22;NON
INDIVIDUEL;BSK2606OF022554;2026-07-22;NON
INDIVIDUEL;BSK2606OF022555;2026-07-22;NON
INDIVIDUEL;BSK2606OF022556;2026-07-22;NON
INDIVIDUEL;BSK2606OF022557;2026-07-22;NON
INDIVIDUEL;BSK2606OF022558;2026-07-22;NON
INDIVIDUEL;BSK2606OF022559;2026-07-22;NON
INDIVIDUEL;BSK2606OF022560;2026-07-22;NON
INDIVIDUEL;BSK2606OF022561;2026-07-22;NON
INDIVIDUEL;BSK2606OF022562;2026-07-22;NON
INDIVIDUEL;BSK2606OF022563;2026-07-22;NON
INDIVIDUEL;BSK2606OF022564;2026-07-22;NON
INDIVIDUEL;BSK2606OF022565;2026-07-22;NON
INDIVIDUEL;BSK2606OF022566;2026-07-22;NON
INDIVIDUEL;BSK2606OF022567;2026-07-22;NON
INDIVIDUEL;BSK2606OF022568;2026-07-22;NON
INDIVIDUEL;BSK2606OF022569;2026-07-22;NON
INDIVIDUEL;BSK2606OF022570;2026-07-22;NON
INDIVIDUEL;BSK2606OF022571;2026-07-22;NON
INDIVIDUEL;BSK2606OF022572;2026-07-22;NON
INDIVIDUEL;BSK2606OF022573;2026-07-22;NON
INDIVIDUEL;BSK2606OF022574;2026-07-22;NON
INDIVIDUEL;BSK2606OF022575;2026-07-22;NON
INDIVIDUEL;BSK2606OF022576;2026-07-22;NON
INDIVIDUEL;BSK2606OF022577;2026-07-22;NON
INDIVIDUEL;BSK2606OF022578;2026-07-22;NON
INDIVIDUEL;BSK2606OF022579;2026-07-22;NON
INDIVIDUEL;BSK2606OF022580;2026-07-22;NON
INDIVIDUEL;BSK2606OF022581;2026-07-22;NON
INDIVIDUEL;BSK2606OF022582;2026-07-22;NON
INDIVIDUEL;BSK2606OF022583;2026-07-22;NON
INDIVIDUEL;BSK2606OF022584;2026-07-22;NON
INDIVIDUEL;BSK2606OF022585;2026-07-22;NON
INDIVIDUEL;BSK2606OF022586;2026-07-22;ÉCHOUÉ(poste indispo)
INDIVIDUEL;BSK2606OF022587;2026-07-22;ÉCHOUÉ(poste indispo)
INDIVIDUEL;BSK2606OF022588;2026-07-22;ÉCHOUÉ(poste indispo)
INDIVIDUEL;BSK2606OF022589;2026-07-22;ÉCHOUÉ(poste indispo)
INDIVIDUEL;BSK2606OF022590;2026-07-22;ÉCHOUÉ(poste indispo)
INDIVIDUEL;BSK2606OF022591;2026-07-22;ÉCHOUÉ(poste indispo)
INDIVIDUEL;BSK2606OF022592;2026-07-22;ÉCHOUÉ(poste indispo)
INDIVIDUEL;BSK2606OF022593;2026-07-22;ÉCHOUÉ(poste indispo)
INDIVIDUEL;BSK2606OF022594;2026-07-22;ÉCHOUÉ(poste indispo)
INDIVIDUEL;BSK2606OF022595;2026-07-22;ÉCHOUÉ(poste indispo)
INDIVIDUEL;BSK2606OF022596;2026-07-22;ÉCHOUÉ(poste indispo)
INDIVIDUEL;BSK2606OF022597;2026-07-22;ÉCHOUÉ(poste indispo)
INDIVIDUEL;BSK2606OF022598;2026-07-22;ÉCHOUÉ(poste indispo)
INDIVIDUEL;BSK2606OF022599;2026-07-22;ÉCHOUÉ(poste indispo)
INDIVIDUEL;BSK2606OF022600;2026-07-22;ÉCHOUÉ(poste indispo)
INDIVIDUEL;BSK2606OF022601;2026-07-22;ÉCHOUÉ(poste indispo)
INDIVIDUEL;BSK2606OF022602;2026-07-22;ÉCHOUÉ(poste indispo)
INDIVIDUEL;BSK2606OF022603;2026-07-22;ÉCHOUÉ(poste indispo)
INDIVIDUEL;BSK2606OF022604;2026-07-22;ÉCHOUÉ(poste indispo)
INDIVIDUEL;BSK2606OF022605;2026-07-22;ÉCHOUÉ(poste indispo)
INDIVIDUEL;BSK2606OF022606;2026-07-22;ÉCHOUÉ(poste indispo)
INDIVIDUEL;BSK2606OF022607;2026-07-22;ÉCHOUÉ(poste indispo)
INDIVIDUEL;BSK2606OF022608;2026-07-22;ÉCHOUÉ(poste indispo)
INDIVIDUEL;BSK2606OF022609;2026-07-22;ÉCHOUÉ(poste indispo)
INDIVIDUEL;BSK2606OF022610;2026-07-22;ÉCHOUÉ(poste indispo)
INDIVIDUEL;BSK2606OF022611;2026-07-22;ÉCHOUÉ(poste indispo)
INDIVIDUEL;BSK2606OF022612;2026-07-22;ÉCHOUÉ(poste indispo)
INDIVIDUEL;BSK2606OF022613;2026-07-22;ÉCHOUÉ(poste indispo)
INDIVIDUEL;BSK2606OF022614;2026-07-22;ÉCHOUÉ(poste indispo)
INDIVIDUEL;BSK2606OF022615;2026-07-22;ÉCHOUÉ(poste indispo)
INDIVIDUEL;BSK2606OF022616;2026-07-22;ÉCHOUÉ(poste indispo)
INDIVIDUEL;BSK2606OF022617;2026-07-22;ÉCHOUÉ(poste indispo)
INDIVIDUEL;BSK2606OF022618;2026-07-22;ÉCHOUÉ(poste indispo)
INDIVIDUEL;BSK2606OF022619;2026-07-22;ÉCHOUÉ(poste indispo)
INDIVIDUEL;BSK2606OF022620;2026-07-22;OUI
INDIVIDUEL;BSK2606OF022703;2026-07-22;NON
INDIVIDUEL;BSK2606OF022704;2026-07-22;NON
INDIVIDUEL;BSK2606OF022705;2026-07-22;NON
INDIVIDUEL;BSK2606OF022706;2026-07-22;NON
INDIVIDUEL;BSK2606OF022707;2026-07-22;NON
INDIVIDUEL;BSK2606OF022708;2026-07-22;NON
INDIVIDUEL;BSK2606OF022709;2026-07-22;NON
INDIVIDUEL;BSK2606OF022710;2026-07-22;NON
INDIVIDUEL;BSK2606OF022711;2026-07-22;NON
INDIVIDUEL;BSK2606OF022712;2026-07-22;NON
INDIVIDUEL;BSK2606OF022713;2026-07-22;NON
INDIVIDUEL;BSK2606OF022714;2026-07-22;NON
INDIVIDUEL;BSK2606OF022715;2026-07-22;NON
INDIVIDUEL;BSK2606OF022716;2026-07-22;NON
INDIVIDUEL;BSK2606OF022717;2026-07-22;NON
INDIVIDUEL;BSK2606OF022718;2026-07-22;NON
INDIVIDUEL;BSK2606OF022719;2026-07-22;NON
INDIVIDUEL;BSK2606OF022720;2026-07-22;NON
INDIVIDUEL;BSK2606OF022721;2026-07-22;NON
INDIVIDUEL;BSK2606OF022722;2026-07-22;NON
INDIVIDUEL;BSK2606OF022723;2026-07-22;NON
INDIVIDUEL;BSK2606OF022724;2026-07-22;NON
INDIVIDUEL;BSK2606OF022738;2026-07-22;NON
INDIVIDUEL;BSK2606OF022743;2026-07-22;ÉCHOUÉ(stock insuffisant)
INDIVIDUEL;BSK2606OF022752;2026-07-22;NON
INDIVIDUEL;BSK2606OF022771;2026-07-22;NON
INDIVIDUEL;BSK2606OF022772;2026-07-22;NON
INDIVIDUEL;BSK2606OF022773;2026-07-22;NON
INDIVIDUEL;BSK2606OF022774;2026-07-22;NON
INDIVIDUEL;BSK2606OF022784;2026-07-22;NON
INDIVIDUEL;BSK2606OF022791;2026-07-22;ÉCHOUÉ(poste indispo)
INDIVIDUEL;BSK2606OF022792;2026-07-22;ÉCHOUÉ(poste indispo)
INDIVIDUEL;BSK2606OF022793;2026-07-22;ÉCHOUÉ(poste indispo)
INDIVIDUEL;BSK2606OF022794;2026-07-22;ÉCHOUÉ(poste indispo)
INDIVIDUEL;BSK2606OF022795;2026-07-22;ÉCHOUÉ(poste indispo)
INDIVIDUEL;BSK2606OF022796;2026-07-22;ÉCHOUÉ(poste indispo)
INDIVIDUEL;BSK2606OF022797;2026-07-22;ÉCHOUÉ(poste indispo)
INDIVIDUEL;BSK2606OF022811;2026-07-22;NON
INDIVIDUEL;BSK2606OF022847;2026-07-22;ÉCHOUÉ(poste indispo)
INDIVIDUEL;BSK2606OF022848;2026-07-22;ÉCHOUÉ(poste indispo)
INDIVIDUEL;BSK2606OF022849;2026-07-22;ÉCHOUÉ(poste indispo)
INDIVIDUEL;BSK2606OF022850;2026-07-22;ÉCHOUÉ(poste indispo)
INDIVIDUEL;BSK2606OF022856;2026-07-22;ÉCHOUÉ(stock insuffisant)
INDIVIDUEL;BSK2606OF022857;2026-07-22;ÉCHOUÉ(stock insuffisant)
INDIVIDUEL;BSK2606OF022858;2026-07-22;ÉCHOUÉ(stock insuffisant)
INDIVIDUEL;BSK2606OF022881;2026-07-22;ÉCHOUÉ(stock insuffisant)
INDIVIDUEL;BSK2606OF022882;2026-07-22;ÉCHOUÉ(stock insuffisant)
INDIVIDUEL;BSK2606OF022959;2026-07-22;ÉCHOUÉ(poste indispo)
INDIVIDUEL;BSK2606OF023011;2026-07-22;ÉCHOUÉ(poste indispo)
INDIVIDUEL;BSK2606OF023019;2026-07-22;OUI
INDIVIDUEL;BSK2606OF023020;2026-07-22;OUI
INDIVIDUEL;BSK2606OF023021;2026-07-22;NON
INDIVIDUEL;BSK2606OF023035;2026-07-22;OUI
INDIVIDUEL;BSK2606OF023037;2026-07-22;NON
INDIVIDUEL;BSK2606OF023043;2026-07-22;NON
INDIVIDUEL;BSK2606OF023045;2026-07-22;NON
INDIVIDUEL;BSK2606OF023051;2026-07-22;OUI
INDIVIDUEL;BSK2606OF023054;2026-07-22;OUI
INDIVIDUEL;BSK2606OF023055;2026-07-22;OUI
INDIVIDUEL;BSK2606OF023056;2026-07-22;OUI
INDIVIDUEL;BSK2606OF023057;2026-07-22;OUI
INDIVIDUEL;BSK2606OF023070;2026-07-22;ÉCHOUÉ(poste indispo)
INDIVIDUEL;BSK2606OF023071;2026-07-22;ÉCHOUÉ(poste indispo)
INDIVIDUEL;BSK2606OF023073;2026-07-22;ÉCHOUÉ(poste indispo)
INDIVIDUEL;BSK2606OF023074;2026-07-22;ÉCHOUÉ(poste indispo)
INDIVIDUEL;BSK2606OF023081;2026-07-22;OUI
INDIVIDUEL;BSK2606OF023083;2026-07-22;OUI
INDIVIDUEL;BSK2606OF023098;2026-07-22;ÉCHOUÉ(poste indispo)
INDIVIDUEL;BSK2606OF023099;2026-07-22;ÉCHOUÉ(poste indispo)
INDIVIDUEL;BSK2606OF023100;2026-07-22;ÉCHOUÉ(poste indispo)
INDIVIDUEL;BSK2606OF023141;2026-07-22;ÉCHOUÉ(poste indispo)
INDIVIDUEL;BSK2606OF023142;2026-07-22;OUI
INDIVIDUEL;BSK2606OF023144;2026-07-22;OUI
INDIVIDUEL;BSK2606OF023151;2026-07-22;NON
INDIVIDUEL;BSK2606OF023152;2026-07-22;NON
INDIVIDUEL;BSK2606OF023158;2026-07-22;NON
INDIVIDUEL;BSK2606OF023159;2026-07-22;ÉCHOUÉ(poste indispo)
INDIVIDUEL;BSK2606OF023162;2026-07-22;NON
INDIVIDUEL;BSK2606OF023168;2026-07-22;OUI
INDIVIDUEL;BSK2606OF023191;2026-07-22;NON
INDIVIDUEL;BSK2606OF023192;2026-07-22;NON
INDIVIDUEL;BSK2606OF023193;2026-07-22;NON
INDIVIDUEL;BSK2606OF023194;2026-07-22;NON
INDIVIDUEL;BSK2606OF023195;2026-07-22;NON
INDIVIDUEL;BSK2606OF023196;2026-07-22;NON
INDIVIDUEL;BSK2606OF023197;2026-07-22;NON
INDIVIDUEL;BSK2606OF023198;2026-07-22;NON
INDIVIDUEL;BSK2606OF023199;2026-07-22;NON
INDIVIDUEL;BSK2606OF023200;2026-07-22;NON
INDIVIDUEL;BSK2606OF023201;2026-07-22;NON
INDIVIDUEL;BSK2606OF023202;2026-07-22;NON
INDIVIDUEL;BSK2606OF023203;2026-07-22;NON
INDIVIDUEL;BSK2606OF023204;2026-07-22;NON
INDIVIDUEL;BSK2606OF023205;2026-07-22;NON
INDIVIDUEL;BSK2606OF023206;2026-07-22;NON
INDIVIDUEL;BSK2606OF023207;2026-07-22;NON
INDIVIDUEL;BSK2606OF023208;2026-07-22;NON
INDIVIDUEL;BSK2606OF023209;2026-07-22;NON
INDIVIDUEL;BSK2606OF023210;2026-07-22;NON
INDIVIDUEL;BSK2606OF023211;2026-07-22;NON
INDIVIDUEL;BSK2606OF023212;2026-07-22;NON
INDIVIDUEL;BSK2606OF023213;2026-07-22;NON
INDIVIDUEL;BSK2606OF023214;2026-07-22;NON
INDIVIDUEL;BSK2606OF023215;2026-07-22;NON
INDIVIDUEL;BSK2606OF023216;2026-07-22;NON
INDIVIDUEL;BSK2606OF023217;2026-07-22;NON
INDIVIDUEL;BSK2606OF023218;2026-07-22;NON
INDIVIDUEL;BSK2606OF023219;2026-07-22;OUI
INDIVIDUEL;BSK2606OF023220;2026-07-22;OUI
INDIVIDUEL;BSK2606OF023221;2026-07-22;OUI
INDIVIDUEL;BSK2606OF023222;2026-07-22;OUI
INDIVIDUEL;BSK2606OF023223;2026-07-22;OUI
INDIVIDUEL;BSK2606OF023224;2026-07-22;OUI
INDIVIDUEL;BSK2606OF023225;2026-07-22;OUI
INDIVIDUEL;BSK2606OF023226;2026-07-22;OUI
INDIVIDUEL;BSK2606OF023227;2026-07-22;OUI
INDIVIDUEL;BSK2606OF023228;2026-07-22;OUI
INDIVIDUEL;BSK2606OF023230;2026-07-22;OUI
INDIVIDUEL;BSK2606OF023231;2026-07-22;OUI
INDIVIDUEL;BSK2606OF023232;2026-07-22;OUI
INDIVIDUEL;BSK2606OF023233;2026-07-22;OUI
INDIVIDUEL;BSK2606OF023234;2026-07-22;OUI
INDIVIDUEL;BSK2606OF023235;2026-07-22;OUI
INDIVIDUEL;BSK2606OF023236;2026-07-22;OUI
INDIVIDUEL;BSK2606OF023237;2026-07-22;OUI
INDIVIDUEL;BSK2606OF023238;2026-07-22;OUI
INDIVIDUEL;BSK2606OF023239;2026-07-22;OUI
INDIVIDUEL;BSK2606OF023240;2026-07-22;OUI
INDIVIDUEL;BSK2606OF023241;2026-07-22;OUI
INDIVIDUEL;BSK2606OF023242;2026-07-22;OUI
INDIVIDUEL;BSK2606OF023243;2026-07-22;OUI
INDIVIDUEL;BSK2606OF023244;2026-07-22;OUI
INDIVIDUEL;BSK2606OF023245;2026-07-22;OUI
INDIVIDUEL;BSK2606OF023246;2026-07-22;OUI
INDIVIDUEL;BSK2606OF023247;2026-07-22;OUI
INDIVIDUEL;BSK2606OF023248;2026-07-22;OUI
INDIVIDUEL;BSK2606OF023249;2026-07-22;OUI
INDIVIDUEL;BSK2606OF023250;2026-07-22;OUI
INDIVIDUEL;BSK2606OF023251;2026-07-22;OUI
INDIVIDUEL;BSK2606OF023252;2026-07-22;OUI
INDIVIDUEL;BSK2606OF023253;2026-07-22;OUI
INDIVIDUEL;BSK2606OF023254;2026-07-22;OUI
INDIVIDUEL;BSK2606OF023255;2026-07-22;OUI
INDIVIDUEL;BSK2606OF023256;2026-07-22;OUI
INDIVIDUEL;BSK2606OF023257;2026-07-22;OUI
INDIVIDUEL;BSK2606OF023258;2026-07-22;OUI
INDIVIDUEL;BSK2606OF023259;2026-07-22;OUI
INDIVIDUEL;BSK2606OF023260;2026-07-22;OUI
INDIVIDUEL;BSK2606OF023261;2026-07-22;OUI
INDIVIDUEL;BSK2606OF023262;2026-07-22;OUI
INDIVIDUEL;BSK2606OF023263;2026-07-22;NON
INDIVIDUEL;BSK2606OF023264;2026-07-22;NON
INDIVIDUEL;BSK2606OF023265;2026-07-22;NON
INDIVIDUEL;BSK2606OF023266;2026-07-22;NON
INDIVIDUEL;BSK2606OF023267;2026-07-22;NON
INDIVIDUEL;BSK2606OF023268;2026-07-22;NON
INDIVIDUEL;BSK2606OF023269;2026-07-22;NON
INDIVIDUEL;BSK2606OF023270;2026-07-22;NON
INDIVIDUEL;BSK2606OF023271;2026-07-22;NON
INDIVIDUEL;BSK2606OF023272;2026-07-22;NON
INDIVIDUEL;BSK2606OF023273;2026-07-22;NON
INDIVIDUEL;BSK2606OF023274;2026-07-22;NON
INDIVIDUEL;BSK2606OF023275;2026-07-22;NON
INDIVIDUEL;BSK2606OF023276;2026-07-22;NON
INDIVIDUEL;BSK2606OF023277;2026-07-22;NON
INDIVIDUEL;BSK2606OF023278;2026-07-22;NON
INDIVIDUEL;BSK2606OF023279;2026-07-22;NON
INDIVIDUEL;BSK2606OF023280;2026-07-22;NON
INDIVIDUEL;BSK2606OF023281;2026-07-22;NON
INDIVIDUEL;BSK2606OF023282;2026-07-22;NON
INDIVIDUEL;BSK2606OF023283;2026-07-22;NON
INDIVIDUEL;BSK2606OF023284;2026-07-22;NON
INDIVIDUEL;BSK2606OF023285;2026-07-22;NON
INDIVIDUEL;BSK2606OF023286;2026-07-22;NON
INDIVIDUEL;BSK2606OF023287;2026-07-22;NON
INDIVIDUEL;BSK2606OF023288;2026-07-22;NON
INDIVIDUEL;BSK2606OF023289;2026-07-22;NON
INDIVIDUEL;BSK2606OF023290;2026-07-22;NON
INDIVIDUEL;BSK2606OF023291;2026-07-22;NON
INDIVIDUEL;BSK2606OF023292;2026-07-22;NON
INDIVIDUEL;BSK2606OF023293;2026-07-22;NON
INDIVIDUEL;BSK2606OF023294;2026-07-22;NON
INDIVIDUEL;BSK2606OF023295;2026-07-22;NON
INDIVIDUEL;BSK2606OF023296;2026-07-22;NON
INDIVIDUEL;BSK2606OF023297;2026-07-22;NON
INDIVIDUEL;BSK2606OF023298;2026-07-22;NON
INDIVIDUEL;BSK2606OF023299;2026-07-22;NON
INDIVIDUEL;BSK2606OF023300;2026-07-22;NON
INDIVIDUEL;BSK2606OF023301;2026-07-22;NON
INDIVIDUEL;BSK2606OF023302;2026-07-22;NON
INDIVIDUEL;BSK2606OF023303;2026-07-22;NON
INDIVIDUEL;BSK2606OF023304;2026-07-22;NON
INDIVIDUEL;BSK2606OF023305;2026-07-22;NON
INDIVIDUEL;BSK2606OF023306;2026-07-22;NON
INDIVIDUEL;BSK2606OF023307;2026-07-22;NON
INDIVIDUEL;BSK2606OF023308;2026-07-22;NON
INDIVIDUEL;BSK2606OF023309;2026-07-22;NON
INDIVIDUEL;BSK2606OF023310;2026-07-22;NON
INDIVIDUEL;BSK2606OF023311;2026-07-22;NON
INDIVIDUEL;BSK2606OF023312;2026-07-22;NON
INDIVIDUEL;BSK2606OF023313;2026-07-22;NON
INDIVIDUEL;BSK2606OF023314;2026-07-22;NON
INDIVIDUEL;BSK2606OF023315;2026-07-22;NON
INDIVIDUEL;BSK2606OF023316;2026-07-22;NON
INDIVIDUEL;BSK2606OF023317;2026-07-22;NON
INDIVIDUEL;BSK2606OF023318;2026-07-22;NON
INDIVIDUEL;BSK2606OF023319;2026-07-22;NON
INDIVIDUEL;BSK2606OF023320;2026-07-22;NON
INDIVIDUEL;BSK2606OF023321;2026-07-22;NON
INDIVIDUEL;BSK2606OF023322;2026-07-22;NON
INDIVIDUEL;BSK2606OF023323;2026-07-22;NON
INDIVIDUEL;BSK2606OF023324;2026-07-22;NON
INDIVIDUEL;BSK2606OF023325;2026-07-22;NON
INDIVIDUEL;BSK2606OF023326;2026-07-22;NON
INDIVIDUEL;BSK2606OF023327;2026-07-22;NON
INDIVIDUEL;BSK2606OF023328;2026-07-22;NON
INDIVIDUEL;BSK2606OF023329;2026-07-22;NON
INDIVIDUEL;BSK2606OF023330;2026-07-22;NON
INDIVIDUEL;BSK2606OF023331;2026-07-22;NON
INDIVIDUEL;BSK2606OF023332;2026-07-22;NON
INDIVIDUEL;BSK2606OF023333;2026-07-22;NON
INDIVIDUEL;BSK2606OF023334;2026-07-22;NON
INDIVIDUEL;BSK2606OF023335;2026-07-22;NON
INDIVIDUEL;BSK2606OF023336;2026-07-22;NON
INDIVIDUEL;BSK2606OF023337;2026-07-22;NON
INDIVIDUEL;BSK2606OF023338;2026-07-22;NON
INDIVIDUEL;BSK2606OF023339;2026-07-22;NON
INDIVIDUEL;BSK2606OF023340;2026-07-22;NON
INDIVIDUEL;BSK2606OF023341;2026-07-22;NON
INDIVIDUEL;BSK2606OF023342;2026-07-22;NON
INDIVIDUEL;BSK2606OF023343;2026-07-22;NON
INDIVIDUEL;BSK2606OF023344;2026-07-22;NON
INDIVIDUEL;BSK2606OF023345;2026-07-22;NON
INDIVIDUEL;BSK2606OF023346;2026-07-22;NON
INDIVIDUEL;BSK2606OF023347;2026-07-22;NON
INDIVIDUEL;BSK2606OF023348;2026-07-22;NON
INDIVIDUEL;BSK2606OF023349;2026-07-22;NON
INDIVIDUEL;BSK2606OF023350;2026-07-22;NON
INDIVIDUEL;BSK2606OF023351;2026-07-22;NON
INDIVIDUEL;BSK2606OF023352;2026-07-22;NON
INDIVIDUEL;BSK2606OF023353;2026-07-22;NON
INDIVIDUEL;BSK2606OF023354;2026-07-22;NON
INDIVIDUEL;BSK2606OF023355;2026-07-22;NON
INDIVIDUEL;BSK2606OF023356;2026-07-22;NON
INDIVIDUEL;BSK2606OF023357;2026-07-22;NON
INDIVIDUEL;BSK2606OF023358;2026-07-22;NON
INDIVIDUEL;BSK2606OF023359;2026-07-22;NON
INDIVIDUEL;BSK2606OF023360;2026-07-22;NON
INDIVIDUEL;BSK2606OF023361;2026-07-22;NON
INDIVIDUEL;BSK2606OF023362;2026-07-22;NON
INDIVIDUEL;BSK2606OF023363;2026-07-22;NON
INDIVIDUEL;BSK2606OF023364;2026-07-22;NON
INDIVIDUEL;BSK2606OF023365;2026-07-22;NON
INDIVIDUEL;BSK2606OF023366;2026-07-22;NON
INDIVIDUEL;BSK2606OF023367;2026-07-22;NON
INDIVIDUEL;BSK2606OF023368;2026-07-22;NON
INDIVIDUEL;BSK2606OF023369;2026-07-22;NON
INDIVIDUEL;BSK2606OF023370;2026-07-22;NON
INDIVIDUEL;BSK2606OF023371;2026-07-22;NON
INDIVIDUEL;BSK2606OF023372;2026-07-22;NON
INDIVIDUEL;BSK2606OF023373;2026-07-22;NON
INDIVIDUEL;BSK2606OF023374;2026-07-22;NON
INDIVIDUEL;BSK2606OF023375;2026-07-22;NON
INDIVIDUEL;BSK2606OF023376;2026-07-22;NON
INDIVIDUEL;BSK2606OF023377;2026-07-22;NON
INDIVIDUEL;BSK2606OF023378;2026-07-22;NON
INDIVIDUEL;BSK2606OF023379;2026-07-22;NON
INDIVIDUEL;BSK2606OF023380;2026-07-22;NON
INDIVIDUEL;BSK2606OF023381;2026-07-22;NON
INDIVIDUEL;BSK2606OF023382;2026-07-22;NON
INDIVIDUEL;BSK2606OF023383;2026-07-22;NON
INDIVIDUEL;BSK2606OF023384;2026-07-22;NON
INDIVIDUEL;BSK2606OF023385;2026-07-22;NON
INDIVIDUEL;BSK2606OF023386;2026-07-22;NON
INDIVIDUEL;BSK2606OF023387;2026-07-22;NON
INDIVIDUEL;BSK2606OF023388;2026-07-22;NON
INDIVIDUEL;BSK2606OF023389;2026-07-22;NON
INDIVIDUEL;BSK2606OF023390;2026-07-22;NON
INDIVIDUEL;BSK2606OF023391;2026-07-22;NON
INDIVIDUEL;BSK2606OF023392;2026-07-22;NON
INDIVIDUEL;BSK2606OF023393;2026-07-22;NON
INDIVIDUEL;BSK2606OF023394;2026-07-22;NON
INDIVIDUEL;BSK2606OF023395;2026-07-22;NON
INDIVIDUEL;BSK2606OF023396;2026-07-22;NON
INDIVIDUEL;BSK2606OF023397;2026-07-22;OUI
INDIVIDUEL;BSK2606OF023399;2026-07-22;NON
INDIVIDUEL;BSK2606OF023400;2026-07-22;NON
INDIVIDUEL;BSK2606OF023401;2026-07-22;NON
INDIVIDUEL;BSK2606OF023402;2026-07-22;NON
INDIVIDUEL;BSK2606OF023403;2026-07-22;NON
INDIVIDUEL;BSK2606OF023404;2026-07-22;NON
INDIVIDUEL;BSK2606OF023405;2026-07-22;NON
INDIVIDUEL;BSK2606OF023406;2026-07-22;NON
INDIVIDUEL;BSK2606OF023407;2026-07-22;NON
INDIVIDUEL;BSK2606OF023408;2026-07-22;NON
INDIVIDUEL;BSK2606OF023409;2026-07-22;NON
INDIVIDUEL;BSK2606OF023410;2026-07-22;NON
INDIVIDUEL;BSK2606OF023411;2026-07-22;NON
INDIVIDUEL;BSK2606OF023412;2026-07-22;NON
INDIVIDUEL;BSK2606OF023413;2026-07-22;NON
INDIVIDUEL;BSK2606OF023414;2026-07-22;NON
INDIVIDUEL;BSK2606OF023415;2026-07-22;NON
INDIVIDUEL;BSK2606OF023416;2026-07-22;NON
INDIVIDUEL;BSK2606OF023417;2026-07-22;NON
INDIVIDUEL;BSK2606OF023418;2026-07-22;NON
INDIVIDUEL;BSK2606OF023419;2026-07-22;NON
INDIVIDUEL;BSK2606OF023420;2026-07-22;NON
INDIVIDUEL;BSK2606OF023421;2026-07-22;NON
INDIVIDUEL;BSK2606OF023422;2026-07-22;NON
INDIVIDUEL;BSK2606OF023423;2026-07-22;NON
INDIVIDUEL;BSK2606OF023424;2026-07-22;NON
INDIVIDUEL;BSK2606OF023425;2026-07-22;NON
INDIVIDUEL;BSK2606OF023426;2026-07-22;NON
INDIVIDUEL;BSK2606OF023427;2026-07-22;ÉCHOUÉ(poste indispo)
INDIVIDUEL;BSK2606OF023428;2026-07-22;ÉCHOUÉ(poste indispo)
INDIVIDUEL;BSK2606OF023429;2026-07-22;ÉCHOUÉ(poste indispo)
INDIVIDUEL;BSK2606OF023430;2026-07-22;ÉCHOUÉ(poste indispo)
INDIVIDUEL;BSK2606OF023431;2026-07-22;ÉCHOUÉ(poste indispo)
INDIVIDUEL;BSK2606OF023432;2026-07-22;ÉCHOUÉ(poste indispo)
INDIVIDUEL;BSK2606OF023433;2026-07-22;ÉCHOUÉ(poste indispo)
INDIVIDUEL;BSK2606OF023434;2026-07-22;ÉCHOUÉ(poste indispo)
INDIVIDUEL;BSK2606OF023435;2026-07-22;ÉCHOUÉ(poste indispo)
INDIVIDUEL;BSK2606OF023436;2026-07-22;ÉCHOUÉ(poste indispo)
INDIVIDUEL;BSK2606OF023437;2026-07-22;ÉCHOUÉ(poste indispo)
INDIVIDUEL;BSK2606OF023438;2026-07-22;ÉCHOUÉ(poste indispo)
INDIVIDUEL;BSK2606OF023439;2026-07-22;ÉCHOUÉ(poste indispo)
INDIVIDUEL;BSK2606OF023440;2026-07-22;ÉCHOUÉ(poste indispo)
INDIVIDUEL;BSK2606OF023441;2026-07-22;ÉCHOUÉ(poste indispo)
INDIVIDUEL;BSK2606OF023442;2026-07-22;ÉCHOUÉ(poste indispo)
INDIVIDUEL;BSK2606OF023443;2026-07-22;ÉCHOUÉ(poste indispo)
INDIVIDUEL;BSK2606OF023444;2026-07-22;ÉCHOUÉ(poste indispo)
INDIVIDUEL;BSK2606OF023445;2026-07-22;ÉCHOUÉ(poste indispo)
INDIVIDUEL;BSK2606OF023446;2026-07-22;ÉCHOUÉ(poste indispo)
INDIVIDUEL;BSK2606OF023447;2026-07-22;OUI
INDIVIDUEL;BSK2606OF023449;2026-07-22;ÉCHOUÉ(poste indispo)
INDIVIDUEL;BSK2606OF023450;2026-07-22;ÉCHOUÉ(poste indispo)
INDIVIDUEL;BSK2606OF023451;2026-07-22;ÉCHOUÉ(poste indispo)
INDIVIDUEL;BSK2606OF023452;2026-07-22;ÉCHOUÉ(poste indispo)
INDIVIDUEL;BSK2606OF023453;2026-07-22;ÉCHOUÉ(poste indispo)
INDIVIDUEL;BSK2606OF023454;2026-07-22;ÉCHOUÉ(poste indispo)
INDIVIDUEL;BSK2606OF023455;2026-07-22;ÉCHOUÉ(poste indispo)
INDIVIDUEL;BSK2606OF023456;2026-07-22;ÉCHOUÉ(poste indispo)
INDIVIDUEL;BSK2606OF023457;2026-07-22;ÉCHOUÉ(poste indispo)
INDIVIDUEL;BSK2606OF023458;2026-07-22;ÉCHOUÉ(poste indispo)
INDIVIDUEL;BSK2606OF023459;2026-07-22;ÉCHOUÉ(poste indispo)
INDIVIDUEL;BSK2606OF023460;2026-07-22;ÉCHOUÉ(poste indispo)
INDIVIDUEL;BSK2606OF023461;2026-07-22;ÉCHOUÉ(poste indispo)
INDIVIDUEL;BSK2606OF023462;2026-07-22;ÉCHOUÉ(poste indispo)
INDIVIDUEL;BSK2606OF023463;2026-07-22;ÉCHOUÉ(poste indispo)
INDIVIDUEL;BSK2606OF023464;2026-07-22;ÉCHOUÉ(poste indispo)
INDIVIDUEL;BSK2606OF023465;2026-07-22;ÉCHOUÉ(poste indispo)
INDIVIDUEL;BSK2606OF023466;2026-07-22;ÉCHOUÉ(poste indispo)
INDIVIDUEL;BSK2606OF023467;2026-07-22;ÉCHOUÉ(poste indispo)
INDIVIDUEL;BSK2606OF023468;2026-07-22;ÉCHOUÉ(poste indispo)
INDIVIDUEL;BSK2606OF023469;2026-07-22;ÉCHOUÉ(poste indispo)
INDIVIDUEL;BSK2606OF023470;2026-07-22;ÉCHOUÉ(poste indispo)
INDIVIDUEL;BSK2606OF023471;2026-07-22;ÉCHOUÉ(poste indispo)
INDIVIDUEL;BSK2606OF023472;2026-07-22;ÉCHOUÉ(poste indispo)
INDIVIDUEL;BSK2606OF023473;2026-07-22;ÉCHOUÉ(poste indispo)
INDIVIDUEL;BSK2606OF023474;2026-07-22;ÉCHOUÉ(poste indispo)
INDIVIDUEL;BSK2606OF023475;2026-07-22;ÉCHOUÉ(poste indispo)
INDIVIDUEL;BSK2606OF023476;2026-07-22;ÉCHOUÉ(poste indispo)
INDIVIDUEL;BSK2606OF023477;2026-07-22;ÉCHOUÉ(poste indispo)
INDIVIDUEL;BSK2606OF023478;2026-07-22;ÉCHOUÉ(poste indispo)
INDIVIDUEL;BSK2606OF023479;2026-07-22;ÉCHOUÉ(poste indispo)
INDIVIDUEL;BSK2606OF023480;2026-07-22;ÉCHOUÉ(poste indispo)
INDIVIDUEL;BSK2606OF023481;2026-07-22;ÉCHOUÉ(poste indispo)
INDIVIDUEL;BSK2606OF023482;2026-07-22;ÉCHOUÉ(poste indispo)
INDIVIDUEL;BSK2606OF023483;2026-07-22;ÉCHOUÉ(poste indispo)
INDIVIDUEL;BSK2606OF023484;2026-07-22;ÉCHOUÉ(poste indispo)
INDIVIDUEL;BSK2606OF023485;2026-07-22;ÉCHOUÉ(poste indispo)
INDIVIDUEL;BSK2606OF023486;2026-07-22;ÉCHOUÉ(poste indispo)
INDIVIDUEL;BSK2606OF023487;2026-07-22;ÉCHOUÉ(poste indispo)
INDIVIDUEL;BSK2606OF023488;2026-07-22;ÉCHOUÉ(poste indispo)
INDIVIDUEL;BSK2606OF023489;2026-07-22;ÉCHOUÉ(poste indispo)
INDIVIDUEL;BSK2606OF023490;2026-07-22;ÉCHOUÉ(poste indispo)
INDIVIDUEL;BSK2606OF023491;2026-07-22;ÉCHOUÉ(poste indispo)
INDIVIDUEL;BSK2606OF023492;2026-07-22;ÉCHOUÉ(poste indispo)
INDIVIDUEL;BSK2606OF023493;2026-07-22;ÉCHOUÉ(poste indispo)
INDIVIDUEL;BSK2606OF023494;2026-07-22;ÉCHOUÉ(poste indispo)
INDIVIDUEL;BSK2606OF023495;2026-07-22;ÉCHOUÉ(poste indispo)
INDIVIDUEL;BSK2606OF023496;2026-07-22;ÉCHOUÉ(poste indispo)
INDIVIDUEL;BSK2606OF023497;2026-07-22;ÉCHOUÉ(poste indispo)
INDIVIDUEL;BSK2606OF023498;2026-07-22;ÉCHOUÉ(poste indispo)
INDIVIDUEL;BSK2606OF023499;2026-07-22;ÉCHOUÉ(poste indispo)
INDIVIDUEL;BSK2606OF023500;2026-07-22;ÉCHOUÉ(poste indispo)
INDIVIDUEL;BSK2606OF023501;2026-07-22;ÉCHOUÉ(poste indispo)
INDIVIDUEL;BSK2606OF023502;2026-07-22;ÉCHOUÉ(poste indispo)
INDIVIDUEL;BSK2606OF023503;2026-07-22;ÉCHOUÉ(poste indispo)
INDIVIDUEL;BSK2606OF023504;2026-07-22;ÉCHOUÉ(poste indispo)
INDIVIDUEL;BSK2606OF023505;2026-07-22;ÉCHOUÉ(poste indispo)
INDIVIDUEL;BSK2606OF023506;2026-07-22;ÉCHOUÉ(poste indispo)
INDIVIDUEL;BSK2606OF023507;2026-07-22;ÉCHOUÉ(poste indispo)
INDIVIDUEL;BSK2606OF023508;2026-07-22;ÉCHOUÉ(poste indispo)
INDIVIDUEL;BSK2606OF023509;2026-07-22;ÉCHOUÉ(poste indispo)
INDIVIDUEL;BSK2606OF023510;2026-07-22;ÉCHOUÉ(poste indispo)
INDIVIDUEL;BSK2606OF023511;2026-07-22;ÉCHOUÉ(poste indispo)
INDIVIDUEL;BSK2606OF023512;2026-07-22;ÉCHOUÉ(poste indispo)
INDIVIDUEL;BSK2606OF023513;2026-07-22;ÉCHOUÉ(poste indispo)
INDIVIDUEL;BSK2606OF023514;2026-07-22;ÉCHOUÉ(poste indispo)
INDIVIDUEL;BSK2606OF023515;2026-07-22;ÉCHOUÉ(poste indispo)
INDIVIDUEL;BSK2606OF023516;2026-07-22;ÉCHOUÉ(poste indispo)
INDIVIDUEL;BSK2606OF023517;2026-07-22;ÉCHOUÉ(poste indispo)
INDIVIDUEL;BSK2606OF023518;2026-07-22;ÉCHOUÉ(poste indispo)
INDIVIDUEL;BSK2606OF023519;2026-07-22;ÉCHOUÉ(poste indispo)
INDIVIDUEL;BSK2606OF023520;2026-07-22;ÉCHOUÉ(poste indispo)
INDIVIDUEL;BSK2606OF023521;2026-07-22;ÉCHOUÉ(poste indispo)
INDIVIDUEL;BSK2606OF023522;2026-07-22;ÉCHOUÉ(poste indispo)
INDIVIDUEL;BSK2606OF023523;2026-07-22;ÉCHOUÉ(poste indispo)
INDIVIDUEL;BSK2606OF023524;2026-07-22;ÉCHOUÉ(poste indispo)
INDIVIDUEL;BSK2606OF023525;2026-07-22;ÉCHOUÉ(poste indispo)
INDIVIDUEL;BSK2606OF023526;2026-07-22;ÉCHOUÉ(poste indispo)
INDIVIDUEL;BSK2606OF023527;2026-07-22;ÉCHOUÉ(poste indispo)
INDIVIDUEL;BSK2606OF023528;2026-07-22;ÉCHOUÉ(poste indispo)
INDIVIDUEL;BSK2606OF023529;2026-07-22;ÉCHOUÉ(poste indispo)
INDIVIDUEL;BSK2606OF023530;2026-07-22;ÉCHOUÉ(poste indispo)
INDIVIDUEL;BSK2606OF023531;2026-07-22;ÉCHOUÉ(poste indispo)
INDIVIDUEL;BSK2606OF023532;2026-07-22;ÉCHOUÉ(poste indispo)
INDIVIDUEL;BSK2606OF023533;2026-07-22;ÉCHOUÉ(poste indispo)
INDIVIDUEL;BSK2606OF023534;2026-07-22;ÉCHOUÉ(poste indispo)
INDIVIDUEL;BSK2606OF023535;2026-07-22;ÉCHOUÉ(poste indispo)
INDIVIDUEL;BSK2606OF023536;2026-07-22;ÉCHOUÉ(poste indispo)
INDIVIDUEL;BSK2606OF023537;2026-07-22;ÉCHOUÉ(poste indispo)
INDIVIDUEL;BSK2606OF023538;2026-07-22;ÉCHOUÉ(poste indispo)
INDIVIDUEL;BSK2606OF023539;2026-07-22;ÉCHOUÉ(poste indispo)
INDIVIDUEL;BSK2606OF023540;2026-07-22;ÉCHOUÉ(poste indispo)
INDIVIDUEL;BSK2606OF023541;2026-07-22;ÉCHOUÉ(poste indispo)
INDIVIDUEL;BSK2606OF023542;2026-07-22;ÉCHOUÉ(poste indispo)
INDIVIDUEL;BSK2606OF023543;2026-07-22;ÉCHOUÉ(poste indispo)
INDIVIDUEL;BSK2606OF023544;2026-07-22;ÉCHOUÉ(poste indispo)
INDIVIDUEL;BSK2606OF023545;2026-07-22;ÉCHOUÉ(poste indispo)
INDIVIDUEL;BSK2606OF023546;2026-07-22;ÉCHOUÉ(poste indispo)
INDIVIDUEL;BSK2606OF023547;2026-07-22;ÉCHOUÉ(poste indispo)
INDIVIDUEL;BSK2606OF023548;2026-07-22;ÉCHOUÉ(poste indispo)
INDIVIDUEL;BSK2606OF023549;2026-07-22;ÉCHOUÉ(poste indispo)
INDIVIDUEL;BSK2606OF023550;2026-07-22;ÉCHOUÉ(poste indispo)
INDIVIDUEL;BSK2606OF023551;2026-07-22;ÉCHOUÉ(poste indispo)
INDIVIDUEL;BSK2606OF023552;2026-07-22;ÉCHOUÉ(poste indispo)
INDIVIDUEL;BSK2606OF023553;2026-07-22;ÉCHOUÉ(poste indispo)
INDIVIDUEL;BSK2606OF023554;2026-07-22;ÉCHOUÉ(poste indispo)
INDIVIDUEL;BSK2606OF023555;2026-07-22;ÉCHOUÉ(poste indispo)
INDIVIDUEL;BSK2606OF023556;2026-07-22;ÉCHOUÉ(poste indispo)
INDIVIDUEL;BSK2606OF023557;2026-07-22;ÉCHOUÉ(poste indispo)
INDIVIDUEL;BSK2606OF023558;2026-07-22;ÉCHOUÉ(poste indispo)
INDIVIDUEL;BSK2606OF023559;2026-07-22;ÉCHOUÉ(poste indispo)
INDIVIDUEL;BSK2606OF023560;2026-07-22;ÉCHOUÉ(poste indispo)
INDIVIDUEL;BSK2606OF023561;2026-07-22;ÉCHOUÉ(poste indispo)
INDIVIDUEL;BSK2606OF023562;2026-07-22;ÉCHOUÉ(poste indispo)
INDIVIDUEL;BSK2606OF023563;2026-07-22;ÉCHOUÉ(poste indispo)
INDIVIDUEL;BSK2606OF023564;2026-07-22;ÉCHOUÉ(poste indispo)
INDIVIDUEL;BSK2606OF023565;2026-07-22;ÉCHOUÉ(poste indispo)
INDIVIDUEL;BSK2606OF023566;2026-07-22;ÉCHOUÉ(poste indispo)
INDIVIDUEL;BSK2606OF023567;2026-07-22;ÉCHOUÉ(poste indispo)
INDIVIDUEL;BSK2606OF023568;2026-07-22;ÉCHOUÉ(poste indispo)
INDIVIDUEL;BSK2606OF023569;2026-07-22;ÉCHOUÉ(poste indispo)
INDIVIDUEL;BSK2606OF023570;2026-07-22;ÉCHOUÉ(poste indispo)
INDIVIDUEL;BSK2606OF023571;2026-07-22;ÉCHOUÉ(poste indispo)
INDIVIDUEL;BSK2606OF023572;2026-07-22;ÉCHOUÉ(poste indispo)
INDIVIDUEL;BSK2606OF023573;2026-07-22;ÉCHOUÉ(poste indispo)
INDIVIDUEL;BSK2606OF023574;2026-07-22;ÉCHOUÉ(poste indispo)
INDIVIDUEL;BSK2606OF023575;2026-07-22;ÉCHOUÉ(poste indispo)
INDIVIDUEL;BSK2606OF023576;2026-07-22;ÉCHOUÉ(poste indispo)
INDIVIDUEL;BSK2606OF023577;2026-07-22;ÉCHOUÉ(poste indispo)
INDIVIDUEL;BSK2606OF023578;2026-07-22;ÉCHOUÉ(poste indispo)
INDIVIDUEL;BSK2606OF023579;2026-07-22;ÉCHOUÉ(poste indispo)
INDIVIDUEL;BSK2606OF023580;2026-07-22;ÉCHOUÉ(poste indispo)
INDIVIDUEL;BSK2606OF023581;2026-07-22;ÉCHOUÉ(poste indispo)
INDIVIDUEL;BSK2606OF023582;2026-07-22;ÉCHOUÉ(poste indispo)
INDIVIDUEL;BSK2606OF023583;2026-07-22;ÉCHOUÉ(poste indispo)
INDIVIDUEL;BSK2606OF023584;2026-07-22;ÉCHOUÉ(poste indispo)
INDIVIDUEL;BSK2606OF023585;2026-07-22;ÉCHOUÉ(poste indispo)
INDIVIDUEL;BSK2606OF023586;2026-07-22;ÉCHOUÉ(poste indispo)
INDIVIDUEL;BSK2606OF023587;2026-07-22;ÉCHOUÉ(poste indispo)
INDIVIDUEL;BSK2606OF023588;2026-07-22;ÉCHOUÉ(poste indispo)
INDIVIDUEL;BSK2606OF023589;2026-07-22;ÉCHOUÉ(poste indispo)
INDIVIDUEL;BSK2606OF023590;2026-07-22;ÉCHOUÉ(poste indispo)
INDIVIDUEL;BSK2606OF023591;2026-07-22;ÉCHOUÉ(poste indispo)
INDIVIDUEL;BSK2606OF023592;2026-07-22;ÉCHOUÉ(poste indispo)
INDIVIDUEL;BSK2606OF023593;2026-07-22;ÉCHOUÉ(poste indispo)
INDIVIDUEL;BSK2606OF023594;2026-07-22;ÉCHOUÉ(poste indispo)
INDIVIDUEL;BSK2606OF023595;2026-07-22;ÉCHOUÉ(poste indispo)
INDIVIDUEL;BSK2606OF023596;2026-07-22;ÉCHOUÉ(poste indispo)
INDIVIDUEL;BSK2606OF023597;2026-07-22;ÉCHOUÉ(poste indispo)
INDIVIDUEL;BSK2606OF023598;2026-07-22;ÉCHOUÉ(poste indispo)
INDIVIDUEL;BSK2606OF023599;2026-07-22;ÉCHOUÉ(poste indispo)
INDIVIDUEL;BSK2606OF023600;2026-07-22;ÉCHOUÉ(poste indispo)
INDIVIDUEL;BSK2606OF023601;2026-07-22;ÉCHOUÉ(poste indispo)
INDIVIDUEL;BSK2606OF023602;2026-07-22;ÉCHOUÉ(poste indispo)
INDIVIDUEL;BSK2606OF023603;2026-07-22;ÉCHOUÉ(poste indispo)
INDIVIDUEL;BSK2606OF023604;2026-07-22;ÉCHOUÉ(poste indispo)
INDIVIDUEL;BSK2606OF023605;2026-07-22;ÉCHOUÉ(poste indispo)
INDIVIDUEL;BSK2606OF023606;2026-07-22;ÉCHOUÉ(poste indispo)
INDIVIDUEL;BSK2606OF023607;2026-07-22;ÉCHOUÉ(poste indispo)
INDIVIDUEL;BSK2606OF023608;2026-07-22;ÉCHOUÉ(poste indispo)
INDIVIDUEL;BSK2606OF023609;2026-07-22;ÉCHOUÉ(poste indispo)
INDIVIDUEL;BSK2606OF023610;2026-07-22;ÉCHOUÉ(poste indispo)
INDIVIDUEL;BSK2606OF023611;2026-07-22;ÉCHOUÉ(poste indispo)
INDIVIDUEL;BSK2606OF023612;2026-07-22;ÉCHOUÉ(poste indispo)
INDIVIDUEL;BSK2606OF023613;2026-07-22;ÉCHOUÉ(poste indispo)
INDIVIDUEL;BSK2606OF023614;2026-07-22;ÉCHOUÉ(poste indispo)
INDIVIDUEL;BSK2606OF023615;2026-07-22;ÉCHOUÉ(poste indispo)
INDIVIDUEL;BSK2606OF023616;2026-07-22;ÉCHOUÉ(poste indispo)
INDIVIDUEL;BSK2606OF023617;2026-07-22;ÉCHOUÉ(poste indispo)
INDIVIDUEL;BSK2606OF023618;2026-07-22;ÉCHOUÉ(poste indispo)
INDIVIDUEL;BSK2606OF023619;2026-07-22;ÉCHOUÉ(poste indispo)
INDIVIDUEL;BSK2606OF023620;2026-07-22;ÉCHOUÉ(poste indispo)
INDIVIDUEL;BSK2606OF023621;2026-07-22;ÉCHOUÉ(poste indispo)
INDIVIDUEL;BSK2606OF023622;2026-07-22;ÉCHOUÉ(poste indispo)
INDIVIDUEL;BSK2606OF023623;2026-07-22;ÉCHOUÉ(poste indispo)
INDIVIDUEL;BSK2606OF023624;2026-07-22;ÉCHOUÉ(poste indispo)
INDIVIDUEL;BSK2606OF023625;2026-07-22;ÉCHOUÉ(poste indispo)
INDIVIDUEL;BSK2606OF023626;2026-07-22;ÉCHOUÉ(poste indispo)
INDIVIDUEL;BSK2606OF023627;2026-07-22;ÉCHOUÉ(poste indispo)
INDIVIDUEL;BSK2606OF023628;2026-07-22;ÉCHOUÉ(poste indispo)
INDIVIDUEL;BSK2606OF023629;2026-07-22;ÉCHOUÉ(poste indispo)
INDIVIDUEL;BSK2606OF023630;2026-07-22;ÉCHOUÉ(poste indispo)
INDIVIDUEL;BSK2606OF023631;2026-07-22;ÉCHOUÉ(poste indispo)
INDIVIDUEL;BSK2606OF023632;2026-07-22;ÉCHOUÉ(poste indispo)
INDIVIDUEL;BSK2606OF023633;2026-07-22;ÉCHOUÉ(poste indispo)
INDIVIDUEL;BSK2606OF023634;2026-07-22;ÉCHOUÉ(poste indispo)
INDIVIDUEL;BSK2606OF023635;2026-07-22;ÉCHOUÉ(poste indispo)
INDIVIDUEL;BSK2606OF023636;2026-07-22;ÉCHOUÉ(poste indispo)
INDIVIDUEL;BSK2606OF023637;2026-07-22;ÉCHOUÉ(poste indispo)
INDIVIDUEL;BSK2606OF023638;2026-07-22;ÉCHOUÉ(poste indispo)
INDIVIDUEL;BSK2606OF023639;2026-07-22;ÉCHOUÉ(poste indispo)
INDIVIDUEL;BSK2606OF023640;2026-07-22;ÉCHOUÉ(poste indispo)
INDIVIDUEL;BSK2606OF023641;2026-07-22;ÉCHOUÉ(poste indispo)
INDIVIDUEL;BSK2606OF023642;2026-07-22;ÉCHOUÉ(poste indispo)
INDIVIDUEL;BSK2606OF023643;2026-07-22;ÉCHOUÉ(poste indispo)
INDIVIDUEL;BSK2606OF023644;2026-07-22;ÉCHOUÉ(poste indispo)
INDIVIDUEL;BSK2606OF023645;2026-07-22;ÉCHOUÉ(poste indispo)
INDIVIDUEL;BSK2606OF023646;2026-07-22;ÉCHOUÉ(poste indispo)
INDIVIDUEL;BSK2606OF023647;2026-07-22;ÉCHOUÉ(poste indispo)
INDIVIDUEL;BSK2606OF023648;2026-07-22;ÉCHOUÉ(poste indispo)
INDIVIDUEL;BSK2606OF023649;2026-07-22;ÉCHOUÉ(poste indispo)
INDIVIDUEL;BSK2606OF023650;2026-07-22;ÉCHOUÉ(poste indispo)
INDIVIDUEL;BSK2606OF023651;2026-07-22;ÉCHOUÉ(poste indispo)
INDIVIDUEL;BSK2606OF023652;2026-07-22;ÉCHOUÉ(poste indispo)
INDIVIDUEL;BSK2606OF023653;2026-07-22;ÉCHOUÉ(poste indispo)
INDIVIDUEL;BSK2606OF023654;2026-07-22;ÉCHOUÉ(poste indispo)
INDIVIDUEL;BSK2606OF023655;2026-07-22;ÉCHOUÉ(poste indispo)
INDIVIDUEL;BSK2606OF023656;2026-07-22;ÉCHOUÉ(poste indispo)
INDIVIDUEL;BSK2606OF023657;2026-07-22;ÉCHOUÉ(poste indispo)
INDIVIDUEL;BSK2606OF023664;2026-07-22;OUI
INDIVIDUEL;BSK2606OF023666;2026-07-22;ÉCHOUÉ(poste indispo)
INDIVIDUEL;BSK2606OF023667;2026-07-22;NON
INDIVIDUEL;BSK2606OF023672;2026-07-22;OUI
INDIVIDUEL;BSK2606OF023674;2026-07-22;ÉCHOUÉ(poste indispo)
INDIVIDUEL;BSK2606OF023675;2026-07-22;ÉCHOUÉ(poste indispo)
INDIVIDUEL;BSK2606OF023676;2026-07-22;ÉCHOUÉ(poste indispo)
INDIVIDUEL;BSK2606OF023686;2026-07-22;OUI
INDIVIDUEL;BSK2606OF023687;2026-07-22;ÉCHOUÉ(poste indispo)
INDIVIDUEL;BSK2606OF023688;2026-07-22;OUI
INDIVIDUEL;BSK2606OF023690;2026-07-22;ÉCHOUÉ(poste indispo)
INDIVIDUEL;BSK2606OF023691;2026-07-22;ÉCHOUÉ(poste indispo)
INDIVIDUEL;BSK2606OF023692;2026-07-22;ÉCHOUÉ(poste indispo)
INDIVIDUEL;BSK2606OF023693;2026-07-22;ÉCHOUÉ(poste indispo)
INDIVIDUEL;BSK2606OF023694;2026-07-22;ÉCHOUÉ(poste indispo)
INDIVIDUEL;BSK2606OF023695;2026-07-22;ÉCHOUÉ(poste indispo)
INDIVIDUEL;BSK2606OF023696;2026-07-22;NON
INDIVIDUEL;BSK2606OF023735;2026-07-22;ÉCHOUÉ(poste indispo)
INDIVIDUEL;BSK2606OF023738;2026-07-22;NON
INDIVIDUEL;BSK2606OF023739;2026-07-22;NON
INDIVIDUEL;BSK2606OF023740;2026-07-22;NON
INDIVIDUEL;BSK2606OF023741;2026-07-22;NON
INDIVIDUEL;BSK2606OF023742;2026-07-22;NON
INDIVIDUEL;BSK2606OF023743;2026-07-22;NON
INDIVIDUEL;BSK2606OF023744;2026-07-22;OUI
INDIVIDUEL;BSK2606OF023745;2026-07-22;OUI
INDIVIDUEL;BSK2606OF023746;2026-07-22;OUI
INDIVIDUEL;BSK2606OF023792;2026-07-22;NON
INDIVIDUEL;BSK2606OF023793;2026-07-22;NON
INDIVIDUEL;BSK2606OF023794;2026-07-22;NON
INDIVIDUEL;BSK2606OF023798;2026-07-22;NON
INDIVIDUEL;BSK2606OF023799;2026-07-22;NON
INDIVIDUEL;BSK2606OF023802;2026-07-22;ÉCHOUÉ(stock insuffisant)
INDIVIDUEL;BSK2606OF023803;2026-07-22;ÉCHOUÉ(stock insuffisant)
INDIVIDUEL;BSK2606OF023806;2026-07-22;ÉCHOUÉ(stock insuffisant)
INDIVIDUEL;BSK2606OF023807;2026-07-22;ÉCHOUÉ(poste indispo)
INDIVIDUEL;BSK2606OF023812;2026-07-22;ÉCHOUÉ(stock insuffisant)
INDIVIDUEL;BSK2606OF023813;2026-07-22;ÉCHOUÉ(stock insuffisant)
INDIVIDUEL;BSK2606OF023823;2026-07-22;ÉCHOUÉ(stock insuffisant)
INDIVIDUEL;BSK2606OF023825;2026-07-22;ÉCHOUÉ(stock insuffisant)
INDIVIDUEL;BSK2606OF023826;2026-07-22;ÉCHOUÉ(stock insuffisant)
INDIVIDUEL;BSK2606OF023827;2026-07-22;ÉCHOUÉ(poste indispo)
INDIVIDUEL;BSK2606OF023943;2026-07-22;OUI
INDIVIDUEL;BSK2606OF023997;2026-07-22;NON
INDIVIDUEL;BSK2606OF023998;2026-07-22;NON
INDIVIDUEL;BSK2606OF023999;2026-07-22;NON
INDIVIDUEL;BSK2606OF024000;2026-07-22;NON
INDIVIDUEL;BSK2606OF024001;2026-07-22;NON
INDIVIDUEL;BSK2606OF024002;2026-07-22;NON
INDIVIDUEL;BSK2606OF024003;2026-07-22;NON
INDIVIDUEL;BSK2606OF024055;2026-07-22;NON
INDIVIDUEL;BSK2606OF024056;2026-07-22;OUI
INDIVIDUEL;BSK2606OF024082;2026-07-22;NON
INDIVIDUEL;BSK2606OF024124;2026-07-22;ÉCHOUÉ(poste indispo)
INDIVIDUEL;BSK2606OF024126;2026-07-22;OUI
INDIVIDUEL;BSK2606OF024129;2026-07-22;NON
INDIVIDUEL;BSK2606OF024140;2026-07-22;OUI
INDIVIDUEL;BSK2606OF024143;2026-07-22;OUI
INDIVIDUEL;BSK2606OF024144;2026-07-22;OUI
INDIVIDUEL;BSK2606OF024145;2026-07-22;ÉCHOUÉ(poste indispo)
INDIVIDUEL;BSK2606OF024147;2026-07-22;ÉCHOUÉ(stock insuffisant)
INDIVIDUEL;BSK2606OF024178;2026-07-22;OUI
INDIVIDUEL;BSK2606OF024182;2026-07-22;NON
INDIVIDUEL;BSK2606OF024183;2026-07-22;NON
INDIVIDUEL;BSK2606OF024184;2026-07-22;NON
INDIVIDUEL;BSK2606OF024185;2026-07-22;NON
INDIVIDUEL;BSK2606OF024198;2026-07-22;OUI
INDIVIDUEL;BSK2606OF024413;2026-07-22;ÉCHOUÉ(poste indispo)
INDIVIDUEL;BSK2606OF024414;2026-07-22;ÉCHOUÉ(poste indispo)
INDIVIDUEL;BSK2607OF017724;2026-07-22;OUI
INDIVIDUEL;BSK2607OF017725;2026-07-22;OUI
INDIVIDUEL;BSK2607OF017726;2026-07-22;OUI
INDIVIDUEL;BSK2607OF017727;2026-07-22;OUI
INDIVIDUEL;BSK2607OF017728;2026-07-22;OUI
INDIVIDUEL;BSK2607OF017775;2026-07-22;OUI
INDIVIDUEL;BSK2607OF017776;2026-07-22;OUI
INDIVIDUEL;BSK2607OF017777;2026-07-22;OUI
INDIVIDUEL;BSK2607OF017778;2026-07-22;OUI
INDIVIDUEL;BSK2607OF017779;2026-07-22;OUI
INDIVIDUEL;BSK2607OF017785;2026-07-22;OUI
INDIVIDUEL;BSK2607OF017786;2026-07-22;OUI
INDIVIDUEL;BSK2607OF017787;2026-07-22;OUI
INDIVIDUEL;BSK2607OF018363;2026-07-22;OUI
INDIVIDUEL;BSK2607OF018828;2026-07-22;OUI
INDIVIDUEL;BSK2607OF018829;2026-07-22;OUI
INDIVIDUEL;BSK2607OF018830;2026-07-22;OUI
INDIVIDUEL;BSK2606OF023448;2026-07-23;OUI
INDIVIDUEL;BSK2606OF023658;2026-07-23;OUI
INDIVIDUEL;BSK2606OF024209;2026-07-23;NON
INDIVIDUEL;BSK2607OF018741;2026-07-23;OUI
INDIVIDUEL;BSK2606OF022252;2026-07-28;NON
GRP303;BSK2609OF015509;2026-09-22;OUI
GRP303;BSK2607OF017743;2026-09-04;OUI
GRP303;BSK2607OF017903;2026-09-10;OUI
GRP303;BSK2607OF018325;2026-09-10;OUI
GRP303;BSK2607OF018326;2026-09-10;OUI
GRP303;BSK2607OF017732;2026-09-18;OUI
GRP303;BSK2607OF017733;2026-09-18;OUI
GRP303;BSK2607OF017734;2026-09-18;OUI
GRP303;BSK2607OF017735;2026-09-18;OUI
GRP303;BSK2607OF017736;2026-09-18;OUI
GRP303;BSK2607OF017737;2026-09-18;OUI
GRP303;BSK2607OF017738;2026-09-18;OUI
GRP303;BSK2607OF017739;2026-09-18;OUI
GRP303;BSK2607OF017740;2026-09-18;NON
GRP303;BSK2607OF017741;2026-09-18;NON
GRP303;BSK2607OF017742;2026-09-18;NON
INDIVIDUEL;BSK2606OF022346;2026-09-04;NON
INDIVIDUEL;BSK2607OF017909;2026-09-04;OUI
INDIVIDUEL;BSK2609OF015562;2026-09-07;OUI
INDIVIDUEL;BSK2609OF015563;2026-09-07;OUI
INDIVIDUEL;BSK2607OF017781;2026-09-09;OUI
INDIVIDUEL;BSK2607OF017910;2026-09-09;NON
GRP304;BSK2609OF015285;2026-09-22;ÉCHOUÉ(poste indispo)
GRP304;BSK2609OF015286;2026-09-22;ÉCHOUÉ(poste indispo)
GRP304;BSK2609OF015287;2026-09-22;ÉCHOUÉ(poste indispo)
GRP304;BSK2609OF015288;2026-09-22;ÉCHOUÉ(poste indispo)
GRP304;BSK2609OF015289;2026-09-22;ÉCHOUÉ(poste indispo)
GRP304;BSK2609OF015290;2026-09-22;ÉCHOUÉ(poste indispo)
GRP304;BSK2609OF015291;2026-09-22;ÉCHOUÉ(poste indispo)
GRP304;BSK2609OF015292;2026-09-22;ÉCHOUÉ(poste indispo)
GRP304;BSK2609OF015293;2026-09-22;ÉCHOUÉ(poste indispo)
GRP304;BSK2609OF015294;2026-09-22;ÉCHOUÉ(poste indispo)
GRP304;BSK2609OF015295;2026-09-22;ÉCHOUÉ(poste indispo)
GRP304;BSK2609OF015296;2026-09-22;ÉCHOUÉ(poste indispo)
GRP304;BSK2609OF015297;2026-09-22;ÉCHOUÉ(poste indispo)
GRP304;BSK2609OF015298;2026-09-22;ÉCHOUÉ(poste indispo)
GRP304;BSK2609OF015299;2026-09-22;ÉCHOUÉ(poste indispo)
GRP304;BSK2609OF015300;2026-09-22;ÉCHOUÉ(poste indispo)
GRP304;BSK2609OF015301;2026-09-22;ÉCHOUÉ(poste indispo)
GRP304;BSK2607OF018256;2026-09-10;NON
GRP304;BSK2607OF018257;2026-09-10;NON
GRP304;BSK2607OF018258;2026-09-10;NON
GRP304;BSK2607OF018259;2026-09-10;NON
GRP304;BSK2607OF018260;2026-09-10;NON
GRP304;BSK2607OF018261;2026-09-10;NON
GRP304;BSK2607OF018262;2026-09-10;NON
GRP304;BSK2607OF018263;2026-09-10;NON
GRP304;BSK2607OF018264;2026-09-10;NON
GRP304;BSK2607OF018265;2026-09-10;NON
GRP304;BSK2607OF018266;2026-09-10;NON
GRP304;BSK2607OF018267;2026-09-10;NON
GRP304;BSK2607OF018268;2026-09-10;NON
GRP304;BSK2607OF018269;2026-09-10;NON
GRP304;BSK2607OF018270;2026-09-10;NON
GRP304;BSK2607OF018271;2026-09-10;NON
GRP304;BSK2607OF018272;2026-09-10;NON
GRP305;BSK2609OF015482;2026-09-11;NON
GRP305;BSK2609OF015483;2026-09-11;NON
GRP305;BSK2609OF015484;2026-09-11;NON
GRP305;BSK2609OF015485;2026-09-11;NON
GRP305;BSK2609OF015486;2026-09-11;NON
GRP305;BSK2609OF015487;2026-09-11;NON
GRP305;BSK2609OF015488;2026-09-11;NON
GRP305;BSK2609OF015489;2026-09-11;NON
GRP305;BSK2609OF015490;2026-09-11;NON
GRP305;BSK2609OF015491;2026-09-11;NON
GRP305;BSK2609OF015492;2026-09-11;NON
GRP305;BSK2609OF015493;2026-09-11;NON
GRP305;BSK2609OF015494;2026-09-11;NON
GRP305;BSK2609OF015495;2026-09-11;NON
GRP305;BSK2609OF015496;2026-09-11;NON
GRP305;BSK2607OF017840;2026-09-10;NON
GRP305;BSK2607OF017841;2026-09-10;NON
GRP305;BSK2607OF017842;2026-09-10;NON
GRP305;BSK2607OF017843;2026-09-10;NON
GRP305;BSK2607OF017844;2026-09-10;NON
GRP305;BSK2607OF017845;2026-09-10;NON
GRP305;BSK2607OF017846;2026-09-10;NON
GRP305;BSK2607OF017847;2026-09-10;NON
GRP305;BSK2607OF017848;2026-09-10;NON
GRP305;BSK2607OF017849;2026-09-10;NON
GRP305;BSK2607OF017850;2026-09-10;NON
GRP305;BSK2607OF017851;2026-09-10;NON
GRP305;BSK2607OF017852;2026-09-10;NON
GRP305;BSK2607OF018276;2026-09-10;NON
GRP305;BSK2607OF017904;2026-09-18;NON
GRP305;BSK2607OF017905;2026-09-18;NON
GRP306;BSK2609OF015307;2026-09-22;ÉCHOUÉ(poste indispo)
GRP306;BSK2609OF015308;2026-09-22;ÉCHOUÉ(poste indispo)
GRP306;BSK2609OF015309;2026-09-22;ÉCHOUÉ(poste indispo)
GRP306;BSK2609OF015310;2026-09-22;ÉCHOUÉ(poste indispo)
GRP306;BSK2609OF015311;2026-09-22;ÉCHOUÉ(poste indispo)
GRP306;BSK2609OF015312;2026-09-22;ÉCHOUÉ(poste indispo)
GRP306;BSK2609OF015313;2026-09-22;ÉCHOUÉ(poste indispo)
GRP306;BSK2609OF015314;2026-09-22;ÉCHOUÉ(poste indispo)
GRP306;BSK2609OF015315;2026-09-22;ÉCHOUÉ(poste indispo)
GRP306;BSK2609OF015316;2026-09-22;ÉCHOUÉ(poste indispo)
GRP306;BSK2607OF018278;2026-09-10;ÉCHOUÉ(poste indispo)
GRP306;BSK2607OF018279;2026-09-10;ÉCHOUÉ(poste indispo)
GRP306;BSK2607OF018280;2026-09-10;ÉCHOUÉ(poste indispo)
GRP306;BSK2607OF018281;2026-09-10;ÉCHOUÉ(poste indispo)
GRP306;BSK2607OF018282;2026-09-10;ÉCHOUÉ(poste indispo)
GRP306;BSK2607OF018283;2026-09-10;ÉCHOUÉ(poste indispo)
GRP306;BSK2607OF018284;2026-09-10;ÉCHOUÉ(poste indispo)
GRP306;BSK2607OF018285;2026-09-10;ÉCHOUÉ(poste indispo)
GRP306;BSK2607OF018286;2026-09-10;ÉCHOUÉ(poste indispo)
GRP306;BSK2607OF018287;2026-09-10;ÉCHOUÉ(poste indispo)
GRP306;BSK2607OF018288;2026-09-10;OUI
GRP306;BSK2607OF017866;2026-09-18;OUI
GRP306;BSK2607OF017949;2026-09-18;OUI
GRP306;BSK2607OF017943;2026-09-21;ÉCHOUÉ(poste indispo)
GRP307;BSK2609OF015529;2026-09-21;ÉCHOUÉ(poste indispo)
GRP307;BSK2609OF015530;2026-09-21;ÉCHOUÉ(poste indispo)
GRP307;BSK2609OF015531;2026-09-21;ÉCHOUÉ(poste indispo)
GRP307;BSK2607OF018315;2026-09-10;NON
GRP307;BSK2607OF018316;2026-09-10;NON
GRP307;BSK2607OF017952;2026-09-18;NON
GRP307;BSK2607OF017953;2026-09-18;NON
GRP307;BSK2607OF017954;2026-09-18;NON
GRP308;BSK2609OF015335;2026-09-22;ÉCHOUÉ(poste indispo)
GRP308;BSK2609OF015336;2026-09-22;ÉCHOUÉ(poste indispo)
GRP308;BSK2609OF015337;2026-09-22;ÉCHOUÉ(poste indispo)
GRP308;BSK2609OF015338;2026-09-22;ÉCHOUÉ(poste indispo)
GRP308;BSK2609OF015339;2026-09-22;ÉCHOUÉ(poste indispo)
GRP308;BSK2609OF015340;2026-09-22;ÉCHOUÉ(poste indispo)
GRP308;BSK2609OF015341;2026-09-22;ÉCHOUÉ(poste indispo)
GRP308;BSK2609OF015342;2026-09-22;ÉCHOUÉ(poste indispo)
GRP308;BSK2609OF015343;2026-09-22;ÉCHOUÉ(poste indispo)
GRP308;BSK2609OF015344;2026-09-22;ÉCHOUÉ(poste indispo)
GRP308;BSK2609OF015345;2026-09-22;ÉCHOUÉ(poste indispo)
GRP308;BSK2609OF015346;2026-09-22;ÉCHOUÉ(poste indispo)
GRP308;BSK2609OF015347;2026-09-22;ÉCHOUÉ(poste indispo)
GRP308;BSK2607OF018301;2026-09-10;NON
GRP308;BSK2607OF018302;2026-09-10;NON
GRP308;BSK2607OF018303;2026-09-10;NON
GRP308;BSK2607OF018304;2026-09-10;NON
GRP308;BSK2607OF018305;2026-09-10;NON
GRP308;BSK2607OF018306;2026-09-10;NON
GRP308;BSK2607OF018307;2026-09-10;NON
GRP308;BSK2607OF018308;2026-09-10;NON
GRP308;BSK2607OF018309;2026-09-10;NON
GRP308;BSK2607OF018310;2026-09-10;NON
GRP308;BSK2607OF018311;2026-09-10;NON
GRP308;BSK2607OF018312;2026-09-10;NON
GRP308;BSK2607OF017854;2026-09-18;NON
GRP308;BSK2607OF017855;2026-09-18;NON
GRP308;BSK2607OF017902;2026-09-18;NON
GRP309;BSK2609OF015323;2026-09-29;ÉCHOUÉ(poste indispo)
GRP309;BSK2609OF015324;2026-09-29;ÉCHOUÉ(poste indispo)
GRP309;BSK2609OF015325;2026-09-29;ÉCHOUÉ(poste indispo)
GRP309;BSK2609OF015326;2026-09-29;ÉCHOUÉ(poste indispo)
GRP309;BSK2609OF015327;2026-09-29;ÉCHOUÉ(poste indispo)
GRP309;BSK2609OF015328;2026-09-29;ÉCHOUÉ(poste indispo)
GRP309;BSK2607OF018128;2026-09-10;ÉCHOUÉ(stock insuffisant)
GRP309;BSK2607OF018129;2026-09-10;ÉCHOUÉ(stock insuffisant)
GRP309;BSK2607OF018130;2026-09-10;ÉCHOUÉ(stock insuffisant)
GRP309;BSK2607OF018131;2026-09-10;ÉCHOUÉ(stock insuffisant)
GRP309;BSK2607OF018132;2026-09-10;ÉCHOUÉ(stock insuffisant)
GRP309;BSK2607OF018133;2026-09-10;ÉCHOUÉ(stock insuffisant)
GRP309;BSK2607OF018134;2026-09-10;ÉCHOUÉ(stock insuffisant)
GRP309;BSK2607OF018135;2026-09-10;ÉCHOUÉ(stock insuffisant)
GRP309;BSK2607OF018136;2026-09-10;ÉCHOUÉ(stock insuffisant)
GRP309;BSK2607OF018137;2026-09-10;ÉCHOUÉ(stock insuffisant)
GRP309;BSK2607OF018138;2026-09-10;ÉCHOUÉ(stock insuffisant)
GRP309;BSK2607OF018139;2026-09-10;ÉCHOUÉ(stock insuffisant)
GRP309;BSK2607OF018140;2026-09-10;ÉCHOUÉ(stock insuffisant)
GRP310;BSK2609OF015365;2026-09-22;ÉCHOUÉ(poste indispo)
GRP310;BSK2609OF015366;2026-09-22;ÉCHOUÉ(poste indispo)
GRP310;BSK2609OF015367;2026-09-22;ÉCHOUÉ(poste indispo)
GRP310;BSK2607OF018244;2026-09-10;OUI
GRP310;BSK2607OF018245;2026-09-10;OUI
GRP310;BSK2607OF018246;2026-09-10;OUI
GRP310;BSK2607OF018247;2026-09-10;OUI
GRP310;BSK2607OF018248;2026-09-10;OUI
GRP310;BSK2607OF018249;2026-09-10;OUI
GRP310;BSK2607OF017744;2026-09-18;OUI
GRP310;BSK2607OF017745;2026-09-18;OUI
GRP310;BSK2607OF017746;2026-09-18;OUI
GRP310;BSK2607OF017747;2026-09-18;OUI
GRP310;BSK2607OF017748;2026-09-18;OUI
GRP310;BSK2607OF017749;2026-09-18;OUI
GRP310;BSK2607OF017750;2026-09-18;OUI
GRP310;BSK2607OF017751;2026-09-18;OUI
GRP310;BSK2607OF017898;2026-09-18;OUI
GRP311;BSK2609OF015404;2026-09-22;ÉCHOUÉ(poste indispo)
GRP311;BSK2609OF015405;2026-09-22;ÉCHOUÉ(poste indispo)
GRP311;BSK2609OF015406;2026-09-22;ÉCHOUÉ(poste indispo)
GRP311;BSK2609OF015407;2026-09-22;ÉCHOUÉ(poste indispo)
GRP311;BSK2609OF015408;2026-09-22;ÉCHOUÉ(poste indispo)
GRP311;BSK2609OF015409;2026-09-22;ÉCHOUÉ(poste indispo)
GRP311;BSK2609OF015410;2026-09-22;ÉCHOUÉ(poste indispo)
GRP311;BSK2607OF018317;2026-09-10;NON
GRP311;BSK2607OF018318;2026-09-10;NON
GRP311;BSK2607OF018319;2026-09-10;NON
GRP311;BSK2607OF018320;2026-09-10;NON
GRP311;BSK2607OF018321;2026-09-10;NON
GRP311;BSK2607OF018322;2026-09-10;NON
GRP311;BSK2607OF018323;2026-09-10;NON
GRP311;BSK2607OF017804;2026-09-18;NON
GRP311;BSK2607OF017805;2026-09-18;ÉCHOUÉ(poste indispo)
GRP311;BSK2607OF017806;2026-09-18;ÉCHOUÉ(poste indispo)
GRP311;BSK2607OF017859;2026-09-18;ÉCHOUÉ(poste indispo)
GRP311;BSK2607OF017860;2026-09-18;ÉCHOUÉ(poste indispo)
GRP311;BSK2607OF017861;2026-09-18;ÉCHOUÉ(poste indispo)
GRP311;BSK2607OF017862;2026-09-18;ÉCHOUÉ(poste indispo)
GRP311;BSK2607OF017955;2026-09-18;OUI
GRP311;BSK2607OF017956;2026-09-18;ÉCHOUÉ(poste indispo)
GRP311;BSK2607OF017957;2026-09-18;ÉCHOUÉ(poste indispo)
GRP311;BSK2607OF017958;2026-09-18;OUI
GRP311;BSK2607OF018011;2026-09-18;ÉCHOUÉ(poste indispo)
GRP311;BSK2607OF018012;2026-09-18;ÉCHOUÉ(poste indispo)
GRP311;BSK2607OF018013;2026-09-18;ÉCHOUÉ(poste indispo)
GRP311;BSK2607OF018014;2026-09-18;ÉCHOUÉ(poste indispo)
GRP311;BSK2607OF018015;2026-09-18;ÉCHOUÉ(poste indispo)
GRP312;BSK2609OF015502;2026-09-11;NON
GRP312;BSK2609OF015503;2026-09-11;NON
GRP312;BSK2609OF015504;2026-09-11;NON
GRP312;BSK2609OF015505;2026-09-11;NON
GRP312;BSK2609OF015506;2026-09-11;NON
GRP312;BSK2607OF017837;2026-09-10;NON
GRP312;BSK2607OF017838;2026-09-10;NON
GRP312;BSK2607OF017839;2026-09-10;NON
GRP312;BSK2607OF017908;2026-09-18;NON
GRP312;BSK2607OF018277;2026-09-18;NON
GRP313;BSK2609OF015526;2026-09-22;ÉCHOUÉ(poste indispo)
GRP313;BSK2609OF015527;2026-09-22;ÉCHOUÉ(poste indispo)
GRP313;BSK2609OF015528;2026-09-22;ÉCHOUÉ(poste indispo)
GRP313;BSK2607OF018487;2026-09-10;ÉCHOUÉ(poste indispo)
GRP313;BSK2607OF018488;2026-09-10;ÉCHOUÉ(poste indispo)
GRP313;BSK2607OF018208;2026-09-18;NON
GRP313;BSK2607OF018209;2026-09-18;NON
GRP313;BSK2607OF018210;2026-09-18;NON
GRP313;BSK2607OF018211;2026-09-18;NON
GRP314;BSK2609OF015442;2026-09-22;ÉCHOUÉ(poste indispo)
GRP314;BSK2609OF015443;2026-09-22;ÉCHOUÉ(poste indispo)
GRP314;BSK2609OF015444;2026-09-22;ÉCHOUÉ(poste indispo)
GRP314;BSK2607OF018298;2026-09-10;ÉCHOUÉ(poste indispo)
GRP314;BSK2607OF018299;2026-09-10;NON
GRP314;BSK2607OF017900;2026-09-18;NON
GRP315;BSK2609OF015428;2026-09-22;ÉCHOUÉ(poste indispo)
GRP315;BSK2609OF015429;2026-09-22;ÉCHOUÉ(poste indispo)
GRP315;BSK2609OF015430;2026-09-22;ÉCHOUÉ(poste indispo)
GRP315;BSK2609OF015431;2026-09-22;ÉCHOUÉ(poste indispo)
GRP315;BSK2609OF015432;2026-09-22;ÉCHOUÉ(poste indispo)
GRP315;BSK2609OF015433;2026-09-22;ÉCHOUÉ(poste indispo)
GRP315;BSK2609OF015434;2026-09-22;ÉCHOUÉ(poste indispo)
GRP315;BSK2609OF015435;2026-09-22;ÉCHOUÉ(poste indispo)
GRP315;BSK2607OF018491;2026-09-10;ÉCHOUÉ(poste indispo)
GRP315;BSK2607OF018492;2026-09-10;ÉCHOUÉ(poste indispo)
GRP315;BSK2607OF017986;2026-09-18;ÉCHOUÉ(poste indispo)
GRP315;BSK2607OF018295;2026-09-18;ÉCHOUÉ(poste indispo)
GRP315;BSK2607OF018296;2026-09-18;ÉCHOUÉ(poste indispo)
GRP315;BSK2607OF018297;2026-09-18;ÉCHOUÉ(poste indispo)
GRP316;BSK2609OF015497;2026-09-11;NON
GRP316;BSK2609OF015498;2026-09-11;NON
GRP316;BSK2609OF015499;2026-09-11;NON
GRP316;BSK2609OF015500;2026-09-11;NON
GRP316;BSK2609OF015501;2026-09-11;NON
GRP316;BSK2607OF017834;2026-09-10;NON
GRP316;BSK2607OF017835;2026-09-10;NON
GRP316;BSK2607OF017836;2026-09-10;NON
GRP316;BSK2607OF017906;2026-09-18;NON
GRP316;BSK2607OF017907;2026-09-18;NON
GRP317;BSK2609OF015477;2026-09-11;NON
GRP317;BSK2607OF018169;2026-09-10;OUI
GRP317;BSK2607OF017973;2026-09-18;OUI
GRP317;BSK2607OF017980;2026-09-18;OUI
GRP318;BSK2609OF015507;2026-09-22;OUI
GRP318;BSK2609OF015508;2026-09-22;OUI
GRP318;BSK2607OF018324;2026-09-10;OUI
GRP319;BSK2610OF013310;2026-10-01;NON
GRP319;BSK2607OF018229;2026-09-10;OUI
INDIVIDUEL;BSK2607OF017782;2026-09-10;OUI
INDIVIDUEL;BSK2607OF017783;2026-09-10;OUI
INDIVIDUEL;BSK2607OF018170;2026-09-10;OUI
INDIVIDUEL;BSK2607OF018250;2026-09-10;NON
INDIVIDUEL;BSK2607OF018251;2026-09-10;NON
INDIVIDUEL;BSK2607OF018252;2026-09-10;NON
INDIVIDUEL;BSK2607OF018253;2026-09-10;NON
INDIVIDUEL;BSK2607OF018254;2026-09-10;NON
INDIVIDUEL;BSK2607OF018255;2026-09-10;NON
INDIVIDUEL;BSK2607OF018273;2026-09-10;NON
INDIVIDUEL;BSK2607OF018274;2026-09-10;NON
INDIVIDUEL;BSK2607OF018275;2026-09-10;NON
INDIVIDUEL;BSK2607OF018289;2026-09-10;NON
INDIVIDUEL;BSK2607OF018290;2026-09-10;NON
INDIVIDUEL;BSK2607OF018300;2026-09-10;OUI
INDIVIDUEL;BSK2607OF018313;2026-09-10;ÉCHOUÉ(stock insuffisant)
INDIVIDUEL;BSK2607OF018314;2026-09-10;ÉCHOUÉ(stock insuffisant)
INDIVIDUEL;BSK2607OF018477;2026-09-10;OUI
INDIVIDUEL;BSK2607OF018478;2026-09-10;OUI
INDIVIDUEL;BSK2607OF018479;2026-09-10;OUI
INDIVIDUEL;BSK2607OF018480;2026-09-10;OUI
INDIVIDUEL;BSK2607OF018481;2026-09-10;OUI
INDIVIDUEL;BSK2607OF018482;2026-09-10;OUI
INDIVIDUEL;BSK2607OF018483;2026-09-10;OUI
INDIVIDUEL;BSK2607OF018484;2026-09-10;OUI
INDIVIDUEL;BSK2607OF018486;2026-09-10;NON
INDIVIDUEL;BSK2609OF015397;2026-09-10;ÉCHOUÉ(poste indispo)
INDIVIDUEL;BSK2609OF015556;2026-09-10;ÉCHOUÉ(poste indispo)
INDIVIDUEL;BSK2609OF015557;2026-09-10;ÉCHOUÉ(poste indispo)
INDIVIDUEL;BSK2607OF018016;2026-09-11;NON
INDIVIDUEL;BSK2607OF018017;2026-09-11;NON
INDIVIDUEL;BSK2607OF018018;2026-09-11;NON
INDIVIDUEL;BSK2607OF018019;2026-09-11;NON
INDIVIDUEL;BSK2607OF018020;2026-09-11;NON
INDIVIDUEL;BSK2607OF018021;2026-09-11;NON
GRP320;BSK2607OF018494;2026-09-28;OUI
GRP320;BSK2607OF018063;2026-09-14;OUI
GRP320;BSK2607OF018064;2026-09-14;OUI
GRP320;BSK2607OF018212;2026-09-18;OUI
GRP320;BSK2607OF018213;2026-09-18;OUI
GRP320;BSK2607OF018341;2026-09-18;OUI
INDIVIDUEL;BSK2607OF018154;2026-09-14;ÉCHOUÉ(stock insuffisant)
INDIVIDUEL;BSK2607OF018155;2026-09-14;ÉCHOUÉ(stock insuffisant)
INDIVIDUEL;BSK2607OF018156;2026-09-14;ÉCHOUÉ(stock insuffisant)
INDIVIDUEL;BSK2607OF018157;2026-09-14;ÉCHOUÉ(stock insuffisant)
INDIVIDUEL;BSK2607OF018158;2026-09-14;ÉCHOUÉ(stock insuffisant)
INDIVIDUEL;BSK2607OF018159;2026-09-14;ÉCHOUÉ(stock insuffisant)
INDIVIDUEL;BSK2607OF018160;2026-09-14;ÉCHOUÉ(stock insuffisant)
INDIVIDUEL;BSK2607OF018161;2026-09-14;ÉCHOUÉ(stock insuffisant)
INDIVIDUEL;BSK2607OF017763;2026-09-17;NON
INDIVIDUEL;BSK2607OF017764;2026-09-17;NON
GRP321;BSK2609OF015401;2026-09-22;ÉCHOUÉ(poste indispo)
GRP321;BSK2609OF015402;2026-09-22;ÉCHOUÉ(poste indispo)
GRP321;BSK2607OF018224;2026-09-18;NON
GRP321;BSK2607OF018225;2026-09-18;NON
GRP322;BSK2609OF015411;2026-09-22;ÉCHOUÉ(poste indispo)
GRP322;BSK2609OF015412;2026-09-22;ÉCHOUÉ(poste indispo)
GRP322;BSK2609OF015413;2026-09-22;ÉCHOUÉ(poste indispo)
GRP322;BSK2609OF015414;2026-09-22;ÉCHOUÉ(poste indispo)
GRP322;BSK2609OF015415;2026-09-22;ÉCHOUÉ(poste indispo)
GRP322;BSK2607OF018216;2026-09-18;ÉCHOUÉ(stock insuffisant)
GRP322;BSK2607OF018217;2026-09-18;ÉCHOUÉ(stock insuffisant)
GRP322;BSK2607OF018218;2026-09-18;ÉCHOUÉ(stock insuffisant)
GRP322;BSK2607OF018219;2026-09-18;ÉCHOUÉ(stock insuffisant)
GRP322;BSK2607OF018220;2026-09-18;ÉCHOUÉ(stock insuffisant)
GRP322;BSK2607OF018221;2026-09-18;ÉCHOUÉ(stock insuffisant)
GRP322;BSK2607OF018222;2026-09-18;NON
GRP323;BSK2609OF015260;2026-09-22;ÉCHOUÉ(poste indispo)
GRP323;BSK2607OF018181;2026-09-18;OUI
GRP324;BSK2609OF015416;2026-09-22;ÉCHOUÉ(poste indispo)
GRP324;BSK2607OF017867;2026-09-18;ÉCHOUÉ(poste indispo)
GRP324;BSK2607OF017868;2026-09-18;NON
GRP324;BSK2607OF017959;2026-09-18;NON
GRP324;BSK2607OF017960;2026-09-18;OUI
GRP324;BSK2607OF017999;2026-09-21;ÉCHOUÉ(poste indispo)
GRP325;BSK2609OF015368;2026-09-22;ÉCHOUÉ(poste indispo)
GRP325;BSK2609OF015369;2026-09-22;ÉCHOUÉ(poste indispo)
GRP325;BSK2609OF015370;2026-09-22;ÉCHOUÉ(poste indispo)
GRP325;BSK2609OF015371;2026-09-22;ÉCHOUÉ(poste indispo)
GRP325;BSK2607OF018166;2026-09-18;ÉCHOUÉ(stock insuffisant)
GRP325;BSK2607OF018167;2026-09-18;ÉCHOUÉ(stock insuffisant)
GRP325;BSK2607OF018168;2026-09-18;ÉCHOUÉ(stock insuffisant)
GRP326;BSK2609OF015534;2026-09-21;ÉCHOUÉ(poste indispo)
GRP326;BSK2609OF015535;2026-09-21;ÉCHOUÉ(poste indispo)
GRP326;BSK2609OF015536;2026-09-21;ÉCHOUÉ(poste indispo)
GRP326;BSK2607OF018354;2026-09-18;ÉCHOUÉ(stock insuffisant)
GRP326;BSK2607OF018355;2026-09-18;ÉCHOUÉ(stock insuffisant)
GRP326;BSK2607OF018356;2026-09-18;ÉCHOUÉ(stock insuffisant)
GRP326;BSK2607OF018357;2026-09-18;ÉCHOUÉ(stock insuffisant)
GRP327;BSK2609OF015302;2026-09-22;ÉCHOUÉ(poste indispo)
GRP327;BSK2607OF017798;2026-09-18;NON
GRP327;BSK2607OF017799;2026-09-18;NON
GRP327;BSK2607OF017800;2026-09-18;NON
GRP327;BSK2607OF017801;2026-09-18;ÉCHOUÉ(poste indispo)
GRP327;BSK2607OF017802;2026-09-18;ÉCHOUÉ(poste indispo)
GRP327;BSK2607OF018044;2026-09-18;ÉCHOUÉ(poste indispo)
GRP327;BSK2607OF018054;2026-09-18;ÉCHOUÉ(poste indispo)
GRP327;BSK2607OF018061;2026-09-18;ÉCHOUÉ(poste indispo)
GRP327;BSK2607OF018062;2026-09-18;ÉCHOUÉ(poste indispo)
GRP327;BSK2607OF018171;2026-09-18;ÉCHOUÉ(poste indispo)
GRP328;BSK2610OF013563;2026-10-12;OUI
GRP328;BSK2607OF018125;2026-09-18;OUI
GRP328;BSK2607OF018126;2026-09-18;OUI
GRP328;BSK2607OF018127;2026-09-18;OUI
GRP329;BSK2609OF015537;2026-09-21;OUI
GRP329;BSK2609OF015538;2026-09-21;OUI
GRP329;BSK2607OF018352;2026-09-18;OUI
GRP329;BSK2607OF018353;2026-09-18;OUI
GRP330;BSK2609OF015551;2026-09-21;ÉCHOUÉ(poste indispo)
GRP330;BSK2609OF015552;2026-09-21;ÉCHOUÉ(poste indispo)
GRP330;BSK2609OF015553;2026-09-21;ÉCHOUÉ(poste indispo)
GRP330;BSK2607OF018360;2026-09-18;ÉCHOUÉ(stock insuffisant)
GRP330;BSK2607OF018361;2026-09-18;ÉCHOUÉ(stock insuffisant)
GRP330;BSK2607OF018362;2026-09-18;ÉCHOUÉ(stock insuffisant)
GRP331;BSK2609OF015363;2026-09-22;ÉCHOUÉ(poste indispo)
GRP331;BSK2609OF015364;2026-09-22;ÉCHOUÉ(poste indispo)
GRP331;BSK2607OF017754;2026-09-18;ÉCHOUÉ(poste indispo)
GRP331;BSK2607OF017755;2026-09-18;ÉCHOUÉ(poste indispo)
GRP331;BSK2607OF017756;2026-09-18;ÉCHOUÉ(poste indispo)
GRP331;BSK2607OF017757;2026-09-18;ÉCHOUÉ(poste indispo)
GRP331;BSK2607OF017758;2026-09-18;ÉCHOUÉ(poste indispo)
GRP331;BSK2607OF017759;2026-09-18;ÉCHOUÉ(poste indispo)
GRP331;BSK2607OF017760;2026-09-21;OUI
GRP332;BSK2610OF013320;2026-10-08;ÉCHOUÉ(poste indispo)
GRP332;BSK2610OF013321;2026-10-08;ÉCHOUÉ(poste indispo)
GRP332;BSK2610OF013322;2026-10-08;ÉCHOUÉ(poste indispo)
GRP332;BSK2607OF017927;2026-09-18;ÉCHOUÉ(stock insuffisant)
GRP332;BSK2607OF017928;2026-09-18;ÉCHOUÉ(stock insuffisant)
GRP332;BSK2607OF017929;2026-09-18;ÉCHOUÉ(stock insuffisant)
GRP332;BSK2607OF017992;2026-09-21;ÉCHOUÉ(stock insuffisant)
GRP333;BSK2609OF015282;2026-09-22;ÉCHOUÉ(poste indispo)
GRP333;BSK2609OF015283;2026-09-22;ÉCHOUÉ(poste indispo)
GRP333;BSK2609OF015284;2026-09-22;ÉCHOUÉ(poste indispo)
GRP333;BSK2607OF018142;2026-09-18;OUI
GRP335;BSK2609OF015353;2026-09-22;ÉCHOUÉ(poste indispo)
GRP335;BSK2609OF015354;2026-09-22;ÉCHOUÉ(poste indispo)
GRP335;BSK2609OF015355;2026-09-22;ÉCHOUÉ(poste indispo)
GRP335;BSK2607OF018358;2026-09-18;OUI
GRP335;BSK2607OF018359;2026-09-21;NON
GRP336;BSK2610OF013551;2026-10-08;ÉCHOUÉ(poste indispo)
GRP336;BSK2607OF018141;2026-09-18;OUI
GRP337;BSK2609OF015417;2026-09-22;ÉCHOUÉ(poste indispo)
GRP337;BSK2609OF015418;2026-09-22;ÉCHOUÉ(poste indispo)
GRP337;BSK2609OF015419;2026-09-22;ÉCHOUÉ(poste indispo)
GRP337;BSK2609OF015420;2026-09-22;ÉCHOUÉ(poste indispo)
GRP337;BSK2607OF018215;2026-09-18;ÉCHOUÉ(stock insuffisant)
GRP338;BSK2609OF015427;2026-09-22;ÉCHOUÉ(poste indispo)
GRP338;BSK2607OF017803;2026-09-18;NON
GRP338;BSK2607OF018182;2026-09-18;NON
GRP339;BSK2609OF015479;2026-09-22;OUI
GRP339;BSK2609OF015480;2026-09-22;OUI
GRP339;BSK2607OF018236;2026-09-18;OUI
GRP340;BSK2609OF015463;2026-09-22;OUI
GRP340;BSK2609OF015464;2026-09-22;OUI
GRP340;BSK2607OF018043;2026-09-18;OUI
INDIVIDUEL;BSK2607OF017729;2026-09-18;NON
INDIVIDUEL;BSK2607OF017730;2026-09-18;NON
INDIVIDUEL;BSK2607OF017752;2026-09-18;NON
INDIVIDUEL;BSK2607OF017761;2026-09-18;ÉCHOUÉ(poste indispo)
INDIVIDUEL;BSK2607OF017765;2026-09-18;OUI
INDIVIDUEL;BSK2607OF017766;2026-09-18;OUI
INDIVIDUEL;BSK2607OF017767;2026-09-18;ÉCHOUÉ(poste indispo)
INDIVIDUEL;BSK2607OF017771;2026-09-18;OUI
INDIVIDUEL;BSK2607OF017772;2026-09-18;ÉCHOUÉ(poste indispo)
INDIVIDUEL;BSK2607OF017773;2026-09-18;ÉCHOUÉ(poste indispo)
INDIVIDUEL;BSK2607OF017774;2026-09-18;OUI
INDIVIDUEL;BSK2607OF017784;2026-09-18;OUI
INDIVIDUEL;BSK2607OF017788;2026-09-18;NON
INDIVIDUEL;BSK2607OF017797;2026-09-18;ÉCHOUÉ(poste indispo)
INDIVIDUEL;BSK2607OF017819;2026-09-18;OUI
INDIVIDUEL;BSK2607OF017820;2026-09-18;NON
INDIVIDUEL;BSK2607OF017821;2026-09-18;NON
INDIVIDUEL;BSK2607OF017822;2026-09-18;NON
INDIVIDUEL;BSK2607OF017823;2026-09-18;NON
INDIVIDUEL;BSK2607OF017824;2026-09-18;NON
INDIVIDUEL;BSK2607OF017825;2026-09-18;NON
INDIVIDUEL;BSK2607OF017826;2026-09-18;NON
INDIVIDUEL;BSK2607OF017827;2026-09-18;NON
INDIVIDUEL;BSK2607OF017828;2026-09-18;NON
INDIVIDUEL;BSK2607OF017829;2026-09-18;NON
INDIVIDUEL;BSK2607OF017830;2026-09-18;NON
INDIVIDUEL;BSK2607OF017831;2026-09-18;NON
INDIVIDUEL;BSK2607OF017832;2026-09-18;NON
INDIVIDUEL;BSK2607OF017833;2026-09-18;NON
INDIVIDUEL;BSK2607OF017853;2026-09-18;NON
INDIVIDUEL;BSK2607OF017856;2026-09-18;OUI
INDIVIDUEL;BSK2607OF017857;2026-09-18;NON
INDIVIDUEL;BSK2607OF017858;2026-09-18;OUI
INDIVIDUEL;BSK2607OF017878;2026-09-18;OUI
INDIVIDUEL;BSK2607OF017884;2026-09-18;NON
INDIVIDUEL;BSK2607OF017885;2026-09-18;OUI
INDIVIDUEL;BSK2607OF017894;2026-09-18;ÉCHOUÉ(poste indispo)
INDIVIDUEL;BSK2607OF017895;2026-09-18;ÉCHOUÉ(poste indispo)
INDIVIDUEL;BSK2607OF017896;2026-09-18;ÉCHOUÉ(poste indispo)
INDIVIDUEL;BSK2607OF017897;2026-09-18;ÉCHOUÉ(poste indispo)
INDIVIDUEL;BSK2607OF017899;2026-09-18;NON
INDIVIDUEL;BSK2607OF017901;2026-09-18;OUI
INDIVIDUEL;BSK2607OF017918;2026-09-18;ÉCHOUÉ(poste indispo)
INDIVIDUEL;BSK2607OF017919;2026-09-18;ÉCHOUÉ(poste indispo)
INDIVIDUEL;BSK2607OF017920;2026-09-18;ÉCHOUÉ(poste indispo)
INDIVIDUEL;BSK2607OF017921;2026-09-18;ÉCHOUÉ(poste indispo)
INDIVIDUEL;BSK2607OF017922;2026-09-18;NON
INDIVIDUEL;BSK2607OF017923;2026-09-18;NON
INDIVIDUEL;BSK2607OF017926;2026-09-18;ÉCHOUÉ(poste indispo)
INDIVIDUEL;BSK2607OF017930;2026-09-18;ÉCHOUÉ(stock insuffisant)
INDIVIDUEL;BSK2607OF017931;2026-09-18;ÉCHOUÉ(poste indispo)
INDIVIDUEL;BSK2607OF017932;2026-09-18;ÉCHOUÉ(poste indispo)
INDIVIDUEL;BSK2607OF017936;2026-09-18;NON
INDIVIDUEL;BSK2607OF017937;2026-09-18;ÉCHOUÉ(poste indispo)
INDIVIDUEL;BSK2607OF017938;2026-09-18;ÉCHOUÉ(poste indispo)
INDIVIDUEL;BSK2607OF017939;2026-09-18;ÉCHOUÉ(poste indispo)
INDIVIDUEL;BSK2607OF017940;2026-09-18;ÉCHOUÉ(poste indispo)
INDIVIDUEL;BSK2607OF017941;2026-09-18;ÉCHOUÉ(poste indispo)
INDIVIDUEL;BSK2607OF017942;2026-09-18;NON
INDIVIDUEL;BSK2607OF017948;2026-09-18;OUI
INDIVIDUEL;BSK2607OF017950;2026-09-18;NON
INDIVIDUEL;BSK2607OF017963;2026-09-18;NON
INDIVIDUEL;BSK2607OF017965;2026-09-18;NON
INDIVIDUEL;BSK2607OF017966;2026-09-18;ÉCHOUÉ(poste indispo)
INDIVIDUEL;BSK2607OF017967;2026-09-18;ÉCHOUÉ(poste indispo)
INDIVIDUEL;BSK2607OF017969;2026-09-18;OUI
INDIVIDUEL;BSK2607OF017970;2026-09-18;OUI
INDIVIDUEL;BSK2607OF017971;2026-09-18;NON
INDIVIDUEL;BSK2607OF017979;2026-09-18;OUI
INDIVIDUEL;BSK2607OF017981;2026-09-18;OUI
INDIVIDUEL;BSK2607OF017982;2026-09-18;OUI
INDIVIDUEL;BSK2607OF017983;2026-09-18;OUI
INDIVIDUEL;BSK2607OF017985;2026-09-18;OUI
INDIVIDUEL;BSK2607OF017988;2026-09-18;NON
INDIVIDUEL;BSK2607OF017990;2026-09-18;OUI
INDIVIDUEL;BSK2607OF017991;2026-09-18;NON
INDIVIDUEL;BSK2607OF017994;2026-09-18;NON
INDIVIDUEL;BSK2607OF017995;2026-09-18;ÉCHOUÉ(poste indispo)
INDIVIDUEL;BSK2607OF017997;2026-09-18;NON
INDIVIDUEL;BSK2607OF018009;2026-09-18;ÉCHOUÉ(stock insuffisant)
INDIVIDUEL;BSK2607OF018010;2026-09-18;ÉCHOUÉ(stock insuffisant)
INDIVIDUEL;BSK2607OF018023;2026-09-18;NON
INDIVIDUEL;BSK2607OF018030;2026-09-18;ÉCHOUÉ(stock insuffisant)
INDIVIDUEL;BSK2607OF018031;2026-09-18;ÉCHOUÉ(stock insuffisant)
INDIVIDUEL;BSK2607OF018032;2026-09-18;ÉCHOUÉ(stock insuffisant)
INDIVIDUEL;BSK2607OF018033;2026-09-18;ÉCHOUÉ(stock insuffisant)
INDIVIDUEL;BSK2607OF018034;2026-09-18;NON
INDIVIDUEL;BSK2607OF018035;2026-09-18;OUI
INDIVIDUEL;BSK2607OF018036;2026-09-18;NON
INDIVIDUEL;BSK2607OF018037;2026-09-18;OUI
INDIVIDUEL;BSK2607OF018038;2026-09-18;NON
INDIVIDUEL;BSK2607OF018040;2026-09-18;OUI
INDIVIDUEL;BSK2607OF018042;2026-09-18;NON
INDIVIDUEL;BSK2607OF018045;2026-09-18;OUI
INDIVIDUEL;BSK2607OF018046;2026-09-18;NON
INDIVIDUEL;BSK2607OF018047;2026-09-18;ÉCHOUÉ(poste indispo)
INDIVIDUEL;BSK2607OF018048;2026-09-18;ÉCHOUÉ(poste indispo)
INDIVIDUEL;BSK2607OF018049;2026-09-18;ÉCHOUÉ(poste indispo)
INDIVIDUEL;BSK2607OF018051;2026-09-18;NON
INDIVIDUEL;BSK2607OF018052;2026-09-18;NON
INDIVIDUEL;BSK2607OF018055;2026-09-18;OUI
INDIVIDUEL;BSK2607OF018056;2026-09-18;OUI
INDIVIDUEL;BSK2607OF018057;2026-09-18;OUI
INDIVIDUEL;BSK2607OF018058;2026-09-18;OUI
INDIVIDUEL;BSK2607OF018060;2026-09-18;ÉCHOUÉ(poste indispo)
INDIVIDUEL;BSK2607OF018065;2026-09-18;NON
INDIVIDUEL;BSK2607OF018066;2026-09-18;NON
INDIVIDUEL;BSK2607OF018067;2026-09-18;NON
INDIVIDUEL;BSK2607OF018068;2026-09-18;NON
INDIVIDUEL;BSK2607OF018069;2026-09-18;NON
INDIVIDUEL;BSK2607OF018070;2026-09-18;NON
INDIVIDUEL;BSK2607OF018071;2026-09-18;NON
INDIVIDUEL;BSK2607OF018072;2026-09-18;NON
INDIVIDUEL;BSK2607OF018073;2026-09-18;NON
INDIVIDUEL;BSK2607OF018074;2026-09-18;NON
INDIVIDUEL;BSK2607OF018075;2026-09-18;NON
INDIVIDUEL;BSK2607OF018076;2026-09-18;NON
INDIVIDUEL;BSK2607OF018077;2026-09-18;NON
INDIVIDUEL;BSK2607OF018078;2026-09-18;NON
INDIVIDUEL;BSK2607OF018079;2026-09-18;NON
INDIVIDUEL;BSK2607OF018080;2026-09-18;NON
INDIVIDUEL;BSK2607OF018081;2026-09-18;NON
INDIVIDUEL;BSK2607OF018082;2026-09-18;NON
INDIVIDUEL;BSK2607OF018083;2026-09-18;NON
INDIVIDUEL;BSK2607OF018084;2026-09-18;NON
INDIVIDUEL;BSK2607OF018085;2026-09-18;NON
INDIVIDUEL;BSK2607OF018086;2026-09-18;NON
INDIVIDUEL;BSK2607OF018087;2026-09-18;NON
INDIVIDUEL;BSK2607OF018088;2026-09-18;NON
INDIVIDUEL;BSK2607OF018089;2026-09-18;NON
INDIVIDUEL;BSK2607OF018090;2026-09-18;NON
INDIVIDUEL;BSK2607OF018091;2026-09-18;NON
INDIVIDUEL;BSK2607OF018092;2026-09-18;NON
INDIVIDUEL;BSK2607OF018093;2026-09-18;NON
INDIVIDUEL;BSK2607OF018094;2026-09-18;NON
INDIVIDUEL;BSK2607OF018095;2026-09-18;NON
INDIVIDUEL;BSK2607OF018096;2026-09-18;NON
INDIVIDUEL;BSK2607OF018097;2026-09-18;NON
INDIVIDUEL;BSK2607OF018098;2026-09-18;NON
INDIVIDUEL;BSK2607OF018099;2026-09-18;NON
INDIVIDUEL;BSK2607OF018100;2026-09-18;NON
INDIVIDUEL;BSK2607OF018101;2026-09-18;NON
INDIVIDUEL;BSK2607OF018102;2026-09-18;NON
INDIVIDUEL;BSK2607OF018103;2026-09-18;NON
INDIVIDUEL;BSK2607OF018104;2026-09-18;NON
INDIVIDUEL;BSK2607OF018105;2026-09-18;NON
INDIVIDUEL;BSK2607OF018106;2026-09-18;NON
INDIVIDUEL;BSK2607OF018107;2026-09-18;NON
INDIVIDUEL;BSK2607OF018108;2026-09-18;NON
INDIVIDUEL;BSK2607OF018109;2026-09-18;NON
INDIVIDUEL;BSK2607OF018110;2026-09-18;NON
INDIVIDUEL;BSK2607OF018111;2026-09-18;NON
INDIVIDUEL;BSK2607OF018112;2026-09-18;NON
INDIVIDUEL;BSK2607OF018113;2026-09-18;NON
INDIVIDUEL;BSK2607OF018114;2026-09-18;NON
INDIVIDUEL;BSK2607OF018115;2026-09-18;NON
INDIVIDUEL;BSK2607OF018116;2026-09-18;OUI
INDIVIDUEL;BSK2607OF018117;2026-09-18;OUI
INDIVIDUEL;BSK2607OF018118;2026-09-18;OUI
INDIVIDUEL;BSK2607OF018119;2026-09-18;OUI
INDIVIDUEL;BSK2607OF018122;2026-09-18;NON
INDIVIDUEL;BSK2607OF018123;2026-09-18;NON
INDIVIDUEL;BSK2607OF018124;2026-09-18;NON
INDIVIDUEL;BSK2607OF018146;2026-09-18;ÉCHOUÉ(stock insuffisant)
INDIVIDUEL;BSK2607OF018153;2026-09-18;NON
INDIVIDUEL;BSK2607OF018162;2026-09-18;NON
INDIVIDUEL;BSK2607OF018163;2026-09-18;OUI
INDIVIDUEL;BSK2607OF018164;2026-09-18;ÉCHOUÉ(stock insuffisant)
INDIVIDUEL;BSK2607OF018172;2026-09-18;OUI
INDIVIDUEL;BSK2607OF018174;2026-09-18;NON
INDIVIDUEL;BSK2607OF018175;2026-09-18;ÉCHOUÉ(poste indispo)
INDIVIDUEL;BSK2607OF018177;2026-09-18;NON
INDIVIDUEL;BSK2607OF018178;2026-09-18;ÉCHOUÉ(stock insuffisant)
INDIVIDUEL;BSK2607OF018179;2026-09-18;ÉCHOUÉ(stock insuffisant)
INDIVIDUEL;BSK2607OF018180;2026-09-18;OUI
INDIVIDUEL;BSK2607OF018183;2026-09-18;OUI
INDIVIDUEL;BSK2607OF018184;2026-09-18;ÉCHOUÉ(stock insuffisant)
INDIVIDUEL;BSK2607OF018185;2026-09-18;NON
INDIVIDUEL;BSK2607OF018186;2026-09-18;ÉCHOUÉ(stock insuffisant)
INDIVIDUEL;BSK2607OF018187;2026-09-18;ÉCHOUÉ(stock insuffisant)
INDIVIDUEL;BSK2607OF018188;2026-09-18;NON
INDIVIDUEL;BSK2607OF018190;2026-09-18;NON
INDIVIDUEL;BSK2607OF018202;2026-09-18;ÉCHOUÉ(poste indispo)
INDIVIDUEL;BSK2607OF018203;2026-09-18;ÉCHOUÉ(poste indispo)
INDIVIDUEL;BSK2607OF018204;2026-09-18;ÉCHOUÉ(poste indispo)
INDIVIDUEL;BSK2607OF018206;2026-09-18;NON
INDIVIDUEL;BSK2607OF018207;2026-09-18;NON
INDIVIDUEL;BSK2607OF018227;2026-09-18;ÉCHOUÉ(stock insuffisant)
INDIVIDUEL;BSK2607OF018228;2026-09-18;ÉCHOUÉ(poste indispo)
INDIVIDUEL;BSK2607OF018231;2026-09-18;ÉCHOUÉ(poste indispo)
INDIVIDUEL;BSK2607OF018232;2026-09-18;NON
INDIVIDUEL;BSK2607OF018234;2026-09-18;OUI
INDIVIDUEL;BSK2607OF018243;2026-09-18;NON
INDIVIDUEL;BSK2607OF018293;2026-09-18;OUI
INDIVIDUEL;BSK2607OF018328;2026-09-18;NON
INDIVIDUEL;BSK2607OF018329;2026-09-18;NON
INDIVIDUEL;BSK2607OF018330;2026-09-18;OUI
INDIVIDUEL;BSK2607OF018331;2026-09-18;OUI
INDIVIDUEL;BSK2607OF018335;2026-09-18;OUI
INDIVIDUEL;BSK2607OF018336;2026-09-18;OUI
INDIVIDUEL;BSK2607OF018337;2026-09-18;OUI
INDIVIDUEL;BSK2607OF018338;2026-09-18;ÉCHOUÉ(poste indispo)
INDIVIDUEL;BSK2607OF018339;2026-09-18;NON
INDIVIDUEL;BSK2607OF018340;2026-09-18;ÉCHOUÉ(stock insuffisant)
INDIVIDUEL;BSK2607OF018345;2026-09-18;NON
INDIVIDUEL;BSK2607OF018347;2026-09-18;OUI
INDIVIDUEL;BSK2607OF018348;2026-09-18;OUI
INDIVIDUEL;BSK2607OF018350;2026-09-18;OUI
INDIVIDUEL;BSK2607OF018351;2026-09-18;OUI
INDIVIDUEL;BSK2607OF018365;2026-09-18;OUI
INDIVIDUEL;BSK2607OF018368;2026-09-18;OUI
INDIVIDUEL;BSK2607OF018369;2026-09-18;ÉCHOUÉ(stock insuffisant)
INDIVIDUEL;BSK2607OF018470;2026-09-18;OUI
INDIVIDUEL;BSK2609OF014600;2026-09-18;OUI
INDIVIDUEL;BSK2609OF014601;2026-09-18;OUI
INDIVIDUEL;BSK2609OF014602;2026-09-18;OUI
INDIVIDUEL;BSK2609OF014610;2026-09-18;OUI
GRP341;BSK2609OF015403;2026-09-24;ÉCHOUÉ(poste indispo)
GRP341;BSK2607OF017880;2026-09-21;OUI
INDIVIDUEL;BSK2607OF018239;2026-09-21;NON
INDIVIDUEL;BSK2607OF017762;2026-09-21;ÉCHOUÉ(poste indispo)
INDIVIDUEL;BSK2607OF017789;2026-09-21;OUI
INDIVIDUEL;BSK2607OF017790;2026-09-21;NON
INDIVIDUEL;BSK2607OF017863;2026-09-21;OUI
INDIVIDUEL;BSK2607OF017864;2026-09-21;OUI
INDIVIDUEL;BSK2607OF017865;2026-09-21;OUI
INDIVIDUEL;BSK2607OF017881;2026-09-21;OUI
INDIVIDUEL;BSK2607OF017882;2026-09-21;OUI
INDIVIDUEL;BSK2607OF017883;2026-09-21;OUI
INDIVIDUEL;BSK2607OF017944;2026-09-21;NON
INDIVIDUEL;BSK2607OF017974;2026-09-21;OUI
INDIVIDUEL;BSK2607OF017993;2026-09-21;ÉCHOUÉ(poste indispo)
INDIVIDUEL;BSK2607OF017996;2026-09-21;NON
INDIVIDUEL;BSK2607OF017998;2026-09-21;OUI
INDIVIDUEL;BSK2607OF018001;2026-09-21;NON
INDIVIDUEL;BSK2607OF018041;2026-09-21;ÉCHOUÉ(poste indispo)
INDIVIDUEL;BSK2607OF018120;2026-09-21;OUI
INDIVIDUEL;BSK2607OF018121;2026-09-21;OUI
INDIVIDUEL;BSK2607OF018240;2026-09-21;NON
INDIVIDUEL;BSK2607OF018342;2026-09-21;OUI
INDIVIDUEL;BSK2607OF018346;2026-09-21;NON
INDIVIDUEL;BSK2607OF018364;2026-09-21;NON
INDIVIDUEL;BSK2609OF014603;2026-09-21;OUI
INDIVIDUEL;BSK2609OF015555;2026-09-21;ÉCHOUÉ(poste indispo)
INDIVIDUEL;BSK2609OF015422;2026-09-22;NON
INDIVIDUEL;BSK2609OF015423;2026-09-22;NON
INDIVIDUEL;BSK2609OF015424;2026-09-22;OUI
INDIVIDUEL;BSK2609OF015425;2026-09-22;OUI
INDIVIDUEL;BSK2609OF015510;2026-09-22;ÉCHOUÉ(poste indispo)
INDIVIDUEL;BSK2609OF015511;2026-09-22;ÉCHOUÉ(poste indispo)
INDIVIDUEL;BSK2607OF017989;2026-09-24;NON
INDIVIDUEL;BSK2607OF017721;2026-09-25;NON
INDIVIDUEL;BSK2607OF017722;2026-09-25;NON
INDIVIDUEL;BSK2607OF017723;2026-09-25;OUI
INDIVIDUEL;BSK2607OF017780;2026-09-25;ÉCHOUÉ(stock insuffisant)
INDIVIDUEL;BSK2609OF015246;2026-10-01;OUI
INDIVIDUEL;BSK2609OF014604;2026-10-05;OUI
INDIVIDUEL;BSK2609OF014609;2026-10-05;OUI
INDIVIDUEL;BSK2609OF014611;2026-10-05;OUI
INDIVIDUEL;BSK2609OF014850;2026-10-05;NON
INDIVIDUEL;BSK2609OF015127;2026-10-05;NON
INDIVIDUEL;BSK2609OF015128;2026-10-05;NON
INDIVIDUEL;BSK2609OF015129;2026-10-05;NON
INDIVIDUEL;BSK2609OF014689;2026-10-06;OUI
INDIVIDUEL;BSK2610OF013611;2026-10-08;OUI
INDIVIDUEL;BSK2610OF013612;2026-10-08;OUI
INDIVIDUEL;BSK2610OF013613;2026-10-08;OUI
GRP344;BSK2610OF013592;2026-10-13;OUI
GRP344;BSK2610OF013593;2026-10-13;OUI
GRP344;BSK2610OF013594;2026-10-13;OUI
GRP344;BSK2610OF013595;2026-10-13;OUI
GRP344;BSK2609OF014651;2026-10-09;NON
GRP344;BSK2609OF014652;2026-10-09;NON
GRP344;BSK2609OF014653;2026-10-09;NON
GRP344;BSK2609OF014654;2026-10-09;NON
GRP344;BSK2609OF014629;2026-10-20;NON
GRP344;BSK2609OF014733;2026-10-20;NON
GRP344;BSK2609OF014734;2026-10-20;NON
GRP345;BSK2610OF013578;2026-10-13;OUI
GRP345;BSK2610OF013579;2026-10-13;OUI
GRP345;BSK2610OF013580;2026-10-13;OUI
GRP345;BSK2610OF013581;2026-10-13;OUI
GRP345;BSK2610OF013582;2026-10-13;OUI
GRP345;BSK2610OF013583;2026-10-13;OUI
GRP345;BSK2610OF013584;2026-10-13;OUI
GRP345;BSK2610OF013585;2026-10-13;OUI
GRP345;BSK2610OF013586;2026-10-13;OUI
GRP345;BSK2610OF013587;2026-10-13;OUI
GRP345;BSK2610OF013588;2026-10-13;OUI
GRP345;BSK2610OF013589;2026-10-13;NON
GRP345;BSK2610OF013590;2026-10-13;NON
GRP345;BSK2610OF013591;2026-10-13;NON
GRP345;BSK2609OF014659;2026-10-09;NON
GRP345;BSK2609OF014660;2026-10-09;NON
GRP345;BSK2609OF014661;2026-10-09;NON
GRP345;BSK2609OF014662;2026-10-09;NON
GRP345;BSK2609OF014663;2026-10-09;NON
GRP345;BSK2609OF014664;2026-10-09;NON
GRP345;BSK2609OF014665;2026-10-09;NON
GRP345;BSK2609OF014666;2026-10-09;NON
GRP345;BSK2609OF014667;2026-10-09;NON
GRP345;BSK2609OF014668;2026-10-09;NON
GRP345;BSK2609OF014669;2026-10-09;NON
GRP345;BSK2609OF014670;2026-10-09;NON
GRP345;BSK2609OF014671;2026-10-09;NON
GRP345;BSK2609OF014631;2026-10-20;NON
GRP345;BSK2609OF014731;2026-10-20;NON
GRP345;BSK2609OF014732;2026-10-20;NON
GRP346;BSK2610OF013529;2026-10-22;ÉCHOUÉ(poste indispo)
GRP346;BSK2610OF013530;2026-10-22;ÉCHOUÉ(poste indispo)
GRP346;BSK2609OF014956;2026-10-09;OUI
GRP346;BSK2609OF014761;2026-10-20;NON
GRP346;BSK2609OF014762;2026-10-20;ÉCHOUÉ(poste indispo)
GRP346;BSK2609OF014763;2026-10-20;ÉCHOUÉ(poste indispo)
GRP346;BSK2609OF014764;2026-10-20;NON
GRP346;BSK2609OF014802;2026-10-20;NON
GRP346;BSK2609OF015080;2026-10-20;ÉCHOUÉ(poste indispo)
GRP346;BSK2609OF015081;2026-10-20;ÉCHOUÉ(poste indispo)
GRP346;BSK2609OF015082;2026-10-20;ÉCHOUÉ(poste indispo)
GRP346;BSK2609OF015083;2026-10-20;ÉCHOUÉ(poste indispo)
GRP346;BSK2609OF015084;2026-10-20;ÉCHOUÉ(poste indispo)
GRP347;BSK2610OF013614;2026-10-22;ÉCHOUÉ(poste indispo)
GRP347;BSK2610OF013615;2026-10-22;ÉCHOUÉ(poste indispo)
GRP347;BSK2610OF013616;2026-10-22;ÉCHOUÉ(poste indispo)
GRP347;BSK2610OF013617;2026-10-22;ÉCHOUÉ(poste indispo)
GRP347;BSK2610OF013618;2026-10-22;ÉCHOUÉ(poste indispo)
GRP347;BSK2610OF013619;2026-10-22;ÉCHOUÉ(poste indispo)
GRP347;BSK2610OF013620;2026-10-22;ÉCHOUÉ(poste indispo)
GRP347;BSK2610OF013621;2026-10-22;ÉCHOUÉ(poste indispo)
GRP347;BSK2610OF013622;2026-10-22;ÉCHOUÉ(poste indispo)
GRP347;BSK2610OF013623;2026-10-22;ÉCHOUÉ(poste indispo)
GRP347;BSK2609OF015248;2026-10-09;ÉCHOUÉ(poste indispo)
GRP347;BSK2609OF015249;2026-10-09;ÉCHOUÉ(poste indispo)
GRP347;BSK2609OF015250;2026-10-09;ÉCHOUÉ(poste indispo)
GRP347;BSK2609OF015251;2026-10-09;ÉCHOUÉ(poste indispo)
GRP347;BSK2609OF014983;2026-10-20;NON
GRP347;BSK2609OF014984;2026-10-20;NON
GRP347;BSK2609OF014985;2026-10-20;NON
GRP347;BSK2609OF014986;2026-10-20;NON
GRP347;BSK2609OF014987;2026-10-20;NON
GRP347;BSK2609OF014988;2026-10-20;NON
GRP347;BSK2609OF014989;2026-10-20;NON
GRP347;BSK2609OF014990;2026-10-20;NON
GRP347;BSK2609OF014991;2026-10-20;NON
GRP347;BSK2609OF014992;2026-10-20;NON
GRP348;BSK2610OF013575;2026-10-22;OUI
GRP348;BSK2610OF013576;2026-10-22;OUI
GRP348;BSK2609OF014730;2026-10-09;OUI
INDIVIDUEL;BSK2609OF014839;2026-10-09;OUI
INDIVIDUEL;BSK2607OF018490;2026-10-09;ÉCHOUÉ(poste indispo)
INDIVIDUEL;BSK2609OF014530;2026-10-09;NON
INDIVIDUEL;BSK2609OF014531;2026-10-09;NON
INDIVIDUEL;BSK2609OF014532;2026-10-09;NON
INDIVIDUEL;BSK2609OF014533;2026-10-09;NON
INDIVIDUEL;BSK2609OF014534;2026-10-09;NON
INDIVIDUEL;BSK2609OF014535;2026-10-09;NON
INDIVIDUEL;BSK2609OF014536;2026-10-09;NON
INDIVIDUEL;BSK2609OF014537;2026-10-09;NON
INDIVIDUEL;BSK2609OF014538;2026-10-09;NON
INDIVIDUEL;BSK2609OF014539;2026-10-09;NON
INDIVIDUEL;BSK2609OF014540;2026-10-09;NON
INDIVIDUEL;BSK2609OF014541;2026-10-09;NON
INDIVIDUEL;BSK2609OF014542;2026-10-09;NON
INDIVIDUEL;BSK2609OF014605;2026-10-09;OUI
INDIVIDUEL;BSK2609OF014606;2026-10-09;OUI
INDIVIDUEL;BSK2609OF014607;2026-10-09;OUI
INDIVIDUEL;BSK2609OF014608;2026-10-09;OUI
INDIVIDUEL;BSK2609OF014655;2026-10-09;NON
INDIVIDUEL;BSK2609OF014656;2026-10-09;NON
INDIVIDUEL;BSK2609OF014657;2026-10-09;NON
INDIVIDUEL;BSK2609OF014658;2026-10-09;NON
INDIVIDUEL;BSK2609OF014690;2026-10-09;OUI
INDIVIDUEL;BSK2609OF014736;2026-10-09;OUI
INDIVIDUEL;BSK2609OF014844;2026-10-09;NON
INDIVIDUEL;BSK2609OF014851;2026-10-09;NON
INDIVIDUEL;BSK2609OF014852;2026-10-09;NON
INDIVIDUEL;BSK2609OF014873;2026-10-09;NON
INDIVIDUEL;BSK2609OF014881;2026-10-09;NON
INDIVIDUEL;BSK2609OF014882;2026-10-09;NON
INDIVIDUEL;BSK2609OF015068;2026-10-09;NON
INDIVIDUEL;BSK2610OF013516;2026-10-09;ÉCHOUÉ(poste indispo)
GRP349;BSK2610OF013574;2026-10-13;NON
GRP349;BSK2609OF014957;2026-10-12;OUI
GRP349;BSK2609OF014776;2026-10-20;OUI
GRP349;BSK2609OF014784;2026-10-20;OUI
INDIVIDUEL;BSK2609OF015242;2026-10-12;OUI
INDIVIDUEL;BSK2609OF015243;2026-10-12;OUI
INDIVIDUEL;BSK2609OF015244;2026-10-12;OUI
INDIVIDUEL;BSK2609OF015245;2026-10-12;OUI
INDIVIDUEL;BSK2610OF013643;2026-10-16;ÉCHOUÉ(poste indispo)
INDIVIDUEL;BSK2610OF013644;2026-10-16;ÉCHOUÉ(poste indispo)
INDIVIDUEL;BSK2609OF014789;2026-10-19;OUI
INDIVIDUEL;BSK2609OF014790;2026-10-19;OUI
GRP350;BSK2610OF013637;2026-10-21;ÉCHOUÉ(poste indispo)
GRP350;BSK2610OF013638;2026-10-21;ÉCHOUÉ(poste indispo)
GRP350;BSK2609OF015109;2026-10-20;ÉCHOUÉ(stock insuffisant)
GRP350;BSK2609OF015110;2026-10-20;ÉCHOUÉ(stock insuffisant)
GRP350;BSK2609OF015111;2026-10-20;ÉCHOUÉ(stock insuffisant)
GRP350;BSK2609OF015112;2026-10-20;ÉCHOUÉ(stock insuffisant)
GRP351;BSK2611OF010737;2026-11-06;ÉCHOUÉ(poste indispo)
GRP351;BSK2611OF010738;2026-11-06;ÉCHOUÉ(poste indispo)
GRP351;BSK2611OF010739;2026-11-06;ÉCHOUÉ(poste indispo)
GRP351;BSK2611OF010740;2026-11-06;ÉCHOUÉ(poste indispo)
GRP351;BSK2611OF010741;2026-11-06;ÉCHOUÉ(poste indispo)
GRP351;BSK2611OF010742;2026-11-06;ÉCHOUÉ(poste indispo)
GRP351;BSK2609OF014720;2026-10-20;NON
GRP351;BSK2609OF014721;2026-10-20;NON
GRP351;BSK2609OF014722;2026-10-20;NON
GRP351;BSK2609OF014723;2026-10-20;NON
GRP351;BSK2609OF014724;2026-10-20;NON
GRP351;BSK2609OF014725;2026-10-20;NON
GRP352;BSK2610OF013449;2026-10-22;ÉCHOUÉ(poste indispo)
GRP352;BSK2610OF013450;2026-10-22;ÉCHOUÉ(poste indispo)
GRP352;BSK2610OF013451;2026-10-22;ÉCHOUÉ(poste indispo)
GRP352;BSK2610OF013452;2026-10-22;ÉCHOUÉ(poste indispo)
GRP352;BSK2610OF013453;2026-10-22;ÉCHOUÉ(poste indispo)
GRP352;BSK2610OF013454;2026-10-22;ÉCHOUÉ(poste indispo)
GRP352;BSK2610OF013455;2026-10-22;ÉCHOUÉ(poste indispo)
GRP352;BSK2610OF013456;2026-10-22;ÉCHOUÉ(poste indispo)
GRP352;BSK2610OF013457;2026-10-22;ÉCHOUÉ(poste indispo)
GRP352;BSK2610OF013458;2026-10-22;ÉCHOUÉ(poste indispo)
GRP352;BSK2610OF013459;2026-10-22;ÉCHOUÉ(poste indispo)
GRP352;BSK2610OF013460;2026-10-22;ÉCHOUÉ(poste indispo)
GRP352;BSK2610OF013461;2026-10-22;ÉCHOUÉ(poste indispo)
GRP352;BSK2610OF013462;2026-10-22;ÉCHOUÉ(poste indispo)
GRP352;BSK2610OF013463;2026-10-22;ÉCHOUÉ(poste indispo)
GRP352;BSK2610OF013464;2026-10-22;ÉCHOUÉ(poste indispo)
GRP352;BSK2609OF014726;2026-10-20;OUI
GRP352;BSK2609OF015032;2026-10-20;NON
GRP352;BSK2609OF015033;2026-10-20;NON
GRP352;BSK2609OF015034;2026-10-20;NON
GRP352;BSK2609OF015035;2026-10-20;NON
GRP353;BSK2610OF013415;2026-10-22;ÉCHOUÉ(poste indispo)
GRP353;BSK2610OF013416;2026-10-22;ÉCHOUÉ(poste indispo)
GRP353;BSK2610OF013417;2026-10-22;ÉCHOUÉ(poste indispo)
GRP353;BSK2610OF013418;2026-10-22;ÉCHOUÉ(poste indispo)
GRP353;BSK2609OF014616;2026-10-20;ÉCHOUÉ(poste indispo)
GRP353;BSK2609OF014617;2026-10-20;ÉCHOUÉ(poste indispo)
GRP353;BSK2609OF014618;2026-10-20;ÉCHOUÉ(poste indispo)
GRP353;BSK2609OF014619;2026-10-20;ÉCHOUÉ(poste indispo)
GRP353;BSK2609OF014686;2026-10-20;OUI
GRP353;BSK2609OF014751;2026-10-20;ÉCHOUÉ(poste indispo)
GRP353;BSK2609OF014755;2026-10-20;ÉCHOUÉ(poste indispo)
GRP353;BSK2609OF015056;2026-10-20;ÉCHOUÉ(poste indispo)
GRP353;BSK2609OF015057;2026-10-20;ÉCHOUÉ(poste indispo)
GRP353;BSK2609OF015058;2026-10-20;ÉCHOUÉ(poste indispo)
GRP353;BSK2609OF015059;2026-10-20;ÉCHOUÉ(poste indispo)
GRP353;BSK2609OF015060;2026-10-20;ÉCHOUÉ(poste indispo)
GRP354;BSK2610OF013639;2026-10-21;OUI
GRP354;BSK2609OF015106;2026-10-20;OUI
GRP354;BSK2609OF015107;2026-10-20;OUI
GRP354;BSK2609OF015108;2026-10-20;OUI
GRP356;BSK2610OF013543;2026-10-22;ÉCHOUÉ(poste indispo)
GRP356;BSK2610OF013544;2026-10-22;ÉCHOUÉ(poste indispo)
GRP356;BSK2610OF013545;2026-10-22;ÉCHOUÉ(poste indispo)
GRP356;BSK2609OF015001;2026-10-20;ÉCHOUÉ(stock insuffisant)
GRP356;BSK2609OF015002;2026-10-20;ÉCHOUÉ(stock insuffisant)
GRP356;BSK2609OF015003;2026-10-20;ÉCHOUÉ(stock insuffisant)
GRP356;BSK2609OF015004;2026-10-20;ÉCHOUÉ(stock insuffisant)
GRP357;BSK2610OF013531;2026-10-22;ÉCHOUÉ(poste indispo)
GRP357;BSK2610OF013532;2026-10-22;ÉCHOUÉ(poste indispo)
GRP357;BSK2610OF013533;2026-10-22;ÉCHOUÉ(poste indispo)
GRP357;BSK2610OF013534;2026-10-22;ÉCHOUÉ(poste indispo)
GRP357;BSK2610OF013535;2026-10-22;ÉCHOUÉ(poste indispo)
GRP357;BSK2610OF013536;2026-10-22;ÉCHOUÉ(poste indispo)
GRP357;BSK2610OF013537;2026-10-22;ÉCHOUÉ(poste indispo)
GRP357;BSK2610OF013538;2026-10-22;ÉCHOUÉ(poste indispo)
GRP357;BSK2610OF013539;2026-10-22;ÉCHOUÉ(poste indispo)
GRP357;BSK2610OF013540;2026-10-22;ÉCHOUÉ(poste indispo)
GRP357;BSK2610OF013541;2026-10-22;ÉCHOUÉ(poste indispo)
GRP357;BSK2610OF013542;2026-10-22;ÉCHOUÉ(poste indispo)
GRP357;BSK2609OF015005;2026-10-20;ÉCHOUÉ(stock insuffisant)
GRP357;BSK2609OF015006;2026-10-20;ÉCHOUÉ(stock insuffisant)
GRP357;BSK2609OF015007;2026-10-20;ÉCHOUÉ(stock insuffisant)
GRP357;BSK2609OF015008;2026-10-20;ÉCHOUÉ(stock insuffisant)
GRP357;BSK2609OF015009;2026-10-20;ÉCHOUÉ(stock insuffisant)
GRP358;BSK2610OF013465;2026-10-22;ÉCHOUÉ(poste indispo)
GRP358;BSK2610OF013466;2026-10-22;ÉCHOUÉ(poste indispo)
GRP358;BSK2610OF013467;2026-10-22;ÉCHOUÉ(poste indispo)
GRP358;BSK2610OF013468;2026-10-22;ÉCHOUÉ(poste indispo)
GRP358;BSK2610OF013469;2026-10-22;ÉCHOUÉ(poste indispo)
GRP358;BSK2610OF013470;2026-10-22;ÉCHOUÉ(poste indispo)
GRP358;BSK2610OF013471;2026-10-22;ÉCHOUÉ(poste indispo)
GRP358;BSK2609OF014952;2026-10-20;ÉCHOUÉ(stock insuffisant)
GRP358;BSK2609OF014953;2026-10-20;ÉCHOUÉ(stock insuffisant)
GRP358;BSK2609OF014954;2026-10-20;ÉCHOUÉ(stock insuffisant)
GRP358;BSK2609OF014955;2026-10-20;ÉCHOUÉ(stock insuffisant)
GRP359;BSK2610OF013641;2026-10-21;ÉCHOUÉ(poste indispo)
GRP359;BSK2610OF013642;2026-10-21;ÉCHOUÉ(poste indispo)
GRP359;BSK2609OF015122;2026-10-20;ÉCHOUÉ(stock insuffisant)
GRP359;BSK2609OF015123;2026-10-20;ÉCHOUÉ(stock insuffisant)
GRP359;BSK2609OF015124;2026-10-20;ÉCHOUÉ(stock insuffisant)
GRP359;BSK2609OF015125;2026-10-20;ÉCHOUÉ(stock insuffisant)
GRP360;BSK2610OF013624;2026-10-22;ÉCHOUÉ(poste indispo)
GRP360;BSK2610OF013625;2026-10-22;ÉCHOUÉ(poste indispo)
GRP360;BSK2610OF013626;2026-10-22;ÉCHOUÉ(poste indispo)
GRP360;BSK2610OF013627;2026-10-22;ÉCHOUÉ(poste indispo)
GRP360;BSK2609OF014996;2026-10-20;NON
GRP360;BSK2609OF014997;2026-10-20;NON
GRP360;BSK2609OF014998;2026-10-20;NON
GRP360;BSK2609OF014999;2026-10-20;NON
GRP361;BSK2610OF013596;2026-10-22;OUI
GRP361;BSK2610OF013597;2026-10-22;OUI
GRP361;BSK2610OF013598;2026-10-22;OUI
GRP361;BSK2610OF013599;2026-10-22;OUI
GRP361;BSK2610OF013600;2026-10-22;OUI
GRP361;BSK2610OF013601;2026-10-22;OUI
GRP361;BSK2610OF013602;2026-10-22;OUI
GRP361;BSK2610OF013603;2026-10-22;OUI
GRP361;BSK2610OF013604;2026-10-22;OUI
GRP361;BSK2610OF013605;2026-10-22;OUI
GRP361;BSK2610OF013606;2026-10-22;OUI
GRP361;BSK2610OF013607;2026-10-22;OUI
GRP361;BSK2610OF013608;2026-10-22;OUI
GRP361;BSK2610OF013609;2026-10-22;OUI
GRP361;BSK2610OF013610;2026-10-22;OUI
GRP361;BSK2609OF015086;2026-10-20;OUI
GRP362;BSK2611OF010875;2026-11-12;NON
GRP362;BSK2611OF010876;2026-11-12;NON
GRP362;BSK2611OF010877;2026-11-12;NON
GRP362;BSK2611OF010878;2026-11-12;NON
GRP362;BSK2611OF010879;2026-11-12;NON
GRP362;BSK2611OF010880;2026-11-12;NON
GRP362;BSK2611OF010881;2026-11-12;NON
GRP362;BSK2611OF010882;2026-11-12;NON
GRP362;BSK2611OF010883;2026-11-12;NON
GRP362;BSK2611OF010884;2026-11-12;NON
GRP362;BSK2611OF010885;2026-11-12;NON
GRP362;BSK2611OF010886;2026-11-12;NON
GRP362;BSK2611OF010887;2026-11-12;NON
GRP362;BSK2611OF010888;2026-11-12;NON
GRP362;BSK2609OF014672;2026-10-20;OUI
GRP362;BSK2609OF014673;2026-10-20;NON
GRP362;BSK2609OF014827;2026-10-20;NON
GRP362;BSK2610OF012926;2026-11-10;NON
GRP363;BSK2611OF010902;2026-11-12;NON
GRP363;BSK2611OF010903;2026-11-12;NON
GRP363;BSK2611OF010904;2026-11-12;NON
GRP363;BSK2609OF014960;2026-10-20;OUI
GRP363;BSK2609OF015234;2026-10-20;NON
GRP364;BSK2610OF013554;2026-10-22;ÉCHOUÉ(poste indispo)
GRP364;BSK2609OF014728;2026-10-20;OUI
GRP364;BSK2609OF015070;2026-10-20;OUI
GRP365;BSK2610OF013510;2026-10-22;OUI
GRP365;BSK2609OF014700;2026-10-20;OUI
GRP365;BSK2609OF014772;2026-10-20;OUI
GRP366;BSK2610OF013359;2026-10-22;ÉCHOUÉ(poste indispo)
GRP366;BSK2610OF013360;2026-10-22;ÉCHOUÉ(poste indispo)
GRP366;BSK2610OF013361;2026-10-22;ÉCHOUÉ(poste indispo)
GRP366;BSK2610OF013362;2026-10-22;ÉCHOUÉ(poste indispo)
GRP366;BSK2610OF013363;2026-10-22;ÉCHOUÉ(poste indispo)
GRP366;BSK2610OF013364;2026-10-22;ÉCHOUÉ(poste indispo)
GRP366;BSK2610OF013365;2026-10-22;ÉCHOUÉ(poste indispo)
GRP366;BSK2610OF013366;2026-10-22;ÉCHOUÉ(poste indispo)
GRP366;BSK2610OF013367;2026-10-22;ÉCHOUÉ(poste indispo)
GRP366;BSK2610OF013368;2026-10-22;ÉCHOUÉ(poste indispo)
GRP366;BSK2610OF013369;2026-10-22;ÉCHOUÉ(poste indispo)
GRP366;BSK2610OF013370;2026-10-22;ÉCHOUÉ(poste indispo)
GRP366;BSK2610OF013371;2026-10-22;ÉCHOUÉ(poste indispo)
GRP366;BSK2610OF013372;2026-10-22;ÉCHOUÉ(poste indispo)
GRP366;BSK2610OF013373;2026-10-22;ÉCHOUÉ(poste indispo)
GRP366;BSK2610OF013374;2026-10-22;ÉCHOUÉ(poste indispo)
GRP366;BSK2610OF013375;2026-10-22;ÉCHOUÉ(poste indispo)
GRP366;BSK2609OF014678;2026-10-20;OUI
INDIVIDUEL;BSK2609OF015100;2026-10-20;OUI
INDIVIDUEL;BSK2609OF015101;2026-10-20;OUI
INDIVIDUEL;BSK2609OF015102;2026-10-20;OUI
INDIVIDUEL;BSK2609OF015103;2026-10-20;OUI
INDIVIDUEL;BSK2609OF015104;2026-10-20;OUI
INDIVIDUEL;BSK2609OF014560;2026-10-20;NON
INDIVIDUEL;BSK2609OF014561;2026-10-20;NON
INDIVIDUEL;BSK2609OF014562;2026-10-20;NON
INDIVIDUEL;BSK2609OF014563;2026-10-20;NON
INDIVIDUEL;BSK2609OF014566;2026-10-20;NON
INDIVIDUEL;BSK2609OF014567;2026-10-20;NON
INDIVIDUEL;BSK2609OF014568;2026-10-20;NON
INDIVIDUEL;BSK2609OF014569;2026-10-20;NON
INDIVIDUEL;BSK2609OF014570;2026-10-20;NON
INDIVIDUEL;BSK2609OF014571;2026-10-20;NON
INDIVIDUEL;BSK2609OF014572;2026-10-20;NON
INDIVIDUEL;BSK2609OF014573;2026-10-20;NON
INDIVIDUEL;BSK2609OF014574;2026-10-20;NON
INDIVIDUEL;BSK2609OF014575;2026-10-20;NON
INDIVIDUEL;BSK2609OF014576;2026-10-20;NON
INDIVIDUEL;BSK2609OF014578;2026-10-20;NON
INDIVIDUEL;BSK2609OF014580;2026-10-20;ÉCHOUÉ(poste indispo)
INDIVIDUEL;BSK2609OF014581;2026-10-20;ÉCHOUÉ(poste indispo)
INDIVIDUEL;BSK2609OF014582;2026-10-20;NON
INDIVIDUEL;BSK2609OF014583;2026-10-20;NON
INDIVIDUEL;BSK2609OF014584;2026-10-20;NON
INDIVIDUEL;BSK2609OF014585;2026-10-20;NON
INDIVIDUEL;BSK2609OF014586;2026-10-20;NON
INDIVIDUEL;BSK2609OF014587;2026-10-20;NON
INDIVIDUEL;BSK2609OF014588;2026-10-20;NON
INDIVIDUEL;BSK2609OF014589;2026-10-20;NON
INDIVIDUEL;BSK2609OF014627;2026-10-20;OUI
INDIVIDUEL;BSK2609OF014675;2026-10-20;ÉCHOUÉ(poste indispo)
INDIVIDUEL;BSK2609OF014676;2026-10-20;NON
INDIVIDUEL;BSK2609OF014727;2026-10-20;OUI
INDIVIDUEL;BSK2609OF014729;2026-10-20;ÉCHOUÉ(poste indispo)
INDIVIDUEL;BSK2609OF014829;2026-10-20;NON
INDIVIDUEL;BSK2609OF014837;2026-10-20;NON
INDIVIDUEL;BSK2609OF014909;2026-10-20;OUI
INDIVIDUEL;BSK2609OF014912;2026-10-20;OUI
INDIVIDUEL;BSK2609OF014959;2026-10-20;NON
INDIVIDUEL;BSK2609OF014961;2026-10-20;NON
INDIVIDUEL;BSK2609OF014969;2026-10-20;ÉCHOUÉ(stock insuffisant)
INDIVIDUEL;BSK2609OF015011;2026-10-20;NON
INDIVIDUEL;BSK2609OF015012;2026-10-20;NON
INDIVIDUEL;BSK2609OF015030;2026-10-20;NON
INDIVIDUEL;BSK2609OF015031;2026-10-20;NON
INDIVIDUEL;BSK2609OF015069;2026-10-20;ÉCHOUÉ(poste indispo)
INDIVIDUEL;BSK2609OF015071;2026-10-20;ÉCHOUÉ(poste indispo)
INDIVIDUEL;BSK2609OF015072;2026-10-20;ÉCHOUÉ(poste indispo)
INDIVIDUEL;BSK2609OF015073;2026-10-20;ÉCHOUÉ(poste indispo)
INDIVIDUEL;BSK2609OF015074;2026-10-20;ÉCHOUÉ(poste indispo)
INDIVIDUEL;BSK2609OF015075;2026-10-20;ÉCHOUÉ(poste indispo)
INDIVIDUEL;BSK2609OF015076;2026-10-20;ÉCHOUÉ(poste indispo)
INDIVIDUEL;BSK2609OF015077;2026-10-20;ÉCHOUÉ(poste indispo)
INDIVIDUEL;BSK2609OF015078;2026-10-20;ÉCHOUÉ(poste indispo)
INDIVIDUEL;BSK2609OF015113;2026-10-20;OUI
INDIVIDUEL;BSK2609OF015114;2026-10-20;NON
INDIVIDUEL;BSK2609OF015115;2026-10-20;NON
INDIVIDUEL;BSK2609OF015116;2026-10-20;NON
INDIVIDUEL;BSK2609OF015126;2026-10-20;OUI
INDIVIDUEL;BSK2609OF015236;2026-10-20;OUI
INDIVIDUEL;BSK2609OF014544;2026-10-20;OUI
INDIVIDUEL;BSK2609OF014545;2026-10-20;OUI
INDIVIDUEL;BSK2609OF014546;2026-10-20;NON
INDIVIDUEL;BSK2609OF014547;2026-10-20;NON
INDIVIDUEL;BSK2609OF014548;2026-10-20;NON
INDIVIDUEL;BSK2609OF014549;2026-10-20;NON
INDIVIDUEL;BSK2609OF014550;2026-10-20;NON
INDIVIDUEL;BSK2609OF014551;2026-10-20;NON
INDIVIDUEL;BSK2609OF014552;2026-10-20;NON
INDIVIDUEL;BSK2609OF014553;2026-10-20;NON
INDIVIDUEL;BSK2609OF014554;2026-10-20;NON
INDIVIDUEL;BSK2609OF014555;2026-10-20;NON
INDIVIDUEL;BSK2609OF014557;2026-10-20;NON
INDIVIDUEL;BSK2609OF014558;2026-10-20;ÉCHOUÉ(poste indispo)
INDIVIDUEL;BSK2609OF014559;2026-10-20;NON
INDIVIDUEL;BSK2609OF014564;2026-10-20;ÉCHOUÉ(poste indispo)
INDIVIDUEL;BSK2609OF014565;2026-10-20;ÉCHOUÉ(poste indispo)
INDIVIDUEL;BSK2609OF014579;2026-10-20;ÉCHOUÉ(poste indispo)
INDIVIDUEL;BSK2609OF014599;2026-10-20;OUI
INDIVIDUEL;BSK2609OF014626;2026-10-20;OUI
INDIVIDUEL;BSK2609OF014628;2026-10-20;OUI
INDIVIDUEL;BSK2609OF014630;2026-10-20;NON
INDIVIDUEL;BSK2609OF014632;2026-10-20;NON
INDIVIDUEL;BSK2609OF014633;2026-10-20;NON
INDIVIDUEL;BSK2609OF014634;2026-10-20;OUI
INDIVIDUEL;BSK2609OF014635;2026-10-20;OUI
INDIVIDUEL;BSK2609OF014636;2026-10-20;ÉCHOUÉ(poste indispo)
INDIVIDUEL;BSK2609OF014637;2026-10-20;NON
INDIVIDUEL;BSK2609OF014638;2026-10-20;NON
INDIVIDUEL;BSK2609OF014639;2026-10-20;NON
INDIVIDUEL;BSK2609OF014640;2026-10-20;NON
INDIVIDUEL;BSK2609OF014641;2026-10-20;NON
INDIVIDUEL;BSK2609OF014642;2026-10-20;NON
INDIVIDUEL;BSK2609OF014643;2026-10-20;NON
INDIVIDUEL;BSK2609OF014644;2026-10-20;NON
INDIVIDUEL;BSK2609OF014645;2026-10-20;NON
INDIVIDUEL;BSK2609OF014646;2026-10-20;NON
INDIVIDUEL;BSK2609OF014647;2026-10-20;NON
INDIVIDUEL;BSK2609OF014648;2026-10-20;NON
INDIVIDUEL;BSK2609OF014649;2026-10-20;NON
INDIVIDUEL;BSK2609OF014650;2026-10-20;NON
INDIVIDUEL;BSK2609OF014687;2026-10-20;ÉCHOUÉ(poste indispo)
INDIVIDUEL;BSK2609OF014688;2026-10-20;ÉCHOUÉ(poste indispo)
INDIVIDUEL;BSK2609OF014691;2026-10-20;NON
INDIVIDUEL;BSK2609OF014692;2026-10-20;OUI
INDIVIDUEL;BSK2609OF014693;2026-10-20;NON
INDIVIDUEL;BSK2609OF014694;2026-10-20;NON
INDIVIDUEL;BSK2609OF014698;2026-10-20;ÉCHOUÉ(poste indispo)
INDIVIDUEL;BSK2609OF014701;2026-10-20;NON
INDIVIDUEL;BSK2609OF014704;2026-10-20;OUI
INDIVIDUEL;BSK2609OF014705;2026-10-20;NON
INDIVIDUEL;BSK2609OF014706;2026-10-20;OUI
INDIVIDUEL;BSK2609OF014707;2026-10-20;OUI
INDIVIDUEL;BSK2609OF014708;2026-10-20;ÉCHOUÉ(poste indispo)
INDIVIDUEL;BSK2609OF014709;2026-10-20;ÉCHOUÉ(poste indispo)
INDIVIDUEL;BSK2609OF014710;2026-10-20;ÉCHOUÉ(poste indispo)
INDIVIDUEL;BSK2609OF014716;2026-10-20;ÉCHOUÉ(poste indispo)
INDIVIDUEL;BSK2609OF014718;2026-10-20;OUI
INDIVIDUEL;BSK2609OF014735;2026-10-20;NON
INDIVIDUEL;BSK2609OF014737;2026-10-20;ÉCHOUÉ(poste indispo)
INDIVIDUEL;BSK2609OF014738;2026-10-20;OUI
INDIVIDUEL;BSK2609OF014739;2026-10-20;NON
INDIVIDUEL;BSK2609OF014740;2026-10-20;NON
INDIVIDUEL;BSK2609OF014743;2026-10-20;OUI
INDIVIDUEL;BSK2609OF014747;2026-10-20;NON
INDIVIDUEL;BSK2609OF014748;2026-10-20;OUI
INDIVIDUEL;BSK2609OF014749;2026-10-20;NON
INDIVIDUEL;BSK2609OF014750;2026-10-20;NON
INDIVIDUEL;BSK2609OF014754;2026-10-20;OUI
INDIVIDUEL;BSK2609OF014765;2026-10-20;NON
INDIVIDUEL;BSK2609OF014766;2026-10-20;NON
INDIVIDUEL;BSK2609OF014770;2026-10-20;NON
INDIVIDUEL;BSK2609OF014773;2026-10-20;NON
INDIVIDUEL;BSK2609OF014774;2026-10-20;ÉCHOUÉ(poste indispo)
INDIVIDUEL;BSK2609OF014777;2026-10-20;OUI
INDIVIDUEL;BSK2609OF014779;2026-10-20;NON
INDIVIDUEL;BSK2609OF014781;2026-10-20;ÉCHOUÉ(poste indispo)
INDIVIDUEL;BSK2609OF014782;2026-10-20;NON
INDIVIDUEL;BSK2609OF014783;2026-10-20;NON
INDIVIDUEL;BSK2609OF014785;2026-10-20;OUI
INDIVIDUEL;BSK2609OF014786;2026-10-20;OUI
INDIVIDUEL;BSK2609OF014788;2026-10-20;NON
INDIVIDUEL;BSK2609OF014791;2026-10-20;OUI
INDIVIDUEL;BSK2609OF014793;2026-10-20;NON
INDIVIDUEL;BSK2609OF014795;2026-10-20;OUI
INDIVIDUEL;BSK2609OF014797;2026-10-20;NON
INDIVIDUEL;BSK2609OF014798;2026-10-20;NON
INDIVIDUEL;BSK2609OF014799;2026-10-20;NON
INDIVIDUEL;BSK2609OF014800;2026-10-20;OUI
INDIVIDUEL;BSK2609OF014803;2026-10-20;OUI
INDIVIDUEL;BSK2609OF014805;2026-10-20;NON
INDIVIDUEL;BSK2609OF014807;2026-10-20;NON
INDIVIDUEL;BSK2609OF014808;2026-10-20;NON
INDIVIDUEL;BSK2609OF014815;2026-10-20;OUI
INDIVIDUEL;BSK2609OF014816;2026-10-20;OUI
INDIVIDUEL;BSK2609OF014817;2026-10-20;NON
INDIVIDUEL;BSK2609OF014818;2026-10-20;ÉCHOUÉ(poste indispo)
INDIVIDUEL;BSK2609OF014820;2026-10-20;OUI
INDIVIDUEL;BSK2609OF014821;2026-10-20;OUI
INDIVIDUEL;BSK2609OF014822;2026-10-20;OUI
INDIVIDUEL;BSK2609OF014824;2026-10-20;NON
INDIVIDUEL;BSK2609OF014825;2026-10-20;ÉCHOUÉ(poste indispo)
INDIVIDUEL;BSK2609OF014828;2026-10-20;NON
INDIVIDUEL;BSK2609OF014830;2026-10-20;OUI
INDIVIDUEL;BSK2609OF014831;2026-10-20;NON
INDIVIDUEL;BSK2609OF014832;2026-10-20;OUI
INDIVIDUEL;BSK2609OF014833;2026-10-20;ÉCHOUÉ(poste indispo)
INDIVIDUEL;BSK2609OF014834;2026-10-20;NON
INDIVIDUEL;BSK2609OF014835;2026-10-20;NON
INDIVIDUEL;BSK2609OF014836;2026-10-20;NON
INDIVIDUEL;BSK2609OF014838;2026-10-20;OUI
INDIVIDUEL;BSK2609OF014840;2026-10-20;ÉCHOUÉ(poste indispo)
INDIVIDUEL;BSK2609OF014841;2026-10-20;ÉCHOUÉ(poste indispo)
INDIVIDUEL;BSK2609OF014845;2026-10-20;NON
INDIVIDUEL;BSK2609OF014846;2026-10-20;NON
INDIVIDUEL;BSK2609OF014847;2026-10-20;NON
INDIVIDUEL;BSK2609OF014848;2026-10-20;NON
INDIVIDUEL;BSK2609OF014849;2026-10-20;NON
INDIVIDUEL;BSK2609OF014853;2026-10-20;NON
INDIVIDUEL;BSK2609OF014854;2026-10-20;NON
INDIVIDUEL;BSK2609OF014855;2026-10-20;NON
INDIVIDUEL;BSK2609OF014856;2026-10-20;NON
INDIVIDUEL;BSK2609OF014857;2026-10-20;NON
INDIVIDUEL;BSK2609OF014858;2026-10-20;NON
INDIVIDUEL;BSK2609OF014859;2026-10-20;NON
INDIVIDUEL;BSK2609OF014860;2026-10-20;NON
INDIVIDUEL;BSK2609OF014861;2026-10-20;NON
INDIVIDUEL;BSK2609OF014862;2026-10-20;NON
INDIVIDUEL;BSK2609OF014863;2026-10-20;NON
INDIVIDUEL;BSK2609OF014864;2026-10-20;NON
INDIVIDUEL;BSK2609OF014865;2026-10-20;NON
INDIVIDUEL;BSK2609OF014866;2026-10-20;NON
INDIVIDUEL;BSK2609OF014867;2026-10-20;NON
INDIVIDUEL;BSK2609OF014868;2026-10-20;NON
INDIVIDUEL;BSK2609OF014869;2026-10-20;NON
INDIVIDUEL;BSK2609OF014870;2026-10-20;NON
INDIVIDUEL;BSK2609OF014871;2026-10-20;NON
INDIVIDUEL;BSK2609OF014872;2026-10-20;NON
INDIVIDUEL;BSK2609OF014874;2026-10-20;NON
INDIVIDUEL;BSK2609OF014875;2026-10-20;NON
INDIVIDUEL;BSK2609OF014876;2026-10-20;NON
INDIVIDUEL;BSK2609OF014877;2026-10-20;NON
INDIVIDUEL;BSK2609OF014878;2026-10-20;NON
INDIVIDUEL;BSK2609OF014879;2026-10-20;NON
INDIVIDUEL;BSK2609OF014883;2026-10-20;NON
INDIVIDUEL;BSK2609OF014884;2026-10-20;NON
INDIVIDUEL;BSK2609OF014885;2026-10-20;NON
INDIVIDUEL;BSK2609OF014886;2026-10-20;NON
INDIVIDUEL;BSK2609OF014887;2026-10-20;NON
INDIVIDUEL;BSK2609OF014888;2026-10-20;NON
INDIVIDUEL;BSK2609OF014889;2026-10-20;NON
INDIVIDUEL;BSK2609OF014890;2026-10-20;NON
INDIVIDUEL;BSK2609OF014891;2026-10-20;NON
INDIVIDUEL;BSK2609OF014892;2026-10-20;NON
INDIVIDUEL;BSK2609OF014893;2026-10-20;NON
INDIVIDUEL;BSK2609OF014894;2026-10-20;NON
INDIVIDUEL;BSK2609OF014895;2026-10-20;NON
INDIVIDUEL;BSK2609OF014896;2026-10-20;NON
INDIVIDUEL;BSK2609OF014897;2026-10-20;NON
INDIVIDUEL;BSK2609OF014898;2026-10-20;NON
INDIVIDUEL;BSK2609OF014899;2026-10-20;NON
INDIVIDUEL;BSK2609OF014900;2026-10-20;NON
INDIVIDUEL;BSK2609OF014901;2026-10-20;NON
INDIVIDUEL;BSK2609OF014902;2026-10-20;NON
INDIVIDUEL;BSK2609OF014903;2026-10-20;NON
INDIVIDUEL;BSK2609OF014904;2026-10-20;NON
INDIVIDUEL;BSK2609OF014905;2026-10-20;NON
INDIVIDUEL;BSK2609OF014906;2026-10-20;NON
INDIVIDUEL;BSK2609OF014907;2026-10-20;NON
INDIVIDUEL;BSK2609OF014911;2026-10-20;NON
INDIVIDUEL;BSK2609OF014913;2026-10-20;NON
INDIVIDUEL;BSK2609OF014914;2026-10-20;NON
INDIVIDUEL;BSK2609OF014915;2026-10-20;NON
INDIVIDUEL;BSK2609OF014924;2026-10-20;NON
INDIVIDUEL;BSK2609OF014925;2026-10-20;NON
INDIVIDUEL;BSK2609OF014926;2026-10-20;NON
INDIVIDUEL;BSK2609OF014927;2026-10-20;NON
INDIVIDUEL;BSK2609OF014928;2026-10-20;NON
INDIVIDUEL;BSK2609OF014929;2026-10-20;NON
INDIVIDUEL;BSK2609OF014930;2026-10-20;NON
INDIVIDUEL;BSK2609OF014931;2026-10-20;NON
INDIVIDUEL;BSK2609OF014932;2026-10-20;NON
INDIVIDUEL;BSK2609OF014933;2026-10-20;NON
INDIVIDUEL;BSK2609OF014934;2026-10-20;NON
INDIVIDUEL;BSK2609OF014935;2026-10-20;NON
INDIVIDUEL;BSK2609OF014936;2026-10-20;NON
INDIVIDUEL;BSK2609OF014937;2026-10-20;OUI
INDIVIDUEL;BSK2609OF014941;2026-10-20;NON
INDIVIDUEL;BSK2609OF014942;2026-10-20;ÉCHOUÉ(stock insuffisant)
INDIVIDUEL;BSK2609OF014946;2026-10-20;OUI
INDIVIDUEL;BSK2609OF014947;2026-10-20;ÉCHOUÉ(stock insuffisant)
INDIVIDUEL;BSK2609OF014951;2026-10-20;OUI
INDIVIDUEL;BSK2609OF014963;2026-10-20;NON
INDIVIDUEL;BSK2609OF014964;2026-10-20;NON
INDIVIDUEL;BSK2609OF014966;2026-10-20;ÉCHOUÉ(stock insuffisant)
INDIVIDUEL;BSK2609OF014967;2026-10-20;ÉCHOUÉ(stock insuffisant)
INDIVIDUEL;BSK2609OF014968;2026-10-20;OUI
INDIVIDUEL;BSK2609OF014971;2026-10-20;ÉCHOUÉ(poste indispo)
INDIVIDUEL;BSK2609OF014972;2026-10-20;ÉCHOUÉ(stock insuffisant)
INDIVIDUEL;BSK2609OF014974;2026-10-20;ÉCHOUÉ(stock insuffisant)
INDIVIDUEL;BSK2609OF014975;2026-10-20;ÉCHOUÉ(stock insuffisant)
INDIVIDUEL;BSK2609OF014977;2026-10-20;NON
INDIVIDUEL;BSK2609OF014979;2026-10-20;OUI
INDIVIDUEL;BSK2609OF014980;2026-10-20;OUI
INDIVIDUEL;BSK2609OF014981;2026-10-20;OUI
INDIVIDUEL;BSK2609OF014982;2026-10-20;OUI
INDIVIDUEL;BSK2609OF014993;2026-10-20;NON
INDIVIDUEL;BSK2609OF014994;2026-10-20;NON
INDIVIDUEL;BSK2609OF014995;2026-10-20;NON
INDIVIDUEL;BSK2609OF015000;2026-10-20;NON
INDIVIDUEL;BSK2609OF015014;2026-10-20;NON
INDIVIDUEL;BSK2609OF015015;2026-10-20;ÉCHOUÉ(stock insuffisant)
INDIVIDUEL;BSK2609OF015016;2026-10-20;NON
INDIVIDUEL;BSK2609OF015017;2026-10-20;NON
INDIVIDUEL;BSK2609OF015018;2026-10-20;NON
INDIVIDUEL;BSK2609OF015020;2026-10-20;NON
INDIVIDUEL;BSK2609OF015021;2026-10-20;OUI
INDIVIDUEL;BSK2609OF015022;2026-10-20;OUI
INDIVIDUEL;BSK2609OF015023;2026-10-20;NON
INDIVIDUEL;BSK2609OF015024;2026-10-20;NON
INDIVIDUEL;BSK2609OF015025;2026-10-20;NON
INDIVIDUEL;BSK2609OF015028;2026-10-20;NON
INDIVIDUEL;BSK2609OF015029;2026-10-20;NON
INDIVIDUEL;BSK2609OF015053;2026-10-20;NON
INDIVIDUEL;BSK2609OF015054;2026-10-20;OUI
INDIVIDUEL;BSK2609OF015055;2026-10-20;NON
INDIVIDUEL;BSK2609OF015063;2026-10-20;ÉCHOUÉ(poste indispo)
INDIVIDUEL;BSK2609OF015064;2026-10-20;NON
INDIVIDUEL;BSK2609OF015065;2026-10-20;NON
INDIVIDUEL;BSK2609OF015066;2026-10-20;NON
INDIVIDUEL;BSK2609OF015067;2026-10-20;NON
INDIVIDUEL;BSK2609OF015085;2026-10-20;OUI
INDIVIDUEL;BSK2609OF015087;2026-10-20;NON
INDIVIDUEL;BSK2609OF015088;2026-10-20;NON
INDIVIDUEL;BSK2609OF015089;2026-10-20;OUI
INDIVIDUEL;BSK2609OF015090;2026-10-20;OUI
INDIVIDUEL;BSK2609OF015093;2026-10-20;OUI
INDIVIDUEL;BSK2609OF015094;2026-10-20;OUI
INDIVIDUEL;BSK2609OF015095;2026-10-20;OUI
INDIVIDUEL;BSK2609OF015096;2026-10-20;OUI
INDIVIDUEL;BSK2609OF015097;2026-10-20;ÉCHOUÉ(poste indispo)
INDIVIDUEL;BSK2609OF015099;2026-10-20;ÉCHOUÉ(stock insuffisant)
INDIVIDUEL;BSK2609OF015130;2026-10-20;NON
INDIVIDUEL;BSK2609OF015131;2026-10-20;NON
INDIVIDUEL;BSK2609OF015135;2026-10-20;OUI
INDIVIDUEL;BSK2609OF015233;2026-10-20;NON
INDIVIDUEL;BSK2609OF015237;2026-10-20;OUI
INDIVIDUEL;BSK2610OF012701;2026-10-20;OUI
INDIVIDUEL;BSK2610OF012702;2026-10-20;OUI
INDIVIDUEL;BSK2610OF012703;2026-10-20;OUI
INDIVIDUEL;BSK2610OF012704;2026-10-20;OUI
INDIVIDUEL;BSK2610OF012705;2026-10-20;OUI
INDIVIDUEL;BSK2610OF012706;2026-10-20;OUI
INDIVIDUEL;BSK2610OF012707;2026-10-20;OUI
INDIVIDUEL;BSK2610OF012807;2026-10-20;OUI
INDIVIDUEL;BSK2610OF012815;2026-10-20;OUI
INDIVIDUEL;BSK2609OF014703;2026-10-22;ÉCHOUÉ(poste indispo)
INDIVIDUEL;BSK2609OF014801;2026-10-22;ÉCHOUÉ(poste indispo)
INDIVIDUEL;BSK2609OF014880;2026-10-22;NON
INDIVIDUEL;BSK2609OF014908;2026-10-22;NON
INDIVIDUEL;BSK2610OF013546;2026-10-22;NON
INDIVIDUEL;BSK2610OF013547;2026-10-22;NON
INDIVIDUEL;BSK2609OF014543;2026-10-26;NON
INDIVIDUEL;BSK2611OF010986;2026-11-05;OUI
INDIVIDUEL;BSK2611OF010987;2026-11-05;OUI
INDIVIDUEL;BSK2611OF010862;2026-11-06;NON
INDIVIDUEL;BSK2611OF010863;2026-11-06;NON
GRP369;BSK2611OF010867;2026-11-20;ÉCHOUÉ(poste indispo)
GRP369;BSK2611OF010868;2026-11-20;ÉCHOUÉ(poste indispo)
GRP369;BSK2610OF013075;2026-11-09;OUI
GRP369;BSK2610OF013003;2026-11-19;OUI
GRP369;BSK2610OF013019;2026-11-19;OUI
GRP369;BSK2610OF013042;2026-11-19;OUI
GRP370;BSK2611OF010865;2026-11-20;ÉCHOUÉ(poste indispo)
GRP370;BSK2610OF012821;2026-11-09;OUI
GRP370;BSK2610OF012822;2026-11-19;OUI
GRP370;BSK2610OF013135;2026-11-19;ÉCHOUÉ(poste indispo)
INDIVIDUEL;BSK2610OF013043;2026-11-09;ÉCHOUÉ(poste indispo)
INDIVIDUEL;BSK2610OF013044;2026-11-09;ÉCHOUÉ(poste indispo)
INDIVIDUEL;BSK2609OF014590;2026-11-09;OUI
INDIVIDUEL;BSK2609OF014591;2026-11-09;OUI
INDIVIDUEL;BSK2609OF014592;2026-11-09;OUI
INDIVIDUEL;BSK2609OF014593;2026-11-09;NON
INDIVIDUEL;BSK2609OF014922;2026-11-09;OUI
INDIVIDUEL;BSK2610OF012808;2026-11-09;OUI
INDIVIDUEL;BSK2610OF012814;2026-11-09;OUI
INDIVIDUEL;BSK2610OF013269;2026-11-09;OUI
GRP371;BSK2611OF010777;2026-11-20;ÉCHOUÉ(poste indispo)
GRP371;BSK2611OF010778;2026-11-20;ÉCHOUÉ(poste indispo)
GRP371;BSK2611OF010779;2026-11-20;ÉCHOUÉ(poste indispo)
GRP371;BSK2610OF013297;2026-11-10;ÉCHOUÉ(poste indispo)
GRP371;BSK2610OF013298;2026-11-10;ÉCHOUÉ(poste indispo)
GRP371;BSK2610OF013299;2026-11-10;ÉCHOUÉ(poste indispo)
GRP371;BSK2610OF013300;2026-11-10;ÉCHOUÉ(poste indispo)
GRP371;BSK2610OF013301;2026-11-10;ÉCHOUÉ(poste indispo)
GRP371;BSK2610OF013302;2026-11-10;ÉCHOUÉ(poste indispo)
GRP371;BSK2610OF012883;2026-11-19;NON
GRP371;BSK2610OF012884;2026-11-19;NON
GRP371;BSK2610OF012919;2026-11-19;NON
GRP371;BSK2610OF013234;2026-11-19;NON
GRP371;BSK2610OF013235;2026-11-19;ÉCHOUÉ(poste indispo)
GRP371;BSK2610OF013236;2026-11-19;ÉCHOUÉ(poste indispo)
GRP371;BSK2610OF013237;2026-11-19;ÉCHOUÉ(poste indispo)
GRP371;BSK2610OF013238;2026-11-19;ÉCHOUÉ(poste indispo)
GRP371;BSK2610OF013239;2026-11-19;ÉCHOUÉ(poste indispo)
GRP371;BSK2610OF013240;2026-11-19;ÉCHOUÉ(poste indispo)
GRP371;BSK2610OF013241;2026-11-19;ÉCHOUÉ(poste indispo)
GRP371;BSK2610OF013242;2026-11-19;ÉCHOUÉ(poste indispo)
GRP371;BSK2610OF013243;2026-11-19;ÉCHOUÉ(poste indispo)
GRP371;BSK2610OF013244;2026-11-19;NON
GRP372;BSK2611OF010924;2026-11-12;NON
GRP372;BSK2610OF012848;2026-11-10;OUI
GRP372;BSK2610OF012849;2026-11-10;OUI
GRP372;BSK2610OF012850;2026-11-10;OUI
GRP372;BSK2610OF012851;2026-11-10;OUI
GRP372;BSK2610OF012852;2026-11-10;OUI
GRP372;BSK2610OF012853;2026-11-10;NON
GRP372;BSK2610OF012854;2026-11-10;NON
GRP372;BSK2610OF012855;2026-11-10;NON
GRP372;BSK2610OF012856;2026-11-10;NON
GRP372;BSK2610OF012857;2026-11-10;NON
GRP372;BSK2610OF012858;2026-11-10;NON
GRP372;BSK2610OF012859;2026-11-10;NON
GRP372;BSK2610OF012860;2026-11-10;NON
GRP372;BSK2610OF012920;2026-11-19;OUI
GRP372;BSK2610OF012921;2026-11-19;OUI
INDIVIDUEL;BSK2609OF014916;2026-11-10;ÉCHOUÉ(stock insuffisant)
INDIVIDUEL;BSK2609OF014917;2026-11-10;ÉCHOUÉ(stock insuffisant)
INDIVIDUEL;BSK2609OF014918;2026-11-10;ÉCHOUÉ(stock insuffisant)
INDIVIDUEL;BSK2609OF014919;2026-11-10;ÉCHOUÉ(stock insuffisant)
INDIVIDUEL;BSK2609OF014920;2026-11-10;ÉCHOUÉ(stock insuffisant)
INDIVIDUEL;BSK2609OF014921;2026-11-10;ÉCHOUÉ(stock insuffisant)
INDIVIDUEL;BSK2609OF015247;2026-11-10;NON
INDIVIDUEL;BSK2610OF012809;2026-11-10;OUI
INDIVIDUEL;BSK2610OF012810;2026-11-10;OUI
INDIVIDUEL;BSK2610OF012811;2026-11-10;OUI
INDIVIDUEL;BSK2610OF012812;2026-11-10;OUI
INDIVIDUEL;BSK2610OF012813;2026-11-10;OUI
INDIVIDUEL;BSK2610OF012816;2026-11-10;OUI
INDIVIDUEL;BSK2610OF013193;2026-11-10;OUI
INDIVIDUEL;BSK2610OF013287;2026-11-10;OUI
INDIVIDUEL;BSK2610OF013288;2026-11-10;OUI
INDIVIDUEL;BSK2610OF013289;2026-11-10;OUI
INDIVIDUEL;BSK2610OF013290;2026-11-10;OUI
INDIVIDUEL;BSK2610OF013291;2026-11-10;OUI
INDIVIDUEL;BSK2610OF013292;2026-11-10;NON
INDIVIDUEL;BSK2610OF013293;2026-11-10;NON
INDIVIDUEL;BSK2610OF013294;2026-11-10;NON
INDIVIDUEL;BSK2610OF013295;2026-11-10;NON
INDIVIDUEL;BSK2610OF013296;2026-11-10;NON
INDIVIDUEL;BSK2611OF010836;2026-11-10;ÉCHOUÉ(poste indispo)
GRP373;BSK2611OF010923;2026-11-20;NON
GRP373;BSK2610OF013120;2026-11-11;OUI
GRP373;BSK2610OF012820;2026-11-19;NON
GRP373;BSK2610OF012925;2026-11-19;NON
GRP373;BSK2610OF012987;2026-11-19;NON
GRP373;BSK2610OF012998;2026-11-19;NON
INDIVIDUEL;BSK2611OF010973;2026-11-11;ÉCHOUÉ(poste indispo)
INDIVIDUEL;BSK2611OF010974;2026-11-11;ÉCHOUÉ(poste indispo)
INDIVIDUEL;BSK2611OF010975;2026-11-11;ÉCHOUÉ(poste indispo)
INDIVIDUEL;BSK2611OF010985;2026-11-11;ÉCHOUÉ(poste indispo)
INDIVIDUEL;BSK2610OF012943;2026-11-16;OUI
INDIVIDUEL;BSK2610OF013246;2026-11-16;ÉCHOUÉ(stock insuffisant)
INDIVIDUEL;BSK2610OF013247;2026-11-16;ÉCHOUÉ(stock insuffisant)
GRP374;BSK2611OF010750;2026-11-20;ÉCHOUÉ(poste indispo)
GRP374;BSK2611OF010751;2026-11-20;ÉCHOUÉ(poste indispo)
GRP374;BSK2611OF010752;2026-11-20;ÉCHOUÉ(poste indispo)
GRP374;BSK2611OF010753;2026-11-20;ÉCHOUÉ(poste indispo)
GRP374;BSK2611OF010754;2026-11-20;ÉCHOUÉ(poste indispo)
GRP374;BSK2611OF010755;2026-11-20;ÉCHOUÉ(poste indispo)
GRP374;BSK2611OF010756;2026-11-20;ÉCHOUÉ(poste indispo)
GRP374;BSK2610OF013090;2026-11-19;OUI
GRP375;BSK2612OF006237;2026-12-11;OUI
GRP375;BSK2612OF006238;2026-12-11;OUI
GRP375;BSK2612OF006239;2026-12-11;OUI
GRP375;BSK2612OF006240;2026-12-11;OUI
GRP375;BSK2612OF006241;2026-12-11;OUI
GRP375;BSK2612OF006242;2026-12-11;OUI
GRP375;BSK2612OF006243;2026-12-11;OUI
GRP375;BSK2612OF006244;2026-12-11;OUI
GRP375;BSK2612OF006245;2026-12-11;OUI
GRP375;BSK2612OF006246;2026-12-11;OUI
GRP375;BSK2612OF006247;2026-12-11;OUI
GRP375;BSK2610OF012924;2026-11-19;OUI
GRP375;BSK2610OF013225;2026-11-19;OUI
GRP375;BSK2611OF010398;2026-12-10;OUI
GRP375;BSK2611OF010399;2026-12-10;OUI
GRP375;BSK2611OF010400;2026-12-10;OUI
GRP375;BSK2611OF010401;2026-12-10;OUI
GRP375;BSK2611OF010402;2026-12-10;OUI
GRP375;BSK2611OF010403;2026-12-10;OUI
GRP375;BSK2611OF010404;2026-12-10;OUI
GRP376;BSK2611OF010844;2026-11-20;ÉCHOUÉ(poste indispo)
GRP376;BSK2611OF010845;2026-11-20;ÉCHOUÉ(poste indispo)
GRP376;BSK2611OF010846;2026-11-20;ÉCHOUÉ(poste indispo)
GRP376;BSK2611OF010847;2026-11-20;ÉCHOUÉ(poste indispo)
GRP376;BSK2611OF010848;2026-11-20;ÉCHOUÉ(poste indispo)
GRP376;BSK2611OF010849;2026-11-20;ÉCHOUÉ(poste indispo)
GRP376;BSK2611OF010850;2026-11-20;ÉCHOUÉ(poste indispo)
GRP376;BSK2611OF010851;2026-11-20;ÉCHOUÉ(poste indispo)
GRP376;BSK2611OF010852;2026-11-20;ÉCHOUÉ(poste indispo)
GRP376;BSK2611OF010853;2026-11-20;ÉCHOUÉ(poste indispo)
GRP376;BSK2611OF010854;2026-11-20;ÉCHOUÉ(poste indispo)
GRP376;BSK2611OF010855;2026-11-20;ÉCHOUÉ(poste indispo)
GRP376;BSK2611OF010856;2026-11-20;ÉCHOUÉ(poste indispo)
GRP376;BSK2611OF010857;2026-11-20;ÉCHOUÉ(poste indispo)
GRP376;BSK2611OF010858;2026-11-20;ÉCHOUÉ(poste indispo)
GRP376;BSK2611OF010859;2026-11-20;ÉCHOUÉ(poste indispo)
GRP376;BSK2610OF012972;2026-11-19;ÉCHOUÉ(poste indispo)
GRP376;BSK2610OF012973;2026-11-19;ÉCHOUÉ(poste indispo)
GRP376;BSK2610OF012974;2026-11-19;ÉCHOUÉ(poste indispo)
GRP376;BSK2610OF012975;2026-11-19;OUI
GRP376;BSK2610OF013011;2026-11-19;OUI
GRP376;BSK2611OF010616;2026-12-10;NON
GRP377;BSK2611OF010874;2026-11-20;ÉCHOUÉ(poste indispo)
GRP377;BSK2610OF012918;2026-11-19;OUI
GRP377;BSK2610OF013233;2026-11-19;ÉCHOUÉ(stock insuffisant)
GRP378;BSK2612OF006152;2026-12-09;NON
GRP378;BSK2610OF013097;2026-11-19;ÉCHOUÉ(poste indispo)
GRP379;BSK2612OF006134;2026-12-09;ÉCHOUÉ(poste indispo)
GRP379;BSK2610OF013259;2026-11-19;OUI
GRP380;BSK2612OF006136;2026-12-09;NON
GRP380;BSK2610OF013039;2026-11-19;NON
GRP380;BSK2610OF013040;2026-11-19;ÉCHOUÉ(poste indispo)
GRP380;BSK2610OF013261;2026-11-19;NON
GRP381;BSK2611OF010706;2026-11-20;ÉCHOUÉ(poste indispo)
GRP381;BSK2610OF013134;2026-11-19;ÉCHOUÉ(stock insuffisant)
GRP382;BSK2612OF006149;2026-12-09;NON
GRP382;BSK2610OF012995;2026-11-19;ÉCHOUÉ(poste indispo)
GRP383;BSK2611OF010931;2026-11-20;OUI
GRP383;BSK2611OF010932;2026-11-20;OUI
GRP383;BSK2611OF010933;2026-11-20;OUI
GRP383;BSK2610OF013248;2026-11-19;OUI
GRP384;BSK2611OF010757;2026-11-20;ÉCHOUÉ(poste indispo)
GRP384;BSK2610OF013273;2026-11-19;OUI
GRP385;BSK2611OF010764;2026-11-20;ÉCHOUÉ(poste indispo)
GRP385;BSK2611OF010765;2026-11-20;ÉCHOUÉ(poste indispo)
GRP385;BSK2611OF010766;2026-11-20;ÉCHOUÉ(poste indispo)
GRP385;BSK2611OF010767;2026-11-20;ÉCHOUÉ(poste indispo)
GRP385;BSK2611OF010768;2026-11-20;ÉCHOUÉ(poste indispo)
GRP385;BSK2611OF010769;2026-11-20;ÉCHOUÉ(poste indispo)
GRP385;BSK2610OF012888;2026-11-19;OUI
GRP385;BSK2610OF012966;2026-11-19;NON
GRP385;BSK2610OF013226;2026-11-19;NON
GRP385;BSK2610OF013227;2026-11-19;NON
GRP385;BSK2610OF013228;2026-11-19;NON
GRP385;BSK2610OF013229;2026-11-19;ÉCHOUÉ(poste indispo)
GRP385;BSK2610OF013230;2026-11-19;NON
GRP386;BSK2611OF010860;2026-11-20;ÉCHOUÉ(poste indispo)
GRP386;BSK2611OF010861;2026-11-20;ÉCHOUÉ(poste indispo)
GRP386;BSK2610OF012976;2026-11-19;NON
GRP386;BSK2610OF012977;2026-11-19;NON
GRP386;BSK2610OF013010;2026-11-19;NON
GRP386;BSK2610OF013071;2026-11-19;NON
GRP388;BSK2612OF006142;2026-12-09;NON
GRP388;BSK2612OF006143;2026-12-09;ÉCHOUÉ(poste indispo)
GRP388;BSK2610OF012777;2026-11-19;OUI
GRP388;BSK2610OF012981;2026-11-19;OUI
GRP389;BSK2611OF010837;2026-11-20;ÉCHOUÉ(poste indispo)
GRP389;BSK2611OF010838;2026-11-20;ÉCHOUÉ(poste indispo)
GRP389;BSK2611OF010839;2026-11-20;ÉCHOUÉ(poste indispo)
GRP389;BSK2611OF010840;2026-11-20;ÉCHOUÉ(poste indispo)
GRP389;BSK2611OF010841;2026-11-20;ÉCHOUÉ(poste indispo)
GRP389;BSK2611OF010842;2026-11-20;ÉCHOUÉ(poste indispo)
GRP389;BSK2611OF010843;2026-11-20;ÉCHOUÉ(poste indispo)
GRP389;BSK2610OF012891;2026-11-19;ÉCHOUÉ(poste indispo)
GRP390;BSK2611OF010707;2026-11-20;ÉCHOUÉ(poste indispo)
GRP390;BSK2610OF013133;2026-11-19;OUI
GRP391;BSK2611OF010828;2026-11-20;ÉCHOUÉ(poste indispo)
GRP391;BSK2610OF013277;2026-11-19;OUI
INDIVIDUEL;BSK2610OF013045;2026-11-19;OUI
INDIVIDUEL;BSK2610OF012708;2026-11-19;OUI
INDIVIDUEL;BSK2610OF012778;2026-11-19;OUI
INDIVIDUEL;BSK2610OF012983;2026-11-19;OUI
INDIVIDUEL;BSK2610OF013009;2026-11-19;NON
INDIVIDUEL;BSK2610OF013022;2026-11-19;NON
INDIVIDUEL;BSK2610OF013076;2026-11-19;NON
INDIVIDUEL;BSK2610OF013077;2026-11-19;NON
INDIVIDUEL;BSK2610OF013113;2026-11-19;NON
INDIVIDUEL;BSK2610OF013114;2026-11-19;NON
INDIVIDUEL;BSK2610OF013115;2026-11-19;NON
INDIVIDUEL;BSK2610OF013116;2026-11-19;NON
INDIVIDUEL;BSK2610OF013146;2026-11-19;OUI
INDIVIDUEL;BSK2610OF013147;2026-11-19;OUI
INDIVIDUEL;BSK2610OF013148;2026-11-19;OUI
INDIVIDUEL;BSK2610OF013149;2026-11-19;OUI
INDIVIDUEL;BSK2610OF013150;2026-11-19;OUI
INDIVIDUEL;BSK2610OF013151;2026-11-19;OUI
INDIVIDUEL;BSK2610OF013152;2026-11-19;OUI
INDIVIDUEL;BSK2610OF013153;2026-11-19;OUI
INDIVIDUEL;BSK2610OF013154;2026-11-19;OUI
INDIVIDUEL;BSK2610OF013155;2026-11-19;OUI
INDIVIDUEL;BSK2610OF013201;2026-11-19;OUI
INDIVIDUEL;BSK2610OF013202;2026-11-19;OUI
INDIVIDUEL;BSK2610OF013256;2026-11-19;OUI
INDIVIDUEL;BSK2610OF012989;2026-11-19;ÉCHOUÉ(poste indispo)
INDIVIDUEL;BSK2610OF013004;2026-11-19;ÉCHOUÉ(poste indispo)
INDIVIDUEL;BSK2610OF013020;2026-11-19;OUI
INDIVIDUEL;BSK2610OF012709;2026-11-19;OUI
INDIVIDUEL;BSK2610OF012710;2026-11-19;OUI
INDIVIDUEL;BSK2610OF012711;2026-11-19;OUI
INDIVIDUEL;BSK2610OF012712;2026-11-19;OUI
INDIVIDUEL;BSK2610OF012713;2026-11-19;OUI
INDIVIDUEL;BSK2610OF012714;2026-11-19;OUI
INDIVIDUEL;BSK2610OF012715;2026-11-19;OUI
INDIVIDUEL;BSK2610OF012716;2026-11-19;OUI
INDIVIDUEL;BSK2610OF012717;2026-11-19;OUI
INDIVIDUEL;BSK2610OF012718;2026-11-19;OUI
INDIVIDUEL;BSK2610OF012719;2026-11-19;OUI
INDIVIDUEL;BSK2610OF012720;2026-11-19;OUI
INDIVIDUEL;BSK2610OF012721;2026-11-19;NON
INDIVIDUEL;BSK2610OF012722;2026-11-19;NON
INDIVIDUEL;BSK2610OF012723;2026-11-19;NON
INDIVIDUEL;BSK2610OF012724;2026-11-19;NON
INDIVIDUEL;BSK2610OF012725;2026-11-19;NON
INDIVIDUEL;BSK2610OF012726;2026-11-19;NON
INDIVIDUEL;BSK2610OF012727;2026-11-19;NON
INDIVIDUEL;BSK2610OF012728;2026-11-19;NON
INDIVIDUEL;BSK2610OF012729;2026-11-19;ÉCHOUÉ(poste indispo)
INDIVIDUEL;BSK2610OF012730;2026-11-19;ÉCHOUÉ(poste indispo)
INDIVIDUEL;BSK2610OF012731;2026-11-19;ÉCHOUÉ(poste indispo)
INDIVIDUEL;BSK2610OF012732;2026-11-19;ÉCHOUÉ(poste indispo)
INDIVIDUEL;BSK2610OF012733;2026-11-19;ÉCHOUÉ(poste indispo)
INDIVIDUEL;BSK2610OF012734;2026-11-19;NON
INDIVIDUEL;BSK2610OF012735;2026-11-19;NON
INDIVIDUEL;BSK2610OF012736;2026-11-19;NON
INDIVIDUEL;BSK2610OF012737;2026-11-19;NON
INDIVIDUEL;BSK2610OF012738;2026-11-19;NON
INDIVIDUEL;BSK2610OF012739;2026-11-19;NON
INDIVIDUEL;BSK2610OF012740;2026-11-19;NON
INDIVIDUEL;BSK2610OF012741;2026-11-19;NON
INDIVIDUEL;BSK2610OF012742;2026-11-19;NON
INDIVIDUEL;BSK2610OF012743;2026-11-19;NON
INDIVIDUEL;BSK2610OF012744;2026-11-19;NON
INDIVIDUEL;BSK2610OF012745;2026-11-19;NON
INDIVIDUEL;BSK2610OF012746;2026-11-19;NON
INDIVIDUEL;BSK2610OF012747;2026-11-19;NON
INDIVIDUEL;BSK2610OF012748;2026-11-19;NON
INDIVIDUEL;BSK2610OF012749;2026-11-19;NON
INDIVIDUEL;BSK2610OF012750;2026-11-19;NON
INDIVIDUEL;BSK2610OF012751;2026-11-19;NON
INDIVIDUEL;BSK2610OF012752;2026-11-19;NON
INDIVIDUEL;BSK2610OF012753;2026-11-19;NON
INDIVIDUEL;BSK2610OF012754;2026-11-19;NON
INDIVIDUEL;BSK2610OF012755;2026-11-19;NON
INDIVIDUEL;BSK2610OF012756;2026-11-19;NON
INDIVIDUEL;BSK2610OF012757;2026-11-19;NON
INDIVIDUEL;BSK2610OF012758;2026-11-19;NON
INDIVIDUEL;BSK2610OF012759;2026-11-19;NON
INDIVIDUEL;BSK2610OF012760;2026-11-19;NON
INDIVIDUEL;BSK2610OF012761;2026-11-19;NON
INDIVIDUEL;BSK2610OF012762;2026-11-19;NON
INDIVIDUEL;BSK2610OF012763;2026-11-19;NON
INDIVIDUEL;BSK2610OF012764;2026-11-19;NON
INDIVIDUEL;BSK2610OF012765;2026-11-19;NON
INDIVIDUEL;BSK2610OF012766;2026-11-19;NON
INDIVIDUEL;BSK2610OF012767;2026-11-19;NON
INDIVIDUEL;BSK2610OF012768;2026-11-19;NON
INDIVIDUEL;BSK2610OF012769;2026-11-19;NON
INDIVIDUEL;BSK2610OF012770;2026-11-19;NON
INDIVIDUEL;BSK2610OF012771;2026-11-19;NON
INDIVIDUEL;BSK2610OF012772;2026-11-19;NON
INDIVIDUEL;BSK2610OF012773;2026-11-19;NON
INDIVIDUEL;BSK2610OF012774;2026-11-19;NON
INDIVIDUEL;BSK2610OF012775;2026-11-19;NON
INDIVIDUEL;BSK2610OF012776;2026-11-19;NON
INDIVIDUEL;BSK2610OF012779;2026-11-19;OUI
INDIVIDUEL;BSK2610OF012780;2026-11-19;OUI
INDIVIDUEL;BSK2610OF012781;2026-11-19;OUI
INDIVIDUEL;BSK2610OF012782;2026-11-19;OUI
INDIVIDUEL;BSK2610OF012783;2026-11-19;OUI
INDIVIDUEL;BSK2610OF012784;2026-11-19;OUI
INDIVIDUEL;BSK2610OF012802;2026-11-19;OUI
INDIVIDUEL;BSK2610OF012803;2026-11-19;OUI
INDIVIDUEL;BSK2610OF012804;2026-11-19;NON
INDIVIDUEL;BSK2610OF012805;2026-11-19;NON
INDIVIDUEL;BSK2610OF012806;2026-11-19;OUI
INDIVIDUEL;BSK2610OF012817;2026-11-19;OUI
INDIVIDUEL;BSK2610OF012818;2026-11-19;ÉCHOUÉ(poste indispo)
INDIVIDUEL;BSK2610OF012819;2026-11-19;OUI
INDIVIDUEL;BSK2610OF012830;2026-11-19;OUI
INDIVIDUEL;BSK2610OF012831;2026-11-19;OUI
INDIVIDUEL;BSK2610OF012832;2026-11-19;OUI
INDIVIDUEL;BSK2610OF012833;2026-11-19;OUI
INDIVIDUEL;BSK2610OF012834;2026-11-19;OUI
INDIVIDUEL;BSK2610OF012835;2026-11-19;OUI
INDIVIDUEL;BSK2610OF012836;2026-11-19;OUI
INDIVIDUEL;BSK2610OF012837;2026-11-19;OUI
INDIVIDUEL;BSK2610OF012838;2026-11-19;OUI
INDIVIDUEL;BSK2610OF012839;2026-11-19;OUI
INDIVIDUEL;BSK2610OF012840;2026-11-19;OUI
INDIVIDUEL;BSK2610OF012841;2026-11-19;OUI
INDIVIDUEL;BSK2610OF012842;2026-11-19;OUI
INDIVIDUEL;BSK2610OF012843;2026-11-19;OUI
INDIVIDUEL;BSK2610OF012844;2026-11-19;NON
INDIVIDUEL;BSK2610OF012861;2026-11-19;NON
INDIVIDUEL;BSK2610OF012862;2026-11-19;NON
INDIVIDUEL;BSK2610OF012863;2026-11-19;NON
INDIVIDUEL;BSK2610OF012864;2026-11-19;NON
INDIVIDUEL;BSK2610OF012865;2026-11-19;NON
INDIVIDUEL;BSK2610OF012866;2026-11-19;NON
INDIVIDUEL;BSK2610OF012867;2026-11-19;NON
INDIVIDUEL;BSK2610OF012868;2026-11-19;NON
INDIVIDUEL;BSK2610OF012869;2026-11-19;NON
INDIVIDUEL;BSK2610OF012870;2026-11-19;NON
INDIVIDUEL;BSK2610OF012871;2026-11-19;NON
INDIVIDUEL;BSK2610OF012872;2026-11-19;NON
INDIVIDUEL;BSK2610OF012873;2026-11-19;NON
INDIVIDUEL;BSK2610OF012874;2026-11-19;NON
INDIVIDUEL;BSK2610OF012875;2026-11-19;NON
INDIVIDUEL;BSK2610OF012876;2026-11-19;NON
INDIVIDUEL;BSK2610OF012877;2026-11-19;NON
INDIVIDUEL;BSK2610OF012878;2026-11-19;NON
INDIVIDUEL;BSK2610OF012879;2026-11-19;NON
INDIVIDUEL;BSK2610OF012880;2026-11-19;NON
INDIVIDUEL;BSK2610OF012881;2026-11-19;NON
INDIVIDUEL;BSK2610OF012882;2026-11-19;NON
INDIVIDUEL;BSK2610OF012885;2026-11-19;OUI
INDIVIDUEL;BSK2610OF012886;2026-11-19;ÉCHOUÉ(poste indispo)
INDIVIDUEL;BSK2610OF012887;2026-11-19;NON
INDIVIDUEL;BSK2610OF012889;2026-11-19;OUI
INDIVIDUEL;BSK2610OF012894;2026-11-19;OUI
INDIVIDUEL;BSK2610OF012895;2026-11-19;OUI
INDIVIDUEL;BSK2610OF012897;2026-11-19;OUI
INDIVIDUEL;BSK2610OF012898;2026-11-19;OUI
INDIVIDUEL;BSK2610OF012907;2026-11-19;OUI
INDIVIDUEL;BSK2610OF012908;2026-11-19;NON
INDIVIDUEL;BSK2610OF012909;2026-11-19;OUI
INDIVIDUEL;BSK2610OF012910;2026-11-19;OUI
INDIVIDUEL;BSK2610OF012911;2026-11-19;OUI
INDIVIDUEL;BSK2610OF012912;2026-11-19;OUI
INDIVIDUEL;BSK2610OF012913;2026-11-19;OUI
INDIVIDUEL;BSK2610OF012914;2026-11-19;OUI
INDIVIDUEL;BSK2610OF012915;2026-11-19;NON
INDIVIDUEL;BSK2610OF012916;2026-11-19;ÉCHOUÉ(poste indispo)
INDIVIDUEL;BSK2610OF012917;2026-11-19;ÉCHOUÉ(poste indispo)
INDIVIDUEL;BSK2610OF012922;2026-11-19;OUI
INDIVIDUEL;BSK2610OF012923;2026-11-19;OUI
INDIVIDUEL;BSK2610OF012928;2026-11-19;OUI
INDIVIDUEL;BSK2610OF012931;2026-11-19;OUI
INDIVIDUEL;BSK2610OF012932;2026-11-19;OUI
INDIVIDUEL;BSK2610OF012933;2026-11-19;ÉCHOUÉ(poste indispo)
INDIVIDUEL;BSK2610OF012934;2026-11-19;OUI
INDIVIDUEL;BSK2610OF012935;2026-11-19;ÉCHOUÉ(stock insuffisant)
INDIVIDUEL;BSK2610OF012936;2026-11-19;NON
INDIVIDUEL;BSK2610OF012937;2026-11-19;NON
INDIVIDUEL;BSK2610OF012941;2026-11-19;ÉCHOUÉ(stock insuffisant)
INDIVIDUEL;BSK2610OF012965;2026-11-19;OUI
INDIVIDUEL;BSK2610OF012967;2026-11-19;NON
INDIVIDUEL;BSK2610OF012968;2026-11-19;OUI
INDIVIDUEL;BSK2610OF012969;2026-11-19;ÉCHOUÉ(stock insuffisant)
INDIVIDUEL;BSK2610OF012970;2026-11-19;ÉCHOUÉ(stock insuffisant)
INDIVIDUEL;BSK2610OF012971;2026-11-19;ÉCHOUÉ(stock insuffisant)
INDIVIDUEL;BSK2610OF012980;2026-11-19;NON
INDIVIDUEL;BSK2610OF012982;2026-11-19;OUI
INDIVIDUEL;BSK2610OF012985;2026-11-19;ÉCHOUÉ(poste indispo)
INDIVIDUEL;BSK2610OF012986;2026-11-19;ÉCHOUÉ(poste indispo)
INDIVIDUEL;BSK2610OF012988;2026-11-19;OUI
INDIVIDUEL;BSK2610OF012991;2026-11-19;OUI
INDIVIDUEL;BSK2610OF012992;2026-11-19;OUI
INDIVIDUEL;BSK2610OF012993;2026-11-19;OUI
INDIVIDUEL;BSK2610OF012994;2026-11-19;OUI
INDIVIDUEL;BSK2610OF012996;2026-11-19;OUI
INDIVIDUEL;BSK2610OF012999;2026-11-19;OUI
INDIVIDUEL;BSK2610OF013000;2026-11-19;OUI
INDIVIDUEL;BSK2610OF013001;2026-11-19;OUI
INDIVIDUEL;BSK2610OF013005;2026-11-19;OUI
INDIVIDUEL;BSK2610OF013006;2026-11-19;NON
INDIVIDUEL;BSK2610OF013007;2026-11-19;OUI
INDIVIDUEL;BSK2610OF013008;2026-11-19;NON
INDIVIDUEL;BSK2610OF013014;2026-11-19;OUI
INDIVIDUEL;BSK2610OF013015;2026-11-19;NON
INDIVIDUEL;BSK2610OF013016;2026-11-19;OUI
INDIVIDUEL;BSK2610OF013017;2026-11-19;OUI
INDIVIDUEL;BSK2610OF013018;2026-11-19;NON
INDIVIDUEL;BSK2610OF013024;2026-11-19;OUI
INDIVIDUEL;BSK2610OF013025;2026-11-19;OUI
INDIVIDUEL;BSK2610OF013026;2026-11-19;OUI
INDIVIDUEL;BSK2610OF013027;2026-11-19;OUI
INDIVIDUEL;BSK2610OF013028;2026-11-19;OUI
INDIVIDUEL;BSK2610OF013029;2026-11-19;OUI
INDIVIDUEL;BSK2610OF013030;2026-11-19;OUI
INDIVIDUEL;BSK2610OF013033;2026-11-19;OUI
INDIVIDUEL;BSK2610OF013035;2026-11-19;NON
INDIVIDUEL;BSK2610OF013036;2026-11-19;NON
INDIVIDUEL;BSK2610OF013037;2026-11-19;OUI
INDIVIDUEL;BSK2610OF013047;2026-11-19;OUI
INDIVIDUEL;BSK2610OF013048;2026-11-19;NON
INDIVIDUEL;BSK2610OF013050;2026-11-19;NON
INDIVIDUEL;BSK2610OF013051;2026-11-19;NON
INDIVIDUEL;BSK2610OF013052;2026-11-19;NON
INDIVIDUEL;BSK2610OF013053;2026-11-19;NON
INDIVIDUEL;BSK2610OF013054;2026-11-19;NON
INDIVIDUEL;BSK2610OF013055;2026-11-19;NON
INDIVIDUEL;BSK2610OF013056;2026-11-19;NON
INDIVIDUEL;BSK2610OF013057;2026-11-19;NON
INDIVIDUEL;BSK2610OF013058;2026-11-19;NON
INDIVIDUEL;BSK2610OF013059;2026-11-19;NON
INDIVIDUEL;BSK2610OF013060;2026-11-19;NON
INDIVIDUEL;BSK2610OF013061;2026-11-19;NON
INDIVIDUEL;BSK2610OF013062;2026-11-19;NON
INDIVIDUEL;BSK2610OF013063;2026-11-19;NON
INDIVIDUEL;BSK2610OF013064;2026-11-19;NON
INDIVIDUEL;BSK2610OF013065;2026-11-19;NON
INDIVIDUEL;BSK2610OF013066;2026-11-19;NON
INDIVIDUEL;BSK2610OF013067;2026-11-19;NON
INDIVIDUEL;BSK2610OF013068;2026-11-19;NON
INDIVIDUEL;BSK2610OF013069;2026-11-19;NON
INDIVIDUEL;BSK2610OF013070;2026-11-19;NON
INDIVIDUEL;BSK2610OF013072;2026-11-19;OUI
INDIVIDUEL;BSK2610OF013073;2026-11-19;OUI
INDIVIDUEL;BSK2610OF013074;2026-11-19;NON
INDIVIDUEL;BSK2610OF013078;2026-11-19;NON
INDIVIDUEL;BSK2610OF013079;2026-11-19;NON
INDIVIDUEL;BSK2610OF013080;2026-11-19;NON
INDIVIDUEL;BSK2610OF013081;2026-11-19;OUI
INDIVIDUEL;BSK2610OF013082;2026-11-19;OUI
INDIVIDUEL;BSK2610OF013083;2026-11-19;OUI
INDIVIDUEL;BSK2610OF013084;2026-11-19;OUI
INDIVIDUEL;BSK2610OF013085;2026-11-19;OUI
INDIVIDUEL;BSK2610OF013086;2026-11-19;OUI
INDIVIDUEL;BSK2610OF013091;2026-11-19;OUI
INDIVIDUEL;BSK2610OF013092;2026-11-19;OUI
INDIVIDUEL;BSK2610OF013093;2026-11-19;OUI
INDIVIDUEL;BSK2610OF013096;2026-11-19;OUI
INDIVIDUEL;BSK2610OF013103;2026-11-19;OUI
INDIVIDUEL;BSK2610OF013104;2026-11-19;ÉCHOUÉ(stock insuffisant)
INDIVIDUEL;BSK2610OF013105;2026-11-19;ÉCHOUÉ(stock insuffisant)
INDIVIDUEL;BSK2610OF013106;2026-11-19;ÉCHOUÉ(stock insuffisant)
INDIVIDUEL;BSK2610OF013107;2026-11-19;ÉCHOUÉ(stock insuffisant)
INDIVIDUEL;BSK2610OF013108;2026-11-19;ÉCHOUÉ(stock insuffisant)
INDIVIDUEL;BSK2610OF013109;2026-11-19;ÉCHOUÉ(stock insuffisant)
INDIVIDUEL;BSK2610OF013110;2026-11-19;ÉCHOUÉ(stock insuffisant)
INDIVIDUEL;BSK2610OF013111;2026-11-19;ÉCHOUÉ(stock insuffisant)
INDIVIDUEL;BSK2610OF013112;2026-11-19;ÉCHOUÉ(stock insuffisant)
INDIVIDUEL;BSK2610OF013117;2026-11-19;OUI
INDIVIDUEL;BSK2610OF013118;2026-11-19;OUI
INDIVIDUEL;BSK2610OF013119;2026-11-19;OUI
INDIVIDUEL;BSK2610OF013123;2026-11-19;NON
INDIVIDUEL;BSK2610OF013124;2026-11-19;NON
INDIVIDUEL;BSK2610OF013125;2026-11-19;NON
INDIVIDUEL;BSK2610OF013126;2026-11-19;NON
INDIVIDUEL;BSK2610OF013127;2026-11-19;OUI
INDIVIDUEL;BSK2610OF013130;2026-11-19;NON
INDIVIDUEL;BSK2610OF013131;2026-11-19;ÉCHOUÉ(stock insuffisant)
INDIVIDUEL;BSK2610OF013132;2026-11-19;ÉCHOUÉ(stock insuffisant)
INDIVIDUEL;BSK2610OF013136;2026-11-19;NON
INDIVIDUEL;BSK2610OF013137;2026-11-19;ÉCHOUÉ(stock insuffisant)
INDIVIDUEL;BSK2610OF013139;2026-11-19;ÉCHOUÉ(stock insuffisant)
INDIVIDUEL;BSK2610OF013140;2026-11-19;ÉCHOUÉ(stock insuffisant)
INDIVIDUEL;BSK2610OF013141;2026-11-19;OUI
INDIVIDUEL;BSK2610OF013142;2026-11-19;OUI
INDIVIDUEL;BSK2610OF013143;2026-11-19;OUI
INDIVIDUEL;BSK2610OF013156;2026-11-19;OUI
INDIVIDUEL;BSK2610OF013157;2026-11-19;NON
INDIVIDUEL;BSK2610OF013158;2026-11-19;NON
INDIVIDUEL;BSK2610OF013159;2026-11-19;NON
INDIVIDUEL;BSK2610OF013160;2026-11-19;ÉCHOUÉ(stock insuffisant)
INDIVIDUEL;BSK2610OF013161;2026-11-19;OUI
INDIVIDUEL;BSK2610OF013162;2026-11-19;ÉCHOUÉ(stock insuffisant)
INDIVIDUEL;BSK2610OF013163;2026-11-19;ÉCHOUÉ(stock insuffisant)
INDIVIDUEL;BSK2610OF013164;2026-11-19;ÉCHOUÉ(stock insuffisant)
INDIVIDUEL;BSK2610OF013165;2026-11-19;ÉCHOUÉ(stock insuffisant)
INDIVIDUEL;BSK2610OF013166;2026-11-19;ÉCHOUÉ(stock insuffisant)
INDIVIDUEL;BSK2610OF013167;2026-11-19;ÉCHOUÉ(stock insuffisant)
INDIVIDUEL;BSK2610OF013168;2026-11-19;ÉCHOUÉ(stock insuffisant)
INDIVIDUEL;BSK2610OF013169;2026-11-19;ÉCHOUÉ(stock insuffisant)
INDIVIDUEL;BSK2610OF013170;2026-11-19;ÉCHOUÉ(stock insuffisant)
INDIVIDUEL;BSK2610OF013171;2026-11-19;ÉCHOUÉ(stock insuffisant)
INDIVIDUEL;BSK2610OF013172;2026-11-19;ÉCHOUÉ(stock insuffisant)
INDIVIDUEL;BSK2610OF013173;2026-11-19;ÉCHOUÉ(stock insuffisant)
INDIVIDUEL;BSK2610OF013174;2026-11-19;ÉCHOUÉ(stock insuffisant)
INDIVIDUEL;BSK2610OF013175;2026-11-19;ÉCHOUÉ(stock insuffisant)
INDIVIDUEL;BSK2610OF013176;2026-11-19;ÉCHOUÉ(stock insuffisant)
INDIVIDUEL;BSK2610OF013177;2026-11-19;ÉCHOUÉ(stock insuffisant)
INDIVIDUEL;BSK2610OF013178;2026-11-19;NON
INDIVIDUEL;BSK2610OF013179;2026-11-19;ÉCHOUÉ(poste indispo)
INDIVIDUEL;BSK2610OF013180;2026-11-19;ÉCHOUÉ(poste indispo)
INDIVIDUEL;BSK2610OF013185;2026-11-19;ÉCHOUÉ(stock insuffisant)
INDIVIDUEL;BSK2610OF013187;2026-11-19;OUI
INDIVIDUEL;BSK2610OF013189;2026-11-19;NON
INDIVIDUEL;BSK2610OF013191;2026-11-19;OUI
INDIVIDUEL;BSK2610OF013192;2026-11-19;OUI
INDIVIDUEL;BSK2610OF013194;2026-11-19;OUI
INDIVIDUEL;BSK2610OF013196;2026-11-19;OUI
INDIVIDUEL;BSK2610OF013197;2026-11-19;ÉCHOUÉ(poste indispo)
INDIVIDUEL;BSK2610OF013198;2026-11-19;ÉCHOUÉ(poste indispo)
INDIVIDUEL;BSK2610OF013199;2026-11-19;ÉCHOUÉ(poste indispo)
INDIVIDUEL;BSK2610OF013200;2026-11-19;ÉCHOUÉ(poste indispo)
INDIVIDUEL;BSK2610OF013203;2026-11-19;NON
INDIVIDUEL;BSK2610OF013204;2026-11-19;NON
INDIVIDUEL;BSK2610OF013205;2026-11-19;NON
INDIVIDUEL;BSK2610OF013206;2026-11-19;NON
INDIVIDUEL;BSK2610OF013207;2026-11-19;ÉCHOUÉ(stock insuffisant)
INDIVIDUEL;BSK2610OF013208;2026-11-19;ÉCHOUÉ(stock insuffisant)
INDIVIDUEL;BSK2610OF013209;2026-11-19;ÉCHOUÉ(stock insuffisant)
INDIVIDUEL;BSK2610OF013210;2026-11-19;ÉCHOUÉ(stock insuffisant)
INDIVIDUEL;BSK2610OF013211;2026-11-19;ÉCHOUÉ(stock insuffisant)
INDIVIDUEL;BSK2610OF013212;2026-11-19;ÉCHOUÉ(stock insuffisant)
INDIVIDUEL;BSK2610OF013213;2026-11-19;ÉCHOUÉ(stock insuffisant)
INDIVIDUEL;BSK2610OF013214;2026-11-19;ÉCHOUÉ(stock insuffisant)
INDIVIDUEL;BSK2610OF013215;2026-11-19;ÉCHOUÉ(stock insuffisant)
INDIVIDUEL;BSK2610OF013216;2026-11-19;ÉCHOUÉ(stock insuffisant)
INDIVIDUEL;BSK2610OF013217;2026-11-19;ÉCHOUÉ(stock insuffisant)
INDIVIDUEL;BSK2610OF013218;2026-11-19;ÉCHOUÉ(stock insuffisant)
INDIVIDUEL;BSK2610OF013219;2026-11-19;ÉCHOUÉ(stock insuffisant)
INDIVIDUEL;BSK2610OF013220;2026-11-19;ÉCHOUÉ(stock insuffisant)
INDIVIDUEL;BSK2610OF013221;2026-11-19;ÉCHOUÉ(stock insuffisant)
INDIVIDUEL;BSK2610OF013222;2026-11-19;ÉCHOUÉ(stock insuffisant)
INDIVIDUEL;BSK2610OF013223;2026-11-19;ÉCHOUÉ(stock insuffisant)
INDIVIDUEL;BSK2610OF013224;2026-11-19;NON
INDIVIDUEL;BSK2610OF013232;2026-11-19;OUI
INDIVIDUEL;BSK2610OF013245;2026-11-19;ÉCHOUÉ(stock insuffisant)
INDIVIDUEL;BSK2610OF013249;2026-11-19;NON
INDIVIDUEL;BSK2610OF013250;2026-11-19;OUI
INDIVIDUEL;BSK2610OF013254;2026-11-19;NON
INDIVIDUEL;BSK2610OF013255;2026-11-19;OUI
INDIVIDUEL;BSK2610OF013258;2026-11-19;OUI
INDIVIDUEL;BSK2610OF013260;2026-11-19;ÉCHOUÉ(poste indispo)
INDIVIDUEL;BSK2610OF013262;2026-11-19;ÉCHOUÉ(stock insuffisant)
INDIVIDUEL;BSK2610OF013264;2026-11-19;OUI
INDIVIDUEL;BSK2610OF013265;2026-11-19;OUI
INDIVIDUEL;BSK2610OF013266;2026-11-19;ÉCHOUÉ(stock insuffisant)
INDIVIDUEL;BSK2610OF013267;2026-11-19;ÉCHOUÉ(stock insuffisant)
INDIVIDUEL;BSK2610OF013268;2026-11-19;ÉCHOUÉ(stock insuffisant)
INDIVIDUEL;BSK2610OF013271;2026-11-19;ÉCHOUÉ(stock insuffisant)
INDIVIDUEL;BSK2610OF013272;2026-11-19;ÉCHOUÉ(stock insuffisant)
INDIVIDUEL;BSK2610OF013275;2026-11-19;OUI
INDIVIDUEL;BSK2610OF013303;2026-11-19;ÉCHOUÉ(stock insuffisant)
INDIVIDUEL;BSK2610OF013304;2026-11-19;ÉCHOUÉ(stock insuffisant)
INDIVIDUEL;BSK2610OF013305;2026-11-19;ÉCHOUÉ(stock insuffisant)
INDIVIDUEL;BSK2610OF013306;2026-11-19;ÉCHOUÉ(stock insuffisant)
INDIVIDUEL;BSK2611OF010235;2026-11-19;OUI
INDIVIDUEL;BSK2611OF010236;2026-11-19;OUI
INDIVIDUEL;BSK2611OF010304;2026-11-19;OUI
INDIVIDUEL;BSK2611OF010305;2026-11-19;OUI
INDIVIDUEL;BSK2611OF010306;2026-11-19;OUI
INDIVIDUEL;BSK2611OF010684;2026-11-19;NON
INDIVIDUEL;BSK2611OF010685;2026-11-19;NON
INDIVIDUEL;BSK2611OF010686;2026-11-19;NON
INDIVIDUEL;BSK2611OF010687;2026-11-19;NON
INDIVIDUEL;BSK2611OF010688;2026-11-19;NON
INDIVIDUEL;BSK2611OF010689;2026-11-19;NON
INDIVIDUEL;BSK2611OF010690;2026-11-19;NON
INDIVIDUEL;BSK2611OF010691;2026-11-19;NON
INDIVIDUEL;BSK2611OF010976;2026-11-19;ÉCHOUÉ(poste indispo)
INDIVIDUEL;BSK2611OF010307;2026-11-27;OUI
INDIVIDUEL;BSK2611OF010308;2026-11-27;OUI
INDIVIDUEL;BSK2611OF010309;2026-11-27;OUI
INDIVIDUEL;BSK2611OF010310;2026-11-27;OUI
INDIVIDUEL;BSK2611OF010341;2026-11-27;OUI
INDIVIDUEL;BSK2611OF010342;2026-11-27;OUI
INDIVIDUEL;BSK2611OF010343;2026-11-27;OUI
INDIVIDUEL;BSK2611OF010435;2026-11-30;OUI
INDIVIDUEL;BSK2611OF010436;2026-11-30;OUI
INDIVIDUEL;BSK2611OF010437;2026-11-30;OUI
GRP394;BSK2612OF006169;2026-12-23;NON
GRP394;BSK2612OF006170;2026-12-23;NON
GRP394;BSK2612OF006171;2026-12-23;NON
GRP394;BSK2612OF006172;2026-12-23;NON
GRP394;BSK2612OF006173;2026-12-23;NON
GRP394;BSK2612OF006174;2026-12-23;NON
GRP394;BSK2612OF006175;2026-12-23;ÉCHOUÉ(poste indispo)
GRP394;BSK2611OF010547;2026-12-04;OUI
GRP394;BSK2611OF010548;2026-12-10;NON
GRP394;BSK2611OF010549;2026-12-10;NON
GRP394;BSK2611OF010550;2026-12-10;NON
INDIVIDUEL;BSK2611OF010285;2026-12-04;ÉCHOUÉ(poste indispo)
INDIVIDUEL;BSK2611OF010289;2026-12-04;OUI
INDIVIDUEL;BSK2611OF010311;2026-12-08;OUI
INDIVIDUEL;BSK2611OF010312;2026-12-08;OUI
INDIVIDUEL;BSK2611OF010313;2026-12-08;OUI
INDIVIDUEL;BSK2611OF010314;2026-12-08;OUI
INDIVIDUEL;BSK2611OF010315;2026-12-08;OUI
INDIVIDUEL;BSK2611OF010316;2026-12-08;OUI
INDIVIDUEL;BSK2611OF010317;2026-12-08;OUI
INDIVIDUEL;BSK2611OF010318;2026-12-08;OUI
INDIVIDUEL;BSK2611OF010319;2026-12-08;OUI
INDIVIDUEL;BSK2611OF010320;2026-12-08;OUI
INDIVIDUEL;BSK2611OF010321;2026-12-08;OUI
INDIVIDUEL;BSK2611OF010322;2026-12-08;OUI
INDIVIDUEL;BSK2611OF010384;2026-12-08;NON
INDIVIDUEL;BSK2611OF010385;2026-12-08;NON
INDIVIDUEL;BSK2611OF010386;2026-12-08;NON
INDIVIDUEL;BSK2611OF010387;2026-12-08;NON
INDIVIDUEL;BSK2611OF010388;2026-12-08;NON
INDIVIDUEL;BSK2611OF010389;2026-12-08;NON
INDIVIDUEL;BSK2611OF010390;2026-12-08;NON
GRP395;BSK2612OF006248;2026-12-23;OUI
GRP395;BSK2612OF006249;2026-12-23;OUI
GRP395;BSK2612OF006250;2026-12-23;OUI
GRP395;BSK2612OF006251;2026-12-23;OUI
GRP395;BSK2612OF006252;2026-12-23;OUI
GRP395;BSK2612OF006253;2026-12-23;OUI
GRP395;BSK2612OF006254;2026-12-23;OUI
GRP395;BSK2612OF006255;2026-12-23;OUI
GRP395;BSK2612OF006256;2026-12-23;OUI
GRP395;BSK2612OF006257;2026-12-23;OUI
GRP395;BSK2612OF006258;2026-12-23;OUI
GRP395;BSK2612OF006259;2026-12-23;OUI
GRP395;BSK2611OF010240;2026-12-10;OUI
GRP395;BSK2611OF010241;2026-12-10;OUI
GRP395;BSK2611OF010242;2026-12-10;OUI
GRP395;BSK2611OF010243;2026-12-10;OUI
GRP396;BSK2701OF006555;2027-01-06;ÉCHOUÉ(poste indispo)
GRP396;BSK2701OF006556;2027-01-06;ÉCHOUÉ(poste indispo)
GRP396;BSK2701OF006557;2027-01-06;ÉCHOUÉ(poste indispo)
GRP396;BSK2610OF012893;2026-12-10;OUI
GRP397;BSK2612OF006202;2026-12-11;OUI
GRP397;BSK2612OF006203;2026-12-11;OUI
GRP397;BSK2612OF006204;2026-12-11;OUI
GRP397;BSK2612OF006205;2026-12-11;OUI
GRP397;BSK2612OF006206;2026-12-11;OUI
GRP397;BSK2612OF006207;2026-12-11;OUI
GRP397;BSK2612OF006208;2026-12-11;OUI
GRP397;BSK2612OF006209;2026-12-11;OUI
GRP397;BSK2612OF006210;2026-12-11;OUI
GRP397;BSK2612OF006211;2026-12-11;OUI
GRP397;BSK2612OF006212;2026-12-11;OUI
GRP397;BSK2612OF006213;2026-12-11;OUI
GRP397;BSK2612OF006214;2026-12-11;OUI
GRP397;BSK2612OF006215;2026-12-11;OUI
GRP397;BSK2612OF006216;2026-12-11;OUI
GRP397;BSK2612OF006217;2026-12-11;OUI
GRP397;BSK2612OF006218;2026-12-11;OUI
GRP397;BSK2612OF006219;2026-12-11;OUI
GRP397;BSK2612OF006220;2026-12-11;OUI
GRP397;BSK2612OF006221;2026-12-11;OUI
GRP397;BSK2612OF006222;2026-12-11;OUI
GRP397;BSK2612OF006223;2026-12-11;OUI
GRP397;BSK2612OF006224;2026-12-11;OUI
GRP397;BSK2612OF006225;2026-12-11;OUI
GRP397;BSK2612OF006226;2026-12-11;OUI
GRP397;BSK2612OF006227;2026-12-11;OUI
GRP397;BSK2612OF006228;2026-12-11;OUI
GRP397;BSK2612OF006229;2026-12-11;NON
GRP397;BSK2612OF006230;2026-12-11;NON
GRP397;BSK2612OF006231;2026-12-11;NON
GRP397;BSK2612OF006232;2026-12-11;NON
GRP397;BSK2612OF006233;2026-12-11;NON
GRP397;BSK2612OF006234;2026-12-11;NON
GRP397;BSK2612OF006235;2026-12-11;NON
GRP397;BSK2612OF006236;2026-12-11;NON
GRP397;BSK2611OF010405;2026-12-10;OUI
GRP397;BSK2611OF010406;2026-12-10;OUI
GRP398;BSK2612OF006193;2026-12-23;NON
GRP398;BSK2612OF006194;2026-12-23;NON
GRP398;BSK2612OF006195;2026-12-23;NON
GRP398;BSK2611OF010620;2026-12-10;OUI
GRP399;BSK2612OF006163;2026-12-23;ÉCHOUÉ(poste indispo)
GRP399;BSK2612OF006164;2026-12-23;ÉCHOUÉ(poste indispo)
GRP399;BSK2611OF010296;2026-12-10;NON
GRP400;BSK2701OF006558;2027-01-06;NON
GRP400;BSK2701OF006559;2027-01-06;ÉCHOUÉ(poste indispo)
GRP400;BSK2701OF006560;2027-01-06;ÉCHOUÉ(poste indispo)
GRP400;BSK2610OF012892;2026-12-10;OUI
GRP401;BSK2701OF006443;2027-01-06;NON
GRP401;BSK2610OF013182;2026-12-10;OUI
INDIVIDUEL;BSK2611OF010627;2026-12-10;OUI
INDIVIDUEL;BSK2611OF010628;2026-12-10;OUI
INDIVIDUEL;BSK2611OF010629;2026-12-10;OUI
INDIVIDUEL;BSK2611OF010630;2026-12-10;OUI
INDIVIDUEL;BSK2611OF010631;2026-12-10;OUI
INDIVIDUEL;BSK2611OF010632;2026-12-10;OUI
INDIVIDUEL;BSK2611OF010633;2026-12-10;OUI
INDIVIDUEL;BSK2611OF010634;2026-12-10;NON
INDIVIDUEL;BSK2611OF010635;2026-12-10;NON
INDIVIDUEL;BSK2611OF010636;2026-12-10;NON
INDIVIDUEL;BSK2611OF010637;2026-12-10;NON
INDIVIDUEL;BSK2611OF010638;2026-12-10;NON
INDIVIDUEL;BSK2611OF010639;2026-12-10;NON
INDIVIDUEL;BSK2611OF010640;2026-12-10;NON
INDIVIDUEL;BSK2611OF010641;2026-12-10;NON
INDIVIDUEL;BSK2611OF010642;2026-12-10;NON
INDIVIDUEL;BSK2611OF010643;2026-12-10;NON
INDIVIDUEL;BSK2611OF010644;2026-12-10;NON
INDIVIDUEL;BSK2611OF010645;2026-12-10;NON
INDIVIDUEL;BSK2611OF010646;2026-12-10;NON
INDIVIDUEL;BSK2611OF010647;2026-12-10;NON
INDIVIDUEL;BSK2611OF010648;2026-12-10;NON
INDIVIDUEL;BSK2611OF010649;2026-12-10;NON
INDIVIDUEL;BSK2611OF010650;2026-12-10;NON
INDIVIDUEL;BSK2611OF010651;2026-12-10;NON
INDIVIDUEL;BSK2611OF010652;2026-12-10;NON
INDIVIDUEL;BSK2611OF010653;2026-12-10;NON
INDIVIDUEL;BSK2611OF010654;2026-12-10;NON
INDIVIDUEL;BSK2611OF010655;2026-12-10;NON
INDIVIDUEL;BSK2611OF010656;2026-12-10;NON
INDIVIDUEL;BSK2611OF010657;2026-12-10;NON
INDIVIDUEL;BSK2611OF010658;2026-12-10;NON
INDIVIDUEL;BSK2611OF010659;2026-12-10;NON
INDIVIDUEL;BSK2611OF010660;2026-12-10;NON
INDIVIDUEL;BSK2611OF010445;2026-12-10;NON
INDIVIDUEL;BSK2611OF010446;2026-12-10;NON
INDIVIDUEL;BSK2611OF010447;2026-12-10;NON
INDIVIDUEL;BSK2611OF010448;2026-12-10;NON
INDIVIDUEL;BSK2611OF010449;2026-12-10;NON
INDIVIDUEL;BSK2611OF010450;2026-12-10;NON
INDIVIDUEL;BSK2611OF010451;2026-12-10;NON
INDIVIDUEL;BSK2611OF010501;2026-12-10;OUI
INDIVIDUEL;BSK2611OF010502;2026-12-10;OUI
INDIVIDUEL;BSK2611OF010520;2026-12-10;NON
INDIVIDUEL;BSK2611OF010602;2026-12-10;OUI
INDIVIDUEL;BSK2611OF010603;2026-12-10;OUI
INDIVIDUEL;BSK2610OF012785;2026-12-10;OUI
INDIVIDUEL;BSK2610OF012786;2026-12-10;OUI
INDIVIDUEL;BSK2610OF012787;2026-12-10;OUI
INDIVIDUEL;BSK2610OF012788;2026-12-10;OUI
INDIVIDUEL;BSK2610OF012789;2026-12-10;OUI
INDIVIDUEL;BSK2610OF012790;2026-12-10;OUI
INDIVIDUEL;BSK2610OF012791;2026-12-10;OUI
INDIVIDUEL;BSK2610OF012792;2026-12-10;OUI
INDIVIDUEL;BSK2610OF012793;2026-12-10;NON
INDIVIDUEL;BSK2610OF012794;2026-12-10;NON
INDIVIDUEL;BSK2610OF012795;2026-12-10;NON
INDIVIDUEL;BSK2610OF013087;2026-12-10;OUI
INDIVIDUEL;BSK2610OF013088;2026-12-10;OUI
INDIVIDUEL;BSK2610OF013089;2026-12-10;NON
INDIVIDUEL;BSK2611OF010286;2026-12-10;ÉCHOUÉ(poste indispo)
INDIVIDUEL;BSK2611OF010287;2026-12-10;ÉCHOUÉ(poste indispo)
INDIVIDUEL;BSK2611OF010288;2026-12-10;ÉCHOUÉ(poste indispo)
INDIVIDUEL;BSK2611OF010290;2026-12-10;OUI
INDIVIDUEL;BSK2611OF010291;2026-12-10;OUI
INDIVIDUEL;BSK2611OF010292;2026-12-10;OUI
INDIVIDUEL;BSK2611OF010293;2026-12-10;OUI
INDIVIDUEL;BSK2611OF010323;2026-12-10;OUI
INDIVIDUEL;BSK2611OF010324;2026-12-10;OUI
INDIVIDUEL;BSK2611OF010325;2026-12-10;OUI
INDIVIDUEL;BSK2611OF010326;2026-12-10;OUI
INDIVIDUEL;BSK2611OF010327;2026-12-10;OUI
INDIVIDUEL;BSK2611OF010328;2026-12-10;OUI
INDIVIDUEL;BSK2611OF010329;2026-12-10;OUI
INDIVIDUEL;BSK2611OF010330;2026-12-10;OUI
INDIVIDUEL;BSK2611OF010331;2026-12-10;OUI
INDIVIDUEL;BSK2611OF010332;2026-12-10;OUI
INDIVIDUEL;BSK2611OF010333;2026-12-10;OUI
INDIVIDUEL;BSK2611OF010334;2026-12-10;OUI
INDIVIDUEL;BSK2611OF010335;2026-12-10;OUI
INDIVIDUEL;BSK2611OF010336;2026-12-10;OUI
INDIVIDUEL;BSK2611OF010337;2026-12-10;OUI
INDIVIDUEL;BSK2611OF010338;2026-12-10;OUI
INDIVIDUEL;BSK2611OF010339;2026-12-10;OUI
INDIVIDUEL;BSK2611OF010340;2026-12-10;OUI
INDIVIDUEL;BSK2611OF010344;2026-12-10;OUI
INDIVIDUEL;BSK2611OF010345;2026-12-10;OUI
INDIVIDUEL;BSK2611OF010346;2026-12-10;OUI
INDIVIDUEL;BSK2611OF010347;2026-12-10;OUI
INDIVIDUEL;BSK2611OF010348;2026-12-10;OUI
INDIVIDUEL;BSK2611OF010349;2026-12-10;OUI
INDIVIDUEL;BSK2611OF010350;2026-12-10;OUI
INDIVIDUEL;BSK2611OF010351;2026-12-10;OUI
INDIVIDUEL;BSK2611OF010391;2026-12-10;OUI
INDIVIDUEL;BSK2611OF010392;2026-12-10;OUI
INDIVIDUEL;BSK2611OF010393;2026-12-10;OUI
INDIVIDUEL;BSK2611OF010394;2026-12-10;OUI
INDIVIDUEL;BSK2611OF010395;2026-12-10;OUI
INDIVIDUEL;BSK2611OF010396;2026-12-10;OUI
INDIVIDUEL;BSK2611OF010397;2026-12-10;OUI
INDIVIDUEL;BSK2611OF010425;2026-12-10;NON
INDIVIDUEL;BSK2611OF010426;2026-12-10;NON
INDIVIDUEL;BSK2611OF010427;2026-12-10;NON
INDIVIDUEL;BSK2611OF010428;2026-12-10;NON
INDIVIDUEL;BSK2611OF010429;2026-12-10;NON
INDIVIDUEL;BSK2611OF010430;2026-12-10;OUI
INDIVIDUEL;BSK2611OF010458;2026-12-10;NON
INDIVIDUEL;BSK2611OF010459;2026-12-10;NON
INDIVIDUEL;BSK2611OF010460;2026-12-10;NON
INDIVIDUEL;BSK2611OF010472;2026-12-10;NON
INDIVIDUEL;BSK2611OF010473;2026-12-10;NON
INDIVIDUEL;BSK2611OF010474;2026-12-10;NON
INDIVIDUEL;BSK2611OF010475;2026-12-10;NON
INDIVIDUEL;BSK2611OF010476;2026-12-10;NON
INDIVIDUEL;BSK2611OF010477;2026-12-10;NON
INDIVIDUEL;BSK2611OF010478;2026-12-10;NON
INDIVIDUEL;BSK2611OF010479;2026-12-10;NON
INDIVIDUEL;BSK2611OF010480;2026-12-10;NON
INDIVIDUEL;BSK2611OF010481;2026-12-10;NON
INDIVIDUEL;BSK2611OF010482;2026-12-10;NON
INDIVIDUEL;BSK2611OF010483;2026-12-10;NON
INDIVIDUEL;BSK2611OF010484;2026-12-10;NON
INDIVIDUEL;BSK2611OF010485;2026-12-10;NON
INDIVIDUEL;BSK2611OF010486;2026-12-10;NON
INDIVIDUEL;BSK2611OF010557;2026-12-10;OUI
INDIVIDUEL;BSK2611OF010558;2026-12-10;OUI
INDIVIDUEL;BSK2611OF010559;2026-12-10;OUI
INDIVIDUEL;BSK2611OF010560;2026-12-10;OUI
INDIVIDUEL;BSK2611OF010561;2026-12-10;OUI
INDIVIDUEL;BSK2611OF010562;2026-12-10;OUI
INDIVIDUEL;BSK2611OF010563;2026-12-10;OUI
INDIVIDUEL;BSK2611OF010564;2026-12-10;OUI
INDIVIDUEL;BSK2611OF010565;2026-12-10;OUI
INDIVIDUEL;BSK2611OF010566;2026-12-10;OUI
INDIVIDUEL;BSK2611OF010567;2026-12-10;OUI
INDIVIDUEL;BSK2611OF010568;2026-12-10;OUI
INDIVIDUEL;BSK2611OF010569;2026-12-10;OUI
INDIVIDUEL;BSK2611OF010570;2026-12-10;OUI
INDIVIDUEL;BSK2611OF010571;2026-12-10;OUI
INDIVIDUEL;BSK2611OF010572;2026-12-10;OUI
INDIVIDUEL;BSK2611OF010573;2026-12-10;OUI
INDIVIDUEL;BSK2611OF010574;2026-12-10;OUI
INDIVIDUEL;BSK2611OF010575;2026-12-10;OUI
INDIVIDUEL;BSK2611OF010576;2026-12-10;OUI
INDIVIDUEL;BSK2611OF010577;2026-12-10;OUI
INDIVIDUEL;BSK2611OF010578;2026-12-10;OUI
INDIVIDUEL;BSK2611OF010579;2026-12-10;OUI
INDIVIDUEL;BSK2611OF010580;2026-12-10;OUI
INDIVIDUEL;BSK2611OF010581;2026-12-10;OUI
INDIVIDUEL;BSK2611OF010582;2026-12-10;OUI
INDIVIDUEL;BSK2611OF010583;2026-12-10;OUI
INDIVIDUEL;BSK2611OF010584;2026-12-10;OUI
INDIVIDUEL;BSK2611OF010585;2026-12-10;OUI
INDIVIDUEL;BSK2611OF010586;2026-12-10;OUI
INDIVIDUEL;BSK2611OF010587;2026-12-10;OUI
INDIVIDUEL;BSK2611OF010588;2026-12-10;OUI
INDIVIDUEL;BSK2611OF010589;2026-12-10;OUI
INDIVIDUEL;BSK2611OF010590;2026-12-10;OUI
INDIVIDUEL;BSK2611OF010591;2026-12-10;OUI
INDIVIDUEL;BSK2611OF010592;2026-12-10;OUI
INDIVIDUEL;BSK2611OF010593;2026-12-10;OUI
INDIVIDUEL;BSK2611OF010594;2026-12-10;OUI
INDIVIDUEL;BSK2611OF010595;2026-12-10;OUI
INDIVIDUEL;BSK2611OF010596;2026-12-10;NON
INDIVIDUEL;BSK2611OF010597;2026-12-10;NON
INDIVIDUEL;BSK2611OF010598;2026-12-10;NON
INDIVIDUEL;BSK2611OF010599;2026-12-10;NON
INDIVIDUEL;BSK2611OF010600;2026-12-10;NON
INDIVIDUEL;BSK2611OF010601;2026-12-10;NON
INDIVIDUEL;BSK2611OF010604;2026-12-10;NON
INDIVIDUEL;BSK2611OF010619;2026-12-10;OUI
INDIVIDUEL;BSK2610OF013308;2026-12-11;NON
GRP402;BSK2701OF006542;2027-01-06;NON
GRP402;BSK2611OF010381;2026-12-18;ÉCHOUÉ(poste indispo)
GRP403;BSK2701OF006452;2027-01-06;ÉCHOUÉ(poste indispo)
GRP403;BSK2701OF006453;2027-01-06;ÉCHOUÉ(poste indispo)
GRP403;BSK2611OF010492;2026-12-18;ÉCHOUÉ(stock insuffisant)
GRP403;BSK2611OF010493;2026-12-18;ÉCHOUÉ(stock insuffisant)
GRP404;BSK2701OF006474;2027-01-06;ÉCHOUÉ(poste indispo)
GRP404;BSK2701OF006475;2027-01-06;ÉCHOUÉ(poste indispo)
GRP404;BSK2701OF006476;2027-01-06;ÉCHOUÉ(poste indispo)
GRP404;BSK2701OF006477;2027-01-06;ÉCHOUÉ(poste indispo)
GRP404;BSK2701OF006478;2027-01-06;ÉCHOUÉ(poste indispo)
GRP404;BSK2701OF006479;2027-01-06;ÉCHOUÉ(poste indispo)
GRP404;BSK2701OF006480;2027-01-06;ÉCHOUÉ(poste indispo)
GRP404;BSK2611OF010461;2026-12-18;ÉCHOUÉ(stock insuffisant)
GRP404;BSK2611OF010462;2026-12-18;ÉCHOUÉ(stock insuffisant)
GRP404;BSK2611OF010463;2026-12-18;ÉCHOUÉ(stock insuffisant)
GRP404;BSK2611OF010464;2026-12-18;ÉCHOUÉ(stock insuffisant)
GRP404;BSK2611OF010465;2026-12-18;ÉCHOUÉ(stock insuffisant)
GRP404;BSK2611OF010466;2026-12-18;ÉCHOUÉ(stock insuffisant)
GRP405;BSK2701OF006540;2027-01-06;NON
GRP405;BSK2701OF006541;2027-01-06;NON
GRP405;BSK2611OF010662;2026-12-18;NON
GRP405;BSK2611OF010663;2026-12-18;NON
GRP405;BSK2611OF010664;2026-12-18;NON
GRP406;BSK2701OF006551;2027-01-06;NON
GRP406;BSK2701OF006552;2027-01-06;NON
GRP406;BSK2611OF010544;2026-12-18;OUI
GRP406;BSK2611OF010545;2026-12-18;OUI
GRP407;BSK2701OF006444;2027-01-06;ÉCHOUÉ(poste indispo)
GRP407;BSK2701OF006445;2027-01-06;ÉCHOUÉ(poste indispo)
GRP407;BSK2701OF006446;2027-01-06;ÉCHOUÉ(poste indispo)
GRP407;BSK2611OF010487;2026-12-18;OUI
INDIVIDUEL;BSK2611OF010269;2026-12-18;ÉCHOUÉ(poste indispo)
INDIVIDUEL;BSK2611OF010270;2026-12-18;ÉCHOUÉ(poste indispo)
INDIVIDUEL;BSK2611OF010271;2026-12-18;ÉCHOUÉ(poste indispo)
INDIVIDUEL;BSK2611OF010272;2026-12-18;NON
INDIVIDUEL;BSK2611OF010273;2026-12-18;NON
INDIVIDUEL;BSK2611OF010274;2026-12-18;NON
INDIVIDUEL;BSK2611OF010275;2026-12-18;NON
INDIVIDUEL;BSK2611OF010276;2026-12-18;NON
INDIVIDUEL;BSK2611OF010277;2026-12-18;NON
INDIVIDUEL;BSK2611OF010278;2026-12-18;NON
INDIVIDUEL;BSK2611OF010279;2026-12-18;NON
INDIVIDUEL;BSK2611OF010280;2026-12-18;NON
INDIVIDUEL;BSK2611OF010281;2026-12-18;NON
INDIVIDUEL;BSK2611OF010282;2026-12-18;NON
INDIVIDUEL;BSK2611OF010283;2026-12-18;NON
INDIVIDUEL;BSK2611OF010284;2026-12-18;NON
INDIVIDUEL;BSK2611OF010297;2026-12-18;NON
INDIVIDUEL;BSK2611OF010298;2026-12-18;NON
INDIVIDUEL;BSK2611OF010299;2026-12-18;NON
INDIVIDUEL;BSK2611OF010300;2026-12-18;NON
INDIVIDUEL;BSK2611OF010301;2026-12-18;NON
INDIVIDUEL;BSK2611OF010302;2026-12-18;NON
INDIVIDUEL;BSK2611OF010303;2026-12-18;NON
INDIVIDUEL;BSK2611OF010363;2026-12-18;NON
INDIVIDUEL;BSK2611OF010364;2026-12-18;NON
INDIVIDUEL;BSK2611OF010365;2026-12-18;ÉCHOUÉ(poste indispo)
INDIVIDUEL;BSK2611OF010366;2026-12-18;ÉCHOUÉ(poste indispo)
INDIVIDUEL;BSK2611OF010367;2026-12-18;ÉCHOUÉ(poste indispo)
INDIVIDUEL;BSK2611OF010368;2026-12-18;ÉCHOUÉ(poste indispo)
INDIVIDUEL;BSK2611OF010369;2026-12-18;ÉCHOUÉ(poste indispo)
INDIVIDUEL;BSK2611OF010370;2026-12-18;ÉCHOUÉ(poste indispo)
INDIVIDUEL;BSK2611OF010407;2026-12-18;NON
INDIVIDUEL;BSK2611OF010408;2026-12-18;NON
INDIVIDUEL;BSK2611OF010409;2026-12-18;NON
INDIVIDUEL;BSK2611OF010410;2026-12-18;NON
INDIVIDUEL;BSK2611OF010411;2026-12-18;NON
INDIVIDUEL;BSK2611OF010412;2026-12-18;ÉCHOUÉ(poste indispo)
INDIVIDUEL;BSK2611OF010413;2026-12-18;ÉCHOUÉ(poste indispo)
INDIVIDUEL;BSK2611OF010421;2026-12-18;ÉCHOUÉ(poste indispo)
INDIVIDUEL;BSK2611OF010422;2026-12-18;ÉCHOUÉ(poste indispo)
INDIVIDUEL;BSK2611OF010521;2026-12-18;ÉCHOUÉ(stock insuffisant)
INDIVIDUEL;BSK2611OF010522;2026-12-18;ÉCHOUÉ(stock insuffisant)
INDIVIDUEL;BSK2611OF010543;2026-12-18;NON
INDIVIDUEL;BSK2611OF010621;2026-12-18;NON
INDIVIDUEL;BSK2611OF010622;2026-12-18;NON
INDIVIDUEL;BSK2611OF010623;2026-12-18;ÉCHOUÉ(poste indispo)
INDIVIDUEL;BSK2611OF010626;2026-12-18;NON
INDIVIDUEL;BSK2611OF010661;2026-12-18;ÉCHOUÉ(stock insuffisant)
INDIVIDUEL;BSK2611OF010237;2026-12-18;OUI
INDIVIDUEL;BSK2611OF010238;2026-12-18;OUI
INDIVIDUEL;BSK2611OF010239;2026-12-18;OUI
INDIVIDUEL;BSK2611OF010244;2026-12-18;OUI
INDIVIDUEL;BSK2611OF010245;2026-12-18;NON
INDIVIDUEL;BSK2611OF010246;2026-12-18;NON
INDIVIDUEL;BSK2611OF010247;2026-12-18;NON
INDIVIDUEL;BSK2611OF010248;2026-12-18;NON
INDIVIDUEL;BSK2611OF010249;2026-12-18;NON
INDIVIDUEL;BSK2611OF010250;2026-12-18;NON
INDIVIDUEL;BSK2611OF010251;2026-12-18;NON
INDIVIDUEL;BSK2611OF010252;2026-12-18;NON
INDIVIDUEL;BSK2611OF010253;2026-12-18;NON
INDIVIDUEL;BSK2611OF010254;2026-12-18;NON
INDIVIDUEL;BSK2611OF010255;2026-12-18;NON
INDIVIDUEL;BSK2611OF010256;2026-12-18;NON
INDIVIDUEL;BSK2611OF010257;2026-12-18;NON
INDIVIDUEL;BSK2611OF010258;2026-12-18;NON
INDIVIDUEL;BSK2611OF010259;2026-12-18;NON
INDIVIDUEL;BSK2611OF010260;2026-12-18;NON
INDIVIDUEL;BSK2611OF010261;2026-12-18;NON
INDIVIDUEL;BSK2611OF010262;2026-12-18;NON
INDIVIDUEL;BSK2611OF010263;2026-12-18;NON
INDIVIDUEL;BSK2611OF010264;2026-12-18;NON
INDIVIDUEL;BSK2611OF010265;2026-12-18;NON
INDIVIDUEL;BSK2611OF010266;2026-12-18;NON
INDIVIDUEL;BSK2611OF010267;2026-12-18;NON
INDIVIDUEL;BSK2611OF010268;2026-12-18;NON
INDIVIDUEL;BSK2611OF010294;2026-12-18;ÉCHOUÉ(stock insuffisant)
INDIVIDUEL;BSK2611OF010295;2026-12-18;ÉCHOUÉ(stock insuffisant)
INDIVIDUEL;BSK2611OF010352;2026-12-18;OUI
INDIVIDUEL;BSK2611OF010353;2026-12-18;NON
INDIVIDUEL;BSK2611OF010354;2026-12-18;NON
INDIVIDUEL;BSK2611OF010355;2026-12-18;NON
INDIVIDUEL;BSK2611OF010356;2026-12-18;NON
INDIVIDUEL;BSK2611OF010357;2026-12-18;NON
INDIVIDUEL;BSK2611OF010358;2026-12-18;NON
INDIVIDUEL;BSK2611OF010359;2026-12-18;NON
INDIVIDUEL;BSK2611OF010360;2026-12-18;NON
INDIVIDUEL;BSK2611OF010361;2026-12-18;ÉCHOUÉ(stock insuffisant)
INDIVIDUEL;BSK2611OF010362;2026-12-18;ÉCHOUÉ(stock insuffisant)
INDIVIDUEL;BSK2611OF010371;2026-12-18;NON
INDIVIDUEL;BSK2611OF010372;2026-12-18;NON
INDIVIDUEL;BSK2611OF010373;2026-12-18;NON
INDIVIDUEL;BSK2611OF010374;2026-12-18;NON
INDIVIDUEL;BSK2611OF010382;2026-12-18;OUI
INDIVIDUEL;BSK2611OF010383;2026-12-18;NON
INDIVIDUEL;BSK2611OF010414;2026-12-18;NON
INDIVIDUEL;BSK2611OF010415;2026-12-18;NON
INDIVIDUEL;BSK2611OF010416;2026-12-18;NON
INDIVIDUEL;BSK2611OF010417;2026-12-18;NON
INDIVIDUEL;BSK2611OF010418;2026-12-18;NON
INDIVIDUEL;BSK2611OF010419;2026-12-18;NON
INDIVIDUEL;BSK2611OF010420;2026-12-18;OUI
INDIVIDUEL;BSK2611OF010423;2026-12-18;ÉCHOUÉ(poste indispo)
INDIVIDUEL;BSK2611OF010424;2026-12-18;ÉCHOUÉ(poste indispo)
INDIVIDUEL;BSK2611OF010438;2026-12-18;NON
INDIVIDUEL;BSK2611OF010439;2026-12-18;NON
INDIVIDUEL;BSK2611OF010440;2026-12-18;NON
INDIVIDUEL;BSK2611OF010441;2026-12-18;NON
INDIVIDUEL;BSK2611OF010442;2026-12-18;NON
INDIVIDUEL;BSK2611OF010443;2026-12-18;NON
INDIVIDUEL;BSK2611OF010444;2026-12-18;ÉCHOUÉ(poste indispo)
INDIVIDUEL;BSK2611OF010467;2026-12-18;NON
INDIVIDUEL;BSK2611OF010468;2026-12-18;NON
INDIVIDUEL;BSK2611OF010469;2026-12-18;NON
INDIVIDUEL;BSK2611OF010470;2026-12-18;NON
INDIVIDUEL;BSK2611OF010471;2026-12-18;NON
INDIVIDUEL;BSK2611OF010488;2026-12-18;NON
INDIVIDUEL;BSK2611OF010489;2026-12-18;NON
INDIVIDUEL;BSK2611OF010490;2026-12-18;NON
INDIVIDUEL;BSK2611OF010491;2026-12-18;NON
INDIVIDUEL;BSK2611OF010494;2026-12-18;OUI
INDIVIDUEL;BSK2611OF010495;2026-12-18;ÉCHOUÉ(stock insuffisant)
INDIVIDUEL;BSK2611OF010496;2026-12-18;NON
INDIVIDUEL;BSK2611OF010497;2026-12-18;NON
INDIVIDUEL;BSK2611OF010498;2026-12-18;NON
INDIVIDUEL;BSK2611OF010505;2026-12-18;NON
INDIVIDUEL;BSK2611OF010506;2026-12-18;NON
INDIVIDUEL;BSK2611OF010507;2026-12-18;NON
INDIVIDUEL;BSK2611OF010508;2026-12-18;NON
INDIVIDUEL;BSK2611OF010509;2026-12-18;NON
INDIVIDUEL;BSK2611OF010510;2026-12-18;NON
INDIVIDUEL;BSK2611OF010511;2026-12-18;NON
INDIVIDUEL;BSK2611OF010512;2026-12-18;NON
INDIVIDUEL;BSK2611OF010513;2026-12-18;NON
INDIVIDUEL;BSK2611OF010514;2026-12-18;OUI
INDIVIDUEL;BSK2611OF010515;2026-12-18;ÉCHOUÉ(poste indispo)
INDIVIDUEL;BSK2611OF010516;2026-12-18;OUI
INDIVIDUEL;BSK2611OF010517;2026-12-18;NON
INDIVIDUEL;BSK2611OF010518;2026-12-18;OUI
INDIVIDUEL;BSK2611OF010519;2026-12-18;OUI
INDIVIDUEL;BSK2611OF010523;2026-12-18;NON
INDIVIDUEL;BSK2611OF010524;2026-12-18;ÉCHOUÉ(poste indispo)
INDIVIDUEL;BSK2611OF010525;2026-12-18;ÉCHOUÉ(poste indispo)
INDIVIDUEL;BSK2611OF010526;2026-12-18;ÉCHOUÉ(poste indispo)
INDIVIDUEL;BSK2611OF010527;2026-12-18;ÉCHOUÉ(poste indispo)
INDIVIDUEL;BSK2611OF010528;2026-12-18;ÉCHOUÉ(poste indispo)
INDIVIDUEL;BSK2611OF010529;2026-12-18;ÉCHOUÉ(poste indispo)
INDIVIDUEL;BSK2611OF010530;2026-12-18;OUI
INDIVIDUEL;BSK2611OF010531;2026-12-18;OUI
INDIVIDUEL;BSK2611OF010532;2026-12-18;OUI
INDIVIDUEL;BSK2611OF010533;2026-12-18;OUI
INDIVIDUEL;BSK2611OF010534;2026-12-18;OUI
INDIVIDUEL;BSK2611OF010535;2026-12-18;OUI
INDIVIDUEL;BSK2611OF010536;2026-12-18;OUI
INDIVIDUEL;BSK2611OF010537;2026-12-18;ÉCHOUÉ(stock insuffisant)
INDIVIDUEL;BSK2611OF010538;2026-12-18;ÉCHOUÉ(stock insuffisant)
INDIVIDUEL;BSK2611OF010539;2026-12-18;OUI
INDIVIDUEL;BSK2611OF010540;2026-12-18;OUI
INDIVIDUEL;BSK2611OF010541;2026-12-18;OUI
INDIVIDUEL;BSK2611OF010542;2026-12-18;ÉCHOUÉ(stock insuffisant)
INDIVIDUEL;BSK2611OF010546;2026-12-18;ÉCHOUÉ(poste indispo)
INDIVIDUEL;BSK2611OF010551;2026-12-18;OUI
INDIVIDUEL;BSK2611OF010552;2026-12-18;OUI
INDIVIDUEL;BSK2611OF010553;2026-12-18;OUI
INDIVIDUEL;BSK2611OF010554;2026-12-18;OUI
INDIVIDUEL;BSK2611OF010555;2026-12-18;ÉCHOUÉ(stock insuffisant)
INDIVIDUEL;BSK2611OF010556;2026-12-18;ÉCHOUÉ(stock insuffisant)
INDIVIDUEL;BSK2611OF010605;2026-12-18;NON
INDIVIDUEL;BSK2611OF010606;2026-12-18;NON
INDIVIDUEL;BSK2611OF010607;2026-12-18;NON
INDIVIDUEL;BSK2611OF010608;2026-12-18;NON
INDIVIDUEL;BSK2611OF010609;2026-12-18;NON
INDIVIDUEL;BSK2611OF010610;2026-12-18;NON
INDIVIDUEL;BSK2611OF010611;2026-12-18;NON
INDIVIDUEL;BSK2611OF010612;2026-12-18;NON
INDIVIDUEL;BSK2611OF010613;2026-12-18;NON
INDIVIDUEL;BSK2611OF010614;2026-12-18;NON
INDIVIDUEL;BSK2611OF010615;2026-12-18;NON
INDIVIDUEL;BSK2611OF010665;2026-12-18;NON
INDIVIDUEL;BSK2611OF010666;2026-12-18;NON
INDIVIDUEL;BSK2611OF010667;2026-12-18;NON
INDIVIDUEL;BSK2611OF010670;2026-12-18;NON
INDIVIDUEL;BSK2611OF010672;2026-12-18;ÉCHOUÉ(poste indispo)
INDIVIDUEL;BSK2611OF010673;2026-12-18;NON
INDIVIDUEL;BSK2611OF010675;2026-12-18;NON
INDIVIDUEL;BSK2611OF010676;2026-12-18;NON
INDIVIDUEL;BSK2611OF010677;2026-12-18;OUI
INDIVIDUEL;BSK2611OF010678;2026-12-18;OUI
INDIVIDUEL;BSK2611OF010679;2026-12-18;OUI
INDIVIDUEL;BSK2611OF010680;2026-12-18;OUI
INDIVIDUEL;BSK2611OF010681;2026-12-18;OUI
INDIVIDUEL;BSK2611OF010682;2026-12-18;OUI
INDIVIDUEL;BSK2611OF010683;2026-12-18;OUI
INDIVIDUEL;BSK2612OF005924;2026-12-18;OUI
INDIVIDUEL;BSK2612OF005925;2026-12-18;OUI
INDIVIDUEL;BSK2612OF005926;2026-12-18;OUI
INDIVIDUEL;BSK2612OF005927;2026-12-18;OUI
INDIVIDUEL;BSK2612OF005928;2026-12-18;OUI
INDIVIDUEL;BSK2612OF005929;2026-12-18;OUI
INDIVIDUEL;BSK2612OF005930;2026-12-18;OUI
INDIVIDUEL;BSK2612OF005931;2026-12-18;OUI
INDIVIDUEL;BSK2612OF005932;2026-12-18;OUI
INDIVIDUEL;BSK2612OF005965;2026-12-18;OUI
INDIVIDUEL;BSK2612OF006274;2026-12-22;OUI
INDIVIDUEL;BSK2612OF006275;2026-12-22;OUI
INDIVIDUEL;BSK2701OF006667;2027-01-06;OUI
INDIVIDUEL;BSK2701OF006668;2027-01-06;OUI
INDIVIDUEL;BSK2701OF006669;2027-01-06;OUI
GRP411;BSK2701OF006664;2027-01-20;OUI
GRP411;BSK2612OF006007;2027-01-08;OUI
GRP411;BSK2612OF006008;2027-01-08;OUI
GRP411;BSK2612OF006009;2027-01-08;OUI
GRP411;BSK2612OF006010;2027-01-08;OUI
GRP411;BSK2612OF006011;2027-01-08;OUI
GRP411;BSK2612OF006012;2027-01-08;OUI
GRP411;BSK2612OF006013;2027-01-08;OUI
GRP411;BSK2612OF006014;2027-01-08;OUI
GRP411;BSK2612OF006015;2027-01-08;OUI
GRP411;BSK2612OF006016;2027-01-08;OUI
GRP411;BSK2612OF006017;2027-01-08;OUI
INDIVIDUEL;BSK2612OF005966;2027-01-08;OUI
INDIVIDUEL;BSK2612OF005967;2027-01-08;OUI
INDIVIDUEL;BSK2612OF005968;2027-01-08;OUI
INDIVIDUEL;BSK2612OF005969;2027-01-08;OUI
INDIVIDUEL;BSK2612OF005970;2027-01-08;OUI
INDIVIDUEL;BSK2612OF005971;2027-01-08;OUI
INDIVIDUEL;BSK2612OF005972;2027-01-08;OUI
INDIVIDUEL;BSK2612OF005973;2027-01-08;OUI
INDIVIDUEL;BSK2612OF005974;2027-01-08;OUI
INDIVIDUEL;BSK2612OF005975;2027-01-08;OUI
INDIVIDUEL;BSK2612OF005976;2027-01-08;OUI
INDIVIDUEL;BSK2612OF005977;2027-01-08;OUI
INDIVIDUEL;BSK2612OF005978;2027-01-08;OUI
INDIVIDUEL;BSK2612OF005979;2027-01-08;OUI
INDIVIDUEL;BSK2612OF005980;2027-01-08;OUI
INDIVIDUEL;BSK2612OF005981;2027-01-08;OUI
INDIVIDUEL;BSK2612OF005982;2027-01-08;OUI
INDIVIDUEL;BSK2612OF005983;2027-01-08;OUI
INDIVIDUEL;BSK2612OF005984;2027-01-08;OUI
INDIVIDUEL;BSK2612OF005985;2027-01-08;OUI
INDIVIDUEL;BSK2612OF005986;2027-01-08;OUI
INDIVIDUEL;BSK2612OF005987;2027-01-08;OUI
INDIVIDUEL;BSK2612OF005988;2027-01-08;OUI
INDIVIDUEL;BSK2612OF005989;2027-01-08;OUI
INDIVIDUEL;BSK2612OF005990;2027-01-08;OUI
INDIVIDUEL;BSK2612OF005991;2027-01-08;OUI
INDIVIDUEL;BSK2612OF005992;2027-01-08;OUI
INDIVIDUEL;BSK2612OF005993;2027-01-08;OUI
INDIVIDUEL;BSK2612OF006018;2027-01-08;OUI
INDIVIDUEL;BSK2612OF006019;2027-01-08;OUI
INDIVIDUEL;BSK2612OF006020;2027-01-08;OUI
INDIVIDUEL;BSK2612OF006021;2027-01-08;OUI
INDIVIDUEL;BSK2612OF006022;2027-01-08;OUI
INDIVIDUEL;BSK2612OF006023;2027-01-08;OUI
INDIVIDUEL;BSK2612OF006024;2027-01-08;OUI
INDIVIDUEL;BSK2612OF006025;2027-01-08;OUI
INDIVIDUEL;BSK2612OF006026;2027-01-08;OUI
INDIVIDUEL;BSK2612OF006027;2027-01-08;OUI
INDIVIDUEL;BSK2612OF006028;2027-01-08;OUI
INDIVIDUEL;BSK2612OF006029;2027-01-08;OUI
INDIVIDUEL;BSK2612OF006030;2027-01-08;OUI
INDIVIDUEL;BSK2612OF006031;2027-01-08;OUI
INDIVIDUEL;BSK2612OF006032;2027-01-08;OUI
INDIVIDUEL;BSK2612OF006033;2027-01-08;OUI
INDIVIDUEL;BSK2612OF006034;2027-01-08;OUI
INDIVIDUEL;BSK2612OF006035;2027-01-08;OUI
INDIVIDUEL;BSK2612OF006036;2027-01-08;OUI
INDIVIDUEL;BSK2612OF006037;2027-01-08;OUI
INDIVIDUEL;BSK2612OF006038;2027-01-08;NON
INDIVIDUEL;BSK2612OF006039;2027-01-08;NON
INDIVIDUEL;BSK2612OF006040;2027-01-08;NON
INDIVIDUEL;BSK2612OF006041;2027-01-08;NON
INDIVIDUEL;BSK2612OF006042;2027-01-08;NON
INDIVIDUEL;BSK2612OF006043;2027-01-08;NON
INDIVIDUEL;BSK2612OF006044;2027-01-08;NON
INDIVIDUEL;BSK2612OF006045;2027-01-08;NON
INDIVIDUEL;BSK2612OF006046;2027-01-08;NON
INDIVIDUEL;BSK2612OF006047;2027-01-08;NON
INDIVIDUEL;BSK2612OF006048;2027-01-08;NON
INDIVIDUEL;BSK2612OF006049;2027-01-08;NON
INDIVIDUEL;BSK2612OF006050;2027-01-08;NON
INDIVIDUEL;BSK2612OF006051;2027-01-08;NON
INDIVIDUEL;BSK2612OF006123;2027-01-08;OUI
GRP412;BSK2702OF005819;2027-02-05;NON
GRP412;BSK2702OF005820;2027-02-05;NON
GRP412;BSK2702OF005821;2027-02-05;NON
GRP412;BSK2612OF006084;2027-01-20;NON
GRP412;BSK2612OF006085;2027-01-20;NON
GRP413;BSK2702OF005923;2027-02-05;NON
GRP413;BSK2702OF005924;2027-02-05;NON
GRP413;BSK2612OF006062;2027-01-20;OUI
GRP413;BSK2612OF006063;2027-01-20;OUI
GRP413;BSK2612OF006064;2027-01-20;OUI
GRP413;BSK2612OF006065;2027-01-20;OUI
GRP413;BSK2612OF006066;2027-01-20;OUI
GRP413;BSK2612OF006067;2027-01-20;OUI
GRP413;BSK2612OF006068;2027-01-20;NON
GRP413;BSK2612OF006069;2027-01-20;NON
GRP413;BSK2612OF006070;2027-01-20;NON
INDIVIDUEL;BSK2612OF006106;2027-01-20;NON
INDIVIDUEL;BSK2612OF006107;2027-01-20;OUI
INDIVIDUEL;BSK2612OF006108;2027-01-20;NON
INDIVIDUEL;BSK2612OF006109;2027-01-20;NON
INDIVIDUEL;BSK2612OF005946;2027-01-20;NON
INDIVIDUEL;BSK2612OF005947;2027-01-20;NON
INDIVIDUEL;BSK2612OF005948;2027-01-20;NON
INDIVIDUEL;BSK2612OF005949;2027-01-20;NON
INDIVIDUEL;BSK2612OF005950;2027-01-20;NON
INDIVIDUEL;BSK2612OF005951;2027-01-20;NON
INDIVIDUEL;BSK2612OF005952;2027-01-20;NON
INDIVIDUEL;BSK2612OF005953;2027-01-20;NON
INDIVIDUEL;BSK2612OF005954;2027-01-20;ÉCHOUÉ(poste indispo)
INDIVIDUEL;BSK2612OF005957;2027-01-20;ÉCHOUÉ(poste indispo)
INDIVIDUEL;BSK2612OF005958;2027-01-20;ÉCHOUÉ(poste indispo)
INDIVIDUEL;BSK2612OF005964;2027-01-20;OUI
INDIVIDUEL;BSK2612OF006052;2027-01-20;OUI
INDIVIDUEL;BSK2612OF006053;2027-01-20;OUI
INDIVIDUEL;BSK2612OF006054;2027-01-20;NON
INDIVIDUEL;BSK2612OF006055;2027-01-20;NON
INDIVIDUEL;BSK2612OF006056;2027-01-20;NON
INDIVIDUEL;BSK2612OF006057;2027-01-20;NON
INDIVIDUEL;BSK2612OF006058;2027-01-20;NON
INDIVIDUEL;BSK2612OF006059;2027-01-20;NON
INDIVIDUEL;BSK2612OF006060;2027-01-20;NON
INDIVIDUEL;BSK2612OF006061;2027-01-20;NON
INDIVIDUEL;BSK2612OF006098;2027-01-20;NON
INDIVIDUEL;BSK2612OF006087;2027-01-20;OUI
INDIVIDUEL;BSK2612OF005933;2027-01-20;OUI
INDIVIDUEL;BSK2612OF005934;2027-01-20;OUI
INDIVIDUEL;BSK2612OF005935;2027-01-20;OUI
INDIVIDUEL;BSK2612OF005936;2027-01-20;OUI
INDIVIDUEL;BSK2612OF005937;2027-01-20;OUI
INDIVIDUEL;BSK2612OF005938;2027-01-20;OUI
INDIVIDUEL;BSK2612OF005939;2027-01-20;OUI
INDIVIDUEL;BSK2612OF005940;2027-01-20;OUI
INDIVIDUEL;BSK2612OF005941;2027-01-20;NON
INDIVIDUEL;BSK2612OF005942;2027-01-20;NON
INDIVIDUEL;BSK2612OF005943;2027-01-20;OUI
INDIVIDUEL;BSK2612OF005944;2027-01-20;OUI
INDIVIDUEL;BSK2612OF005945;2027-01-20;OUI
INDIVIDUEL;BSK2612OF005955;2027-01-20;NON
INDIVIDUEL;BSK2612OF005956;2027-01-20;NON
INDIVIDUEL;BSK2612OF005959;2027-01-20;ÉCHOUÉ(stock insuffisant)
INDIVIDUEL;BSK2612OF005960;2027-01-20;OUI
INDIVIDUEL;BSK2612OF005961;2027-01-20;OUI
INDIVIDUEL;BSK2612OF005962;2027-01-20;OUI
INDIVIDUEL;BSK2612OF005963;2027-01-20;NON
INDIVIDUEL;BSK2612OF006002;2027-01-20;NON
INDIVIDUEL;BSK2612OF006003;2027-01-20;OUI
INDIVIDUEL;BSK2612OF006004;2027-01-20;OUI
INDIVIDUEL;BSK2612OF006005;2027-01-20;OUI
INDIVIDUEL;BSK2612OF006006;2027-01-20;OUI
INDIVIDUEL;BSK2612OF006072;2027-01-20;NON
INDIVIDUEL;BSK2612OF006075;2027-01-20;ÉCHOUÉ(poste indispo)
INDIVIDUEL;BSK2612OF006076;2027-01-20;NON
INDIVIDUEL;BSK2612OF006077;2027-01-20;ÉCHOUÉ(stock insuffisant)
INDIVIDUEL;BSK2612OF006078;2027-01-20;ÉCHOUÉ(stock insuffisant)
INDIVIDUEL;BSK2612OF006081;2027-01-20;NON
INDIVIDUEL;BSK2612OF006082;2027-01-20;NON
INDIVIDUEL;BSK2612OF006086;2027-01-20;OUI
INDIVIDUEL;BSK2612OF006088;2027-01-20;OUI
INDIVIDUEL;BSK2612OF006089;2027-01-20;OUI
INDIVIDUEL;BSK2612OF006090;2027-01-20;NON
INDIVIDUEL;BSK2612OF006091;2027-01-20;NON
INDIVIDUEL;BSK2612OF006092;2027-01-20;NON
INDIVIDUEL;BSK2612OF006093;2027-01-20;NON
INDIVIDUEL;BSK2612OF006095;2027-01-20;OUI
INDIVIDUEL;BSK2612OF006096;2027-01-20;OUI
INDIVIDUEL;BSK2612OF006100;2027-01-20;OUI
INDIVIDUEL;BSK2612OF006101;2027-01-20;OUI
INDIVIDUEL;BSK2612OF006102;2027-01-20;ÉCHOUÉ(stock insuffisant)
INDIVIDUEL;BSK2612OF006103;2027-01-20;OUI
INDIVIDUEL;BSK2612OF006104;2027-01-20;OUI
INDIVIDUEL;BSK2612OF006105;2027-01-20;OUI
INDIVIDUEL;BSK2612OF006111;2027-01-20;NON
INDIVIDUEL;BSK2612OF006118;2027-01-20;OUI
INDIVIDUEL;BSK2612OF006119;2027-01-20;OUI
INDIVIDUEL;BSK2612OF006120;2027-01-20;OUI
INDIVIDUEL;BSK2612OF006121;2027-01-20;OUI
INDIVIDUEL;BSK2612OF006122;2027-01-20;OUI
INDIVIDUEL;BSK2612OF006124;2027-01-20;OUI
INDIVIDUEL;BSK2612OF006125;2027-01-20;OUI
INDIVIDUEL;BSK2701OF006133;2027-01-20;OUI
INDIVIDUEL;BSK2701OF006134;2027-01-20;OUI
INDIVIDUEL;BSK2701OF006135;2027-01-20;OUI
INDIVIDUEL;BSK2701OF006136;2027-01-20;OUI
INDIVIDUEL;BSK2701OF006137;2027-01-20;OUI
INDIVIDUEL;BSK2701OF006221;2027-01-20;OUI
INDIVIDUEL;BSK2701OF006222;2027-01-20;OUI
INDIVIDUEL;BSK2701OF006223;2027-01-20;OUI
INDIVIDUEL;BSK2701OF006633;2027-01-20;NON
INDIVIDUEL;BSK2701OF006435;2027-02-10;OUI
GRP417;BSK2703OF005436;2027-03-08;NON
GRP417;BSK2703OF005437;2027-03-08;NON
GRP417;BSK2703OF005438;2027-03-08;NON
GRP417;BSK2703OF005439;2027-03-08;NON
GRP417;BSK2703OF005440;2027-03-08;NON
GRP417;BSK2703OF005441;2027-03-08;NON
GRP417;BSK2701OF006283;2027-02-17;ÉCHOUÉ(poste indispo)
GRP417;BSK2701OF006284;2027-02-17;ÉCHOUÉ(poste indispo)
GRP417;BSK2701OF006285;2027-02-17;ÉCHOUÉ(poste indispo)
GRP417;BSK2701OF006286;2027-02-17;ÉCHOUÉ(poste indispo)
GRP417;BSK2701OF006287;2027-02-17;ÉCHOUÉ(poste indispo)
GRP417;BSK2701OF006288;2027-02-17;ÉCHOUÉ(poste indispo)
GRP417;BSK2701OF006289;2027-02-17;ÉCHOUÉ(poste indispo)
GRP418;BSK2702OF005920;2027-02-19;NON
GRP418;BSK2701OF006268;2027-02-17;NON
GRP419;BSK2703OF005455;2027-03-08;NON
GRP419;BSK2703OF005456;2027-03-08;NON
GRP419;BSK2701OF006405;2027-02-17;NON
GRP419;BSK2701OF006406;2027-02-17;NON
GRP420;BSK2703OF005458;2027-03-08;NON
GRP420;BSK2701OF006298;2027-02-17;OUI
INDIVIDUEL;BSK2701OF006355;2027-02-17;OUI
INDIVIDUEL;BSK2701OF006396;2027-02-17;OUI
INDIVIDUEL;BSK2701OF006397;2027-02-17;OUI
INDIVIDUEL;BSK2701OF006399;2027-02-17;OUI
INDIVIDUEL;BSK2701OF006400;2027-02-17;OUI
INDIVIDUEL;BSK2701OF006138;2027-02-17;OUI
INDIVIDUEL;BSK2701OF006183;2027-02-17;NON
INDIVIDUEL;BSK2701OF006184;2027-02-17;NON
INDIVIDUEL;BSK2701OF006185;2027-02-17;NON
INDIVIDUEL;BSK2701OF006187;2027-02-17;OUI
INDIVIDUEL;BSK2701OF006188;2027-02-17;NON
INDIVIDUEL;BSK2701OF006189;2027-02-17;NON
INDIVIDUEL;BSK2701OF006190;2027-02-17;NON
INDIVIDUEL;BSK2701OF006191;2027-02-17;NON
INDIVIDUEL;BSK2701OF006192;2027-02-17;NON
INDIVIDUEL;BSK2701OF006193;2027-02-17;NON
INDIVIDUEL;BSK2701OF006194;2027-02-17;NON
INDIVIDUEL;BSK2701OF006195;2027-02-17;NON
INDIVIDUEL;BSK2701OF006196;2027-02-17;NON
INDIVIDUEL;BSK2701OF006197;2027-02-17;NON
INDIVIDUEL;BSK2701OF006200;2027-02-17;ÉCHOUÉ(poste indispo)
INDIVIDUEL;BSK2701OF006201;2027-02-17;NON
INDIVIDUEL;BSK2701OF006207;2027-02-17;NON
INDIVIDUEL;BSK2701OF006208;2027-02-17;NON
INDIVIDUEL;BSK2701OF006209;2027-02-17;NON
INDIVIDUEL;BSK2701OF006210;2027-02-17;NON
INDIVIDUEL;BSK2701OF006211;2027-02-17;NON
INDIVIDUEL;BSK2701OF006212;2027-02-17;NON
INDIVIDUEL;BSK2701OF006226;2027-02-17;NON
INDIVIDUEL;BSK2701OF006227;2027-02-17;NON
INDIVIDUEL;BSK2701OF006228;2027-02-17;NON
INDIVIDUEL;BSK2701OF006229;2027-02-17;NON
INDIVIDUEL;BSK2701OF006401;2027-02-17;OUI
INDIVIDUEL;BSK2701OF006402;2027-02-17;NON
INDIVIDUEL;BSK2701OF006403;2027-02-17;NON
INDIVIDUEL;BSK2701OF006404;2027-02-17;NON
INDIVIDUEL;BSK2701OF006407;2027-02-17;OUI
INDIVIDUEL;BSK2701OF006408;2027-02-17;OUI
INDIVIDUEL;BSK2701OF006409;2027-02-17;OUI
INDIVIDUEL;BSK2701OF006410;2027-02-17;OUI
INDIVIDUEL;BSK2701OF006411;2027-02-17;OUI
INDIVIDUEL;BSK2701OF006412;2027-02-17;OUI
INDIVIDUEL;BSK2701OF006413;2027-02-17;OUI
INDIVIDUEL;BSK2701OF006414;2027-02-17;OUI
INDIVIDUEL;BSK2701OF006415;2027-02-17;OUI
INDIVIDUEL;BSK2701OF006416;2027-02-17;NON
INDIVIDUEL;BSK2701OF006417;2027-02-17;NON
INDIVIDUEL;BSK2701OF006418;2027-02-17;NON
INDIVIDUEL;BSK2701OF006419;2027-02-17;NON
INDIVIDUEL;BSK2701OF006420;2027-02-17;OUI
INDIVIDUEL;BSK2701OF006424;2027-02-17;OUI
INDIVIDUEL;BSK2701OF006139;2027-02-17;OUI
INDIVIDUEL;BSK2701OF006140;2027-02-17;OUI
INDIVIDUEL;BSK2701OF006141;2027-02-17;NON
INDIVIDUEL;BSK2701OF006142;2027-02-17;NON
INDIVIDUEL;BSK2701OF006143;2027-02-17;OUI
INDIVIDUEL;BSK2701OF006144;2027-02-17;OUI
INDIVIDUEL;BSK2701OF006145;2027-02-17;OUI
INDIVIDUEL;BSK2701OF006146;2027-02-17;OUI
INDIVIDUEL;BSK2701OF006147;2027-02-17;OUI
INDIVIDUEL;BSK2701OF006148;2027-02-17;OUI
INDIVIDUEL;BSK2701OF006149;2027-02-17;OUI
INDIVIDUEL;BSK2701OF006150;2027-02-17;OUI
INDIVIDUEL;BSK2701OF006151;2027-02-17;OUI
INDIVIDUEL;BSK2701OF006152;2027-02-17;OUI
INDIVIDUEL;BSK2701OF006153;2027-02-17;NON
INDIVIDUEL;BSK2701OF006154;2027-02-17;NON
INDIVIDUEL;BSK2701OF006155;2027-02-17;NON
INDIVIDUEL;BSK2701OF006156;2027-02-17;NON
INDIVIDUEL;BSK2701OF006157;2027-02-17;NON
INDIVIDUEL;BSK2701OF006158;2027-02-17;NON
INDIVIDUEL;BSK2701OF006159;2027-02-17;NON
INDIVIDUEL;BSK2701OF006160;2027-02-17;NON
INDIVIDUEL;BSK2701OF006161;2027-02-17;NON
INDIVIDUEL;BSK2701OF006162;2027-02-17;NON
INDIVIDUEL;BSK2701OF006163;2027-02-17;NON
INDIVIDUEL;BSK2701OF006164;2027-02-17;NON
INDIVIDUEL;BSK2701OF006165;2027-02-17;NON
INDIVIDUEL;BSK2701OF006166;2027-02-17;NON
INDIVIDUEL;BSK2701OF006167;2027-02-17;NON
INDIVIDUEL;BSK2701OF006168;2027-02-17;NON
INDIVIDUEL;BSK2701OF006169;2027-02-17;NON
INDIVIDUEL;BSK2701OF006170;2027-02-17;NON
INDIVIDUEL;BSK2701OF006171;2027-02-17;NON
INDIVIDUEL;BSK2701OF006172;2027-02-17;NON
INDIVIDUEL;BSK2701OF006173;2027-02-17;NON
INDIVIDUEL;BSK2701OF006174;2027-02-17;NON
INDIVIDUEL;BSK2701OF006175;2027-02-17;NON
INDIVIDUEL;BSK2701OF006176;2027-02-17;NON
INDIVIDUEL;BSK2701OF006177;2027-02-17;NON
INDIVIDUEL;BSK2701OF006178;2027-02-17;OUI
INDIVIDUEL;BSK2701OF006179;2027-02-17;OUI
INDIVIDUEL;BSK2701OF006180;2027-02-17;OUI
INDIVIDUEL;BSK2701OF006181;2027-02-17;ÉCHOUÉ(stock insuffisant)
INDIVIDUEL;BSK2701OF006182;2027-02-17;ÉCHOUÉ(stock insuffisant)
INDIVIDUEL;BSK2701OF006186;2027-02-17;OUI
INDIVIDUEL;BSK2701OF006198;2027-02-17;OUI
INDIVIDUEL;BSK2701OF006199;2027-02-17;NON
INDIVIDUEL;BSK2701OF006202;2027-02-17;OUI
INDIVIDUEL;BSK2701OF006203;2027-02-17;OUI
INDIVIDUEL;BSK2701OF006204;2027-02-17;OUI
INDIVIDUEL;BSK2701OF006205;2027-02-17;OUI
INDIVIDUEL;BSK2701OF006206;2027-02-17;OUI
INDIVIDUEL;BSK2701OF006213;2027-02-17;OUI
INDIVIDUEL;BSK2701OF006214;2027-02-17;OUI
INDIVIDUEL;BSK2701OF006215;2027-02-17;OUI
INDIVIDUEL;BSK2701OF006216;2027-02-17;OUI
INDIVIDUEL;BSK2701OF006217;2027-02-17;OUI
INDIVIDUEL;BSK2701OF006218;2027-02-17;OUI
INDIVIDUEL;BSK2701OF006219;2027-02-17;OUI
INDIVIDUEL;BSK2701OF006220;2027-02-17;NON
INDIVIDUEL;BSK2701OF006224;2027-02-17;OUI
INDIVIDUEL;BSK2701OF006225;2027-02-17;NON
INDIVIDUEL;BSK2701OF006236;2027-02-17;OUI
INDIVIDUEL;BSK2701OF006237;2027-02-17;OUI
INDIVIDUEL;BSK2701OF006238;2027-02-17;OUI
INDIVIDUEL;BSK2701OF006239;2027-02-17;NON
INDIVIDUEL;BSK2701OF006240;2027-02-17;NON
INDIVIDUEL;BSK2701OF006241;2027-02-17;NON
INDIVIDUEL;BSK2701OF006242;2027-02-17;NON
INDIVIDUEL;BSK2701OF006243;2027-02-17;NON
INDIVIDUEL;BSK2701OF006244;2027-02-17;NON
INDIVIDUEL;BSK2701OF006245;2027-02-17;OUI
INDIVIDUEL;BSK2701OF006246;2027-02-17;OUI
INDIVIDUEL;BSK2701OF006247;2027-02-17;OUI
INDIVIDUEL;BSK2701OF006248;2027-02-17;ÉCHOUÉ(stock insuffisant)
INDIVIDUEL;BSK2701OF006249;2027-02-17;OUI
INDIVIDUEL;BSK2701OF006250;2027-02-17;NON
INDIVIDUEL;BSK2701OF006251;2027-02-17;NON
INDIVIDUEL;BSK2701OF006252;2027-02-17;NON
INDIVIDUEL;BSK2701OF006253;2027-02-17;NON
INDIVIDUEL;BSK2701OF006254;2027-02-17;NON
INDIVIDUEL;BSK2701OF006255;2027-02-17;NON
INDIVIDUEL;BSK2701OF006256;2027-02-17;NON
INDIVIDUEL;BSK2701OF006257;2027-02-17;NON
INDIVIDUEL;BSK2701OF006258;2027-02-17;NON
INDIVIDUEL;BSK2701OF006259;2027-02-17;NON
INDIVIDUEL;BSK2701OF006260;2027-02-17;NON
INDIVIDUEL;BSK2701OF006261;2027-02-17;NON
INDIVIDUEL;BSK2701OF006262;2027-02-17;NON
INDIVIDUEL;BSK2701OF006263;2027-02-17;NON
INDIVIDUEL;BSK2701OF006264;2027-02-17;NON
INDIVIDUEL;BSK2701OF006265;2027-02-17;NON
INDIVIDUEL;BSK2701OF006266;2027-02-17;NON
INDIVIDUEL;BSK2701OF006267;2027-02-17;NON
INDIVIDUEL;BSK2701OF006275;2027-02-17;OUI
INDIVIDUEL;BSK2701OF006276;2027-02-17;OUI
INDIVIDUEL;BSK2701OF006277;2027-02-17;NON
INDIVIDUEL;BSK2701OF006278;2027-02-17;NON
INDIVIDUEL;BSK2701OF006279;2027-02-17;NON
INDIVIDUEL;BSK2701OF006280;2027-02-17;NON
INDIVIDUEL;BSK2701OF006281;2027-02-17;NON
INDIVIDUEL;BSK2701OF006282;2027-02-17;ÉCHOUÉ(poste indispo)
INDIVIDUEL;BSK2701OF006290;2027-02-17;OUI
INDIVIDUEL;BSK2701OF006291;2027-02-17;OUI
INDIVIDUEL;BSK2701OF006292;2027-02-17;OUI
INDIVIDUEL;BSK2701OF006293;2027-02-17;NON
INDIVIDUEL;BSK2701OF006294;2027-02-17;NON
INDIVIDUEL;BSK2701OF006295;2027-02-17;NON
INDIVIDUEL;BSK2701OF006296;2027-02-17;NON
INDIVIDUEL;BSK2701OF006297;2027-02-17;OUI
INDIVIDUEL;BSK2701OF006299;2027-02-17;NON
INDIVIDUEL;BSK2701OF006300;2027-02-17;NON
INDIVIDUEL;BSK2701OF006301;2027-02-17;ÉCHOUÉ(stock insuffisant)
INDIVIDUEL;BSK2701OF006302;2027-02-17;OUI
INDIVIDUEL;BSK2701OF006303;2027-02-17;OUI
INDIVIDUEL;BSK2701OF006304;2027-02-17;ÉCHOUÉ(stock insuffisant)
INDIVIDUEL;BSK2701OF006307;2027-02-17;NON
INDIVIDUEL;BSK2701OF006328;2027-02-17;OUI
INDIVIDUEL;BSK2701OF006329;2027-02-17;OUI
INDIVIDUEL;BSK2701OF006330;2027-02-17;NON
INDIVIDUEL;BSK2701OF006335;2027-02-17;OUI
INDIVIDUEL;BSK2701OF006336;2027-02-17;NON
INDIVIDUEL;BSK2701OF006337;2027-02-17;OUI
INDIVIDUEL;BSK2701OF006340;2027-02-17;NON
INDIVIDUEL;BSK2701OF006341;2027-02-17;NON
INDIVIDUEL;BSK2701OF006342;2027-02-17;NON
INDIVIDUEL;BSK2701OF006343;2027-02-17;NON
INDIVIDUEL;BSK2701OF006344;2027-02-17;NON
INDIVIDUEL;BSK2701OF006345;2027-02-17;ÉCHOUÉ(stock insuffisant)
INDIVIDUEL;BSK2701OF006346;2027-02-17;NON
INDIVIDUEL;BSK2701OF006347;2027-02-17;NON
INDIVIDUEL;BSK2701OF006348;2027-02-17;NON
INDIVIDUEL;BSK2701OF006349;2027-02-17;NON
INDIVIDUEL;BSK2701OF006350;2027-02-17;NON
INDIVIDUEL;BSK2701OF006351;2027-02-17;NON
INDIVIDUEL;BSK2701OF006352;2027-02-17;NON
INDIVIDUEL;BSK2701OF006353;2027-02-17;OUI
INDIVIDUEL;BSK2701OF006354;2027-02-17;NON
INDIVIDUEL;BSK2701OF006357;2027-02-17;NON
INDIVIDUEL;BSK2701OF006358;2027-02-17;NON
INDIVIDUEL;BSK2701OF006360;2027-02-17;OUI
INDIVIDUEL;BSK2701OF006361;2027-02-17;OUI
INDIVIDUEL;BSK2701OF006362;2027-02-17;OUI
INDIVIDUEL;BSK2701OF006363;2027-02-17;OUI
INDIVIDUEL;BSK2701OF006364;2027-02-17;NON
INDIVIDUEL;BSK2701OF006365;2027-02-17;NON
INDIVIDUEL;BSK2701OF006366;2027-02-17;NON
INDIVIDUEL;BSK2701OF006367;2027-02-17;NON
INDIVIDUEL;BSK2701OF006368;2027-02-17;NON
INDIVIDUEL;BSK2701OF006369;2027-02-17;NON
INDIVIDUEL;BSK2701OF006370;2027-02-17;NON
INDIVIDUEL;BSK2701OF006371;2027-02-17;NON
INDIVIDUEL;BSK2701OF006372;2027-02-17;NON
INDIVIDUEL;BSK2701OF006373;2027-02-17;NON
INDIVIDUEL;BSK2701OF006374;2027-02-17;NON
INDIVIDUEL;BSK2701OF006375;2027-02-17;NON
INDIVIDUEL;BSK2701OF006376;2027-02-17;NON
INDIVIDUEL;BSK2701OF006377;2027-02-17;OUI
INDIVIDUEL;BSK2701OF006378;2027-02-17;OUI
INDIVIDUEL;BSK2701OF006379;2027-02-17;OUI
INDIVIDUEL;BSK2701OF006380;2027-02-17;OUI
INDIVIDUEL;BSK2701OF006381;2027-02-17;OUI
INDIVIDUEL;BSK2701OF006382;2027-02-17;OUI
INDIVIDUEL;BSK2701OF006383;2027-02-17;OUI
INDIVIDUEL;BSK2701OF006384;2027-02-17;OUI
INDIVIDUEL;BSK2701OF006385;2027-02-17;OUI
INDIVIDUEL;BSK2701OF006386;2027-02-17;OUI
INDIVIDUEL;BSK2701OF006387;2027-02-17;OUI
INDIVIDUEL;BSK2701OF006388;2027-02-17;OUI
INDIVIDUEL;BSK2701OF006389;2027-02-17;OUI
INDIVIDUEL;BSK2701OF006390;2027-02-17;OUI
INDIVIDUEL;BSK2701OF006391;2027-02-17;OUI
INDIVIDUEL;BSK2701OF006392;2027-02-17;OUI
INDIVIDUEL;BSK2701OF006393;2027-02-17;OUI
INDIVIDUEL;BSK2701OF006394;2027-02-17;NON
INDIVIDUEL;BSK2701OF006430;2027-02-17;OUI
INDIVIDUEL;BSK2701OF006431;2027-02-17;OUI
INDIVIDUEL;BSK2701OF006432;2027-02-17;OUI
INDIVIDUEL;BSK2701OF006433;2027-02-17;OUI
INDIVIDUEL;BSK2701OF006434;2027-02-17;OUI
INDIVIDUEL;BSK2701OF006436;2027-02-17;OUI
INDIVIDUEL;BSK2701OF006437;2027-02-17;OUI
INDIVIDUEL;BSK2702OF005658;2027-02-17;OUI
INDIVIDUEL;BSK2702OF005659;2027-02-17;OUI
INDIVIDUEL;BSK2702OF005660;2027-02-17;OUI
INDIVIDUEL;BSK2702OF005661;2027-02-17;OUI
INDIVIDUEL;BSK2702OF005662;2027-02-17;OUI
INDIVIDUEL;BSK2702OF005663;2027-02-17;OUI
INDIVIDUEL;BSK2702OF005664;2027-02-17;OUI
INDIVIDUEL;BSK2702OF005665;2027-02-17;OUI
INDIVIDUEL;BSK2702OF005666;2027-02-17;OUI
INDIVIDUEL;BSK2702OF005702;2027-02-17;OUI
INDIVIDUEL;BSK2702OF005703;2027-02-17;OUI
INDIVIDUEL;BSK2702OF005953;2027-02-18;NON
INDIVIDUEL;BSK2702OF005954;2027-02-18;NON
INDIVIDUEL;BSK2702OF005955;2027-02-18;NON
INDIVIDUEL;BSK2702OF005921;2027-02-19;OUI
INDIVIDUEL;BSK2702OF005816;2027-03-10;OUI
INDIVIDUEL;BSK2703OF005478;2027-03-10;OUI
INDIVIDUEL;BSK2702OF005765;2027-03-15;OUI
INDIVIDUEL;BSK2702OF005750;2027-03-16;NON
INDIVIDUEL;BSK2703OF005315;2027-03-16;OUI
GRP424;BSK2704OF005712;2027-04-08;NON
GRP424;BSK2704OF005713;2027-04-08;NON
GRP424;BSK2702OF005800;2027-03-19;NON
GRP424;BSK2702OF005801;2027-03-19;NON
GRP424;BSK2702OF005802;2027-03-19;NON
GRP425;BSK2704OF005726;2027-04-08;ÉCHOUÉ(poste indispo)
GRP425;BSK2704OF005727;2027-04-08;ÉCHOUÉ(poste indispo)
GRP425;BSK2704OF005728;2027-04-08;ÉCHOUÉ(poste indispo)
GRP425;BSK2702OF005756;2027-03-19;ÉCHOUÉ(stock insuffisant)
GRP425;BSK2702OF005757;2027-03-19;ÉCHOUÉ(stock insuffisant)
GRP426;BSK2704OF005849;2027-04-08;NON
GRP426;BSK2702OF005712;2027-03-19;OUI
INDIVIDUEL;BSK2702OF005741;2027-03-19;OUI
INDIVIDUEL;BSK2702OF005742;2027-03-19;OUI
INDIVIDUEL;BSK2702OF005743;2027-03-19;OUI
INDIVIDUEL;BSK2702OF005744;2027-03-19;OUI
INDIVIDUEL;BSK2702OF005808;2027-03-19;OUI
INDIVIDUEL;BSK2702OF005677;2027-03-19;NON
INDIVIDUEL;BSK2702OF005678;2027-03-19;NON
INDIVIDUEL;BSK2702OF005679;2027-03-19;NON
INDIVIDUEL;BSK2702OF005680;2027-03-19;NON
INDIVIDUEL;BSK2702OF005681;2027-03-19;NON
INDIVIDUEL;BSK2702OF005682;2027-03-19;NON
INDIVIDUEL;BSK2702OF005683;2027-03-19;NON
INDIVIDUEL;BSK2702OF005684;2027-03-19;ÉCHOUÉ(stock insuffisant)
INDIVIDUEL;BSK2702OF005685;2027-03-19;OUI
INDIVIDUEL;BSK2702OF005686;2027-03-19;OUI
INDIVIDUEL;BSK2702OF005687;2027-03-19;OUI
INDIVIDUEL;BSK2702OF005688;2027-03-19;OUI
INDIVIDUEL;BSK2702OF005689;2027-03-19;OUI
INDIVIDUEL;BSK2702OF005690;2027-03-19;OUI
INDIVIDUEL;BSK2702OF005691;2027-03-19;OUI
INDIVIDUEL;BSK2702OF005692;2027-03-19;OUI
INDIVIDUEL;BSK2702OF005693;2027-03-19;OUI
INDIVIDUEL;BSK2702OF005694;2027-03-19;OUI
INDIVIDUEL;BSK2702OF005695;2027-03-19;OUI
INDIVIDUEL;BSK2702OF005696;2027-03-19;NON
INDIVIDUEL;BSK2702OF005697;2027-03-19;NON
INDIVIDUEL;BSK2702OF005698;2027-03-19;NON
INDIVIDUEL;BSK2702OF005701;2027-03-19;OUI
INDIVIDUEL;BSK2702OF005718;2027-03-19;OUI
INDIVIDUEL;BSK2702OF005729;2027-03-19;NON
INDIVIDUEL;BSK2702OF005730;2027-03-19;NON
INDIVIDUEL;BSK2702OF005731;2027-03-19;NON
INDIVIDUEL;BSK2702OF005732;2027-03-19;ÉCHOUÉ(stock insuffisant)
INDIVIDUEL;BSK2702OF005733;2027-03-19;ÉCHOUÉ(stock insuffisant)
INDIVIDUEL;BSK2702OF005734;2027-03-19;ÉCHOUÉ(stock insuffisant)
INDIVIDUEL;BSK2702OF005793;2027-03-19;NON
INDIVIDUEL;BSK2702OF005667;2027-03-19;OUI
INDIVIDUEL;BSK2702OF005668;2027-03-19;OUI
INDIVIDUEL;BSK2702OF005669;2027-03-19;OUI
INDIVIDUEL;BSK2702OF005670;2027-03-19;OUI
INDIVIDUEL;BSK2702OF005671;2027-03-19;OUI
INDIVIDUEL;BSK2702OF005672;2027-03-19;OUI
INDIVIDUEL;BSK2702OF005673;2027-03-19;OUI
INDIVIDUEL;BSK2702OF005674;2027-03-19;OUI
INDIVIDUEL;BSK2702OF005675;2027-03-19;OUI
INDIVIDUEL;BSK2702OF005676;2027-03-19;OUI
INDIVIDUEL;BSK2702OF005699;2027-03-19;OUI
INDIVIDUEL;BSK2702OF005700;2027-03-19;ÉCHOUÉ(stock insuffisant)
INDIVIDUEL;BSK2702OF005704;2027-03-19;OUI
INDIVIDUEL;BSK2702OF005705;2027-03-19;OUI
INDIVIDUEL;BSK2702OF005706;2027-03-19;OUI
INDIVIDUEL;BSK2702OF005707;2027-03-19;OUI
INDIVIDUEL;BSK2702OF005708;2027-03-19;OUI
INDIVIDUEL;BSK2702OF005709;2027-03-19;OUI
INDIVIDUEL;BSK2702OF005710;2027-03-19;OUI
INDIVIDUEL;BSK2702OF005711;2027-03-19;OUI
INDIVIDUEL;BSK2702OF005713;2027-03-19;OUI
INDIVIDUEL;BSK2702OF005719;2027-03-19;NON
INDIVIDUEL;BSK2702OF005720;2027-03-19;NON
INDIVIDUEL;BSK2702OF005721;2027-03-19;NON
INDIVIDUEL;BSK2702OF005735;2027-03-19;NON
INDIVIDUEL;BSK2702OF005736;2027-03-19;NON
INDIVIDUEL;BSK2702OF005737;2027-03-19;NON
INDIVIDUEL;BSK2702OF005738;2027-03-19;NON
INDIVIDUEL;BSK2702OF005739;2027-03-19;ÉCHOUÉ(stock insuffisant)
INDIVIDUEL;BSK2702OF005740;2027-03-19;NON
INDIVIDUEL;BSK2702OF005745;2027-03-19;OUI
INDIVIDUEL;BSK2702OF005746;2027-03-19;OUI
INDIVIDUEL;BSK2702OF005747;2027-03-19;OUI
INDIVIDUEL;BSK2702OF005748;2027-03-19;OUI
INDIVIDUEL;BSK2702OF005749;2027-03-19;OUI
INDIVIDUEL;BSK2702OF005751;2027-03-19;OUI
INDIVIDUEL;BSK2702OF005752;2027-03-19;OUI
INDIVIDUEL;BSK2702OF005753;2027-03-19;OUI
INDIVIDUEL;BSK2702OF005754;2027-03-19;OUI
INDIVIDUEL;BSK2702OF005755;2027-03-19;ÉCHOUÉ(stock insuffisant)
INDIVIDUEL;BSK2702OF005768;2027-03-19;OUI
INDIVIDUEL;BSK2702OF005769;2027-03-19;OUI
INDIVIDUEL;BSK2702OF005770;2027-03-19;OUI
INDIVIDUEL;BSK2702OF005771;2027-03-19;OUI
INDIVIDUEL;BSK2702OF005772;2027-03-19;ÉCHOUÉ(stock insuffisant)
INDIVIDUEL;BSK2702OF005773;2027-03-19;OUI
INDIVIDUEL;BSK2702OF005774;2027-03-19;OUI
INDIVIDUEL;BSK2702OF005775;2027-03-19;OUI
INDIVIDUEL;BSK2702OF005776;2027-03-19;ÉCHOUÉ(stock insuffisant)
INDIVIDUEL;BSK2702OF005778;2027-03-19;ÉCHOUÉ(stock insuffisant)
INDIVIDUEL;BSK2702OF005779;2027-03-19;ÉCHOUÉ(stock insuffisant)
INDIVIDUEL;BSK2702OF005780;2027-03-19;ÉCHOUÉ(stock insuffisant)
INDIVIDUEL;BSK2702OF005781;2027-03-19;ÉCHOUÉ(stock insuffisant)
INDIVIDUEL;BSK2702OF005794;2027-03-19;OUI
INDIVIDUEL;BSK2702OF005795;2027-03-19;OUI
INDIVIDUEL;BSK2702OF005796;2027-03-19;OUI
INDIVIDUEL;BSK2702OF005799;2027-03-19;OUI
INDIVIDUEL;BSK2702OF005811;2027-03-19;OUI
INDIVIDUEL;BSK2702OF005812;2027-03-19;OUI
INDIVIDUEL;BSK2702OF005813;2027-03-19;OUI
INDIVIDUEL;BSK2702OF005814;2027-03-19;OUI
INDIVIDUEL;BSK2702OF005815;2027-03-19;OUI
INDIVIDUEL;BSK2702OF005817;2027-03-19;OUI
INDIVIDUEL;BSK2702OF005818;2027-03-19;OUI
INDIVIDUEL;BSK2703OF005286;2027-03-19;OUI
INDIVIDUEL;BSK2703OF005287;2027-03-19;OUI
INDIVIDUEL;BSK2703OF005288;2027-03-19;OUI
INDIVIDUEL;BSK2703OF005289;2027-03-19;OUI
INDIVIDUEL;BSK2703OF005311;2027-03-19;OUI
INDIVIDUEL;BSK2703OF005312;2027-03-19;OUI
INDIVIDUEL;BSK2703OF005313;2027-03-19;OUI
INDIVIDUEL;BSK2703OF005314;2027-03-19;OUI
INDIVIDUEL;BSK2703OF005536;2027-03-19;OUI
INDIVIDUEL;BSK2704OF005883;2027-04-08;OUI
INDIVIDUEL;BSK2704OF005884;2027-04-08;OUI
INDIVIDUEL;BSK2704OF005885;2027-04-08;OUI
INDIVIDUEL;BSK2703OF005423;2027-04-09;OUI
GRP430;BSK2704OF005897;2027-04-29;OUI
GRP430;BSK2704OF005898;2027-04-29;OUI
GRP430;BSK2704OF005899;2027-04-29;OUI
GRP430;BSK2704OF005900;2027-04-29;OUI
GRP430;BSK2704OF005901;2027-04-29;OUI
GRP430;BSK2704OF005902;2027-04-29;OUI
GRP430;BSK2703OF005396;2027-04-19;OUI
GRP430;BSK2703OF005397;2027-04-19;OUI
GRP430;BSK2703OF005398;2027-04-19;OUI
GRP430;BSK2703OF005399;2027-04-19;NON
GRP430;BSK2703OF005400;2027-04-19;NON
GRP430;BSK2703OF005401;2027-04-19;NON
GRP430;BSK2703OF005402;2027-04-19;NON
GRP430;BSK2703OF005403;2027-04-19;NON
GRP430;BSK2703OF005404;2027-04-19;NON
GRP430;BSK2703OF005405;2027-04-19;NON
GRP430;BSK2703OF005406;2027-04-19;NON
GRP430;BSK2703OF005407;2027-04-19;NON
INDIVIDUEL;BSK2703OF005298;2027-04-19;OUI
INDIVIDUEL;BSK2703OF005299;2027-04-19;NON
INDIVIDUEL;BSK2703OF005300;2027-04-19;NON
INDIVIDUEL;BSK2703OF005301;2027-04-19;NON
INDIVIDUEL;BSK2703OF005302;2027-04-19;NON
INDIVIDUEL;BSK2703OF005303;2027-04-19;OUI
INDIVIDUEL;BSK2703OF005304;2027-04-19;OUI
INDIVIDUEL;BSK2703OF005305;2027-04-19;OUI
INDIVIDUEL;BSK2703OF005306;2027-04-19;OUI
INDIVIDUEL;BSK2703OF005307;2027-04-19;NON
INDIVIDUEL;BSK2703OF005317;2027-04-19;NON
INDIVIDUEL;BSK2703OF005318;2027-04-19;NON
INDIVIDUEL;BSK2703OF005319;2027-04-19;ÉCHOUÉ(stock insuffisant)
INDIVIDUEL;BSK2703OF005320;2027-04-19;ÉCHOUÉ(stock insuffisant)
INDIVIDUEL;BSK2703OF005333;2027-04-19;OUI
INDIVIDUEL;BSK2703OF005334;2027-04-19;OUI
INDIVIDUEL;BSK2703OF005335;2027-04-19;ÉCHOUÉ(stock insuffisant)
INDIVIDUEL;BSK2703OF005336;2027-04-19;ÉCHOUÉ(stock insuffisant)
INDIVIDUEL;BSK2703OF005337;2027-04-19;ÉCHOUÉ(stock insuffisant)
INDIVIDUEL;BSK2703OF005338;2027-04-19;ÉCHOUÉ(stock insuffisant)
INDIVIDUEL;BSK2703OF005390;2027-04-19;OUI
INDIVIDUEL;BSK2703OF005391;2027-04-19;ÉCHOUÉ(stock insuffisant)
INDIVIDUEL;BSK2703OF005392;2027-04-19;ÉCHOUÉ(stock insuffisant)
INDIVIDUEL;BSK2703OF005393;2027-04-19;OUI
INDIVIDUEL;BSK2703OF005290;2027-04-19;OUI
INDIVIDUEL;BSK2703OF005291;2027-04-19;OUI
INDIVIDUEL;BSK2703OF005292;2027-04-19;OUI
INDIVIDUEL;BSK2703OF005293;2027-04-19;OUI
INDIVIDUEL;BSK2703OF005294;2027-04-19;OUI
INDIVIDUEL;BSK2703OF005295;2027-04-19;OUI
INDIVIDUEL;BSK2703OF005296;2027-04-19;NON
INDIVIDUEL;BSK2703OF005297;2027-04-19;ÉCHOUÉ(stock insuffisant)
INDIVIDUEL;BSK2703OF005308;2027-04-19;NON
INDIVIDUEL;BSK2703OF005309;2027-04-19;NON
INDIVIDUEL;BSK2703OF005310;2027-04-19;NON
INDIVIDUEL;BSK2703OF005316;2027-04-19;NON
INDIVIDUEL;BSK2703OF005328;2027-04-19;OUI
INDIVIDUEL;BSK2703OF005329;2027-04-19;OUI
INDIVIDUEL;BSK2703OF005330;2027-04-19;NON
INDIVIDUEL;BSK2703OF005331;2027-04-19;ÉCHOUÉ(stock insuffisant)
INDIVIDUEL;BSK2703OF005339;2027-04-19;OUI
INDIVIDUEL;BSK2703OF005340;2027-04-19;OUI
INDIVIDUEL;BSK2703OF005341;2027-04-19;NON
INDIVIDUEL;BSK2703OF005342;2027-04-19;NON
INDIVIDUEL;BSK2703OF005343;2027-04-19;NON
INDIVIDUEL;BSK2703OF005344;2027-04-19;NON
INDIVIDUEL;BSK2703OF005345;2027-04-19;NON
INDIVIDUEL;BSK2703OF005346;2027-04-19;NON
INDIVIDUEL;BSK2703OF005347;2027-04-19;NON
INDIVIDUEL;BSK2703OF005348;2027-04-19;NON
INDIVIDUEL;BSK2703OF005349;2027-04-19;NON
INDIVIDUEL;BSK2703OF005350;2027-04-19;NON
INDIVIDUEL;BSK2703OF005351;2027-04-19;ÉCHOUÉ(stock insuffisant)
INDIVIDUEL;BSK2703OF005352;2027-04-19;ÉCHOUÉ(stock insuffisant)
INDIVIDUEL;BSK2703OF005353;2027-04-19;NON
INDIVIDUEL;BSK2703OF005354;2027-04-19;NON
INDIVIDUEL;BSK2703OF005355;2027-04-19;NON
INDIVIDUEL;BSK2703OF005356;2027-04-19;NON
INDIVIDUEL;BSK2703OF005357;2027-04-19;ÉCHOUÉ(poste indispo)
INDIVIDUEL;BSK2703OF005358;2027-04-19;ÉCHOUÉ(poste indispo)
INDIVIDUEL;BSK2703OF005360;2027-04-19;NON
INDIVIDUEL;BSK2703OF005361;2027-04-19;ÉCHOUÉ(stock insuffisant)
INDIVIDUEL;BSK2703OF005365;2027-04-19;OUI
INDIVIDUEL;BSK2703OF005366;2027-04-19;OUI
INDIVIDUEL;BSK2703OF005367;2027-04-19;OUI
INDIVIDUEL;BSK2703OF005368;2027-04-19;OUI
INDIVIDUEL;BSK2703OF005372;2027-04-19;OUI
INDIVIDUEL;BSK2703OF005373;2027-04-19;OUI
INDIVIDUEL;BSK2703OF005374;2027-04-19;ÉCHOUÉ(stock insuffisant)
INDIVIDUEL;BSK2703OF005375;2027-04-19;OUI
INDIVIDUEL;BSK2703OF005376;2027-04-19;NON
INDIVIDUEL;BSK2703OF005377;2027-04-19;NON
INDIVIDUEL;BSK2703OF005378;2027-04-19;NON
INDIVIDUEL;BSK2703OF005379;2027-04-19;NON
INDIVIDUEL;BSK2703OF005380;2027-04-19;NON
INDIVIDUEL;BSK2703OF005381;2027-04-19;NON
INDIVIDUEL;BSK2703OF005382;2027-04-19;NON
INDIVIDUEL;BSK2703OF005383;2027-04-19;NON
INDIVIDUEL;BSK2703OF005384;2027-04-19;NON
INDIVIDUEL;BSK2703OF005385;2027-04-19;NON
INDIVIDUEL;BSK2703OF005386;2027-04-19;NON
INDIVIDUEL;BSK2703OF005387;2027-04-19;NON
INDIVIDUEL;BSK2703OF005389;2027-04-19;NON
INDIVIDUEL;BSK2703OF005394;2027-04-19;NON
INDIVIDUEL;BSK2703OF005395;2027-04-19;NON
INDIVIDUEL;BSK2703OF005408;2027-04-19;NON
INDIVIDUEL;BSK2703OF005410;2027-04-19;NON
INDIVIDUEL;BSK2703OF005411;2027-04-19;OUI
INDIVIDUEL;BSK2703OF005413;2027-04-19;NON
INDIVIDUEL;BSK2703OF005414;2027-04-19;NON
INDIVIDUEL;BSK2703OF005415;2027-04-19;NON
INDIVIDUEL;BSK2703OF005416;2027-04-19;OUI
INDIVIDUEL;BSK2703OF005417;2027-04-19;OUI
INDIVIDUEL;BSK2703OF005418;2027-04-19;OUI
INDIVIDUEL;BSK2703OF005419;2027-04-19;OUI
INDIVIDUEL;BSK2703OF005420;2027-04-19;OUI
INDIVIDUEL;BSK2703OF005421;2027-04-19;OUI
INDIVIDUEL;BSK2703OF005422;2027-04-19;OUI
INDIVIDUEL;BSK2703OF005424;2027-04-19;OUI
INDIVIDUEL;BSK2703OF005425;2027-04-19;OUI
INDIVIDUEL;BSK2704OF005447;2027-04-19;OUI
INDIVIDUEL;BSK2704OF005448;2027-04-19;OUI
INDIVIDUEL;BSK2704OF005449;2027-04-19;OUI
INDIVIDUEL;BSK2704OF005450;2027-04-19;OUI
INDIVIDUEL;BSK2704OF005451;2027-04-19;OUI
INDIVIDUEL;BSK2704OF005452;2027-04-19;OUI
INDIVIDUEL;BSK2704OF005453;2027-04-19;OUI
INDIVIDUEL;BSK2704OF005454;2027-04-19;OUI
INDIVIDUEL;BSK2704OF005455;2027-04-19;OUI
INDIVIDUEL;BSK2704OF005456;2027-04-19;OUI
INDIVIDUEL;BSK2704OF005512;2027-04-19;NON
INDIVIDUEL;BSK2704OF005513;2027-04-19;NON
INDIVIDUEL;BSK2704OF005904;2027-04-21;NON
INDIVIDUEL;BSK2704OF005847;2027-04-22;OUI
INDIVIDUEL;BSK2704OF005848;2027-04-22;OUI
INDIVIDUEL;BSK2704OF005515;2027-04-29;OUI
INDIVIDUEL;BSK2704OF005516;2027-04-29;OUI
INDIVIDUEL;BSK2704OF005709;2027-05-10;OUI
GRP434;BSK2705OF006346;2027-05-21;OUI
GRP434;BSK2705OF006347;2027-05-21;OUI
GRP434;BSK2704OF005530;2027-05-20;OUI
INDIVIDUEL;BSK2704OF005458;2027-05-20;OUI
INDIVIDUEL;BSK2704OF005469;2027-05-20;ÉCHOUÉ(stock insuffisant)
INDIVIDUEL;BSK2704OF005470;2027-05-20;ÉCHOUÉ(stock insuffisant)
INDIVIDUEL;BSK2704OF005471;2027-05-20;ÉCHOUÉ(stock insuffisant)
INDIVIDUEL;BSK2704OF005472;2027-05-20;ÉCHOUÉ(stock insuffisant)
INDIVIDUEL;BSK2704OF005473;2027-05-20;ÉCHOUÉ(stock insuffisant)
INDIVIDUEL;BSK2704OF005474;2027-05-20;ÉCHOUÉ(stock insuffisant)
INDIVIDUEL;BSK2704OF005475;2027-05-20;ÉCHOUÉ(stock insuffisant)
INDIVIDUEL;BSK2704OF005491;2027-05-20;OUI
INDIVIDUEL;BSK2704OF005495;2027-05-20;OUI
INDIVIDUEL;BSK2704OF005552;2027-05-20;OUI
INDIVIDUEL;BSK2704OF005673;2027-05-20;OUI
INDIVIDUEL;BSK2704OF005695;2027-05-20;OUI
INDIVIDUEL;BSK2704OF005457;2027-05-20;OUI
INDIVIDUEL;BSK2704OF005459;2027-05-20;OUI
INDIVIDUEL;BSK2704OF005460;2027-05-20;OUI
INDIVIDUEL;BSK2704OF005461;2027-05-20;OUI
INDIVIDUEL;BSK2704OF005462;2027-05-20;OUI
INDIVIDUEL;BSK2704OF005463;2027-05-20;OUI
INDIVIDUEL;BSK2704OF005464;2027-05-20;OUI
INDIVIDUEL;BSK2704OF005465;2027-05-20;OUI
INDIVIDUEL;BSK2704OF005466;2027-05-20;OUI
INDIVIDUEL;BSK2704OF005476;2027-05-20;OUI
INDIVIDUEL;BSK2704OF005477;2027-05-20;OUI
INDIVIDUEL;BSK2704OF005478;2027-05-20;OUI
INDIVIDUEL;BSK2704OF005479;2027-05-20;OUI
INDIVIDUEL;BSK2704OF005480;2027-05-20;OUI
INDIVIDUEL;BSK2704OF005481;2027-05-20;OUI
INDIVIDUEL;BSK2704OF005482;2027-05-20;OUI
INDIVIDUEL;BSK2704OF005483;2027-05-20;OUI
INDIVIDUEL;BSK2704OF005484;2027-05-20;OUI
INDIVIDUEL;BSK2704OF005496;2027-05-20;OUI
INDIVIDUEL;BSK2704OF005501;2027-05-20;OUI
INDIVIDUEL;BSK2704OF005502;2027-05-20;OUI
INDIVIDUEL;BSK2704OF005503;2027-05-20;OUI
INDIVIDUEL;BSK2704OF005504;2027-05-20;OUI
INDIVIDUEL;BSK2704OF005506;2027-05-20;OUI
INDIVIDUEL;BSK2704OF005507;2027-05-20;OUI
INDIVIDUEL;BSK2704OF005508;2027-05-20;ÉCHOUÉ(stock insuffisant)
INDIVIDUEL;BSK2704OF005511;2027-05-20;OUI
INDIVIDUEL;BSK2704OF005514;2027-05-20;OUI
INDIVIDUEL;BSK2704OF005517;2027-05-20;OUI
INDIVIDUEL;BSK2704OF005518;2027-05-20;OUI
INDIVIDUEL;BSK2704OF005527;2027-05-20;OUI
INDIVIDUEL;BSK2704OF005535;2027-05-20;ÉCHOUÉ(stock insuffisant)
INDIVIDUEL;BSK2704OF005536;2027-05-20;ÉCHOUÉ(stock insuffisant)
INDIVIDUEL;BSK2704OF005537;2027-05-20;ÉCHOUÉ(stock insuffisant)
INDIVIDUEL;BSK2704OF005538;2027-05-20;ÉCHOUÉ(stock insuffisant)
INDIVIDUEL;BSK2704OF005539;2027-05-20;ÉCHOUÉ(stock insuffisant)
INDIVIDUEL;BSK2704OF005540;2027-05-20;ÉCHOUÉ(stock insuffisant)
INDIVIDUEL;BSK2704OF005541;2027-05-20;ÉCHOUÉ(stock insuffisant)
INDIVIDUEL;BSK2704OF005542;2027-05-20;ÉCHOUÉ(stock insuffisant)
INDIVIDUEL;BSK2704OF005543;2027-05-20;ÉCHOUÉ(stock insuffisant)
INDIVIDUEL;BSK2704OF005544;2027-05-20;ÉCHOUÉ(stock insuffisant)
INDIVIDUEL;BSK2704OF005545;2027-05-20;ÉCHOUÉ(stock insuffisant)
INDIVIDUEL;BSK2704OF005546;2027-05-20;ÉCHOUÉ(stock insuffisant)
INDIVIDUEL;BSK2704OF005547;2027-05-20;ÉCHOUÉ(stock insuffisant)
INDIVIDUEL;BSK2704OF005548;2027-05-20;ÉCHOUÉ(stock insuffisant)
INDIVIDUEL;BSK2704OF005549;2027-05-20;ÉCHOUÉ(stock insuffisant)
INDIVIDUEL;BSK2704OF005550;2027-05-20;ÉCHOUÉ(stock insuffisant)
INDIVIDUEL;BSK2704OF005551;2027-05-20;ÉCHOUÉ(stock insuffisant)
INDIVIDUEL;BSK2704OF005559;2027-05-20;OUI
INDIVIDUEL;BSK2704OF005561;2027-05-20;OUI
INDIVIDUEL;BSK2704OF005562;2027-05-20;OUI
INDIVIDUEL;BSK2704OF005563;2027-05-20;OUI
INDIVIDUEL;BSK2704OF005564;2027-05-20;OUI
INDIVIDUEL;BSK2704OF005565;2027-05-20;OUI
INDIVIDUEL;BSK2704OF005566;2027-05-20;OUI
INDIVIDUEL;BSK2704OF005567;2027-05-20;ÉCHOUÉ(stock insuffisant)
INDIVIDUEL;BSK2704OF005572;2027-05-20;ÉCHOUÉ(stock insuffisant)
INDIVIDUEL;BSK2704OF005573;2027-05-20;ÉCHOUÉ(stock insuffisant)
INDIVIDUEL;BSK2704OF005574;2027-05-20;OUI
INDIVIDUEL;BSK2704OF005604;2027-05-20;OUI
INDIVIDUEL;BSK2704OF005605;2027-05-20;OUI
INDIVIDUEL;BSK2704OF005606;2027-05-20;ÉCHOUÉ(stock insuffisant)
INDIVIDUEL;BSK2704OF005629;2027-05-20;ÉCHOUÉ(stock insuffisant)
INDIVIDUEL;BSK2704OF005637;2027-05-20;OUI
INDIVIDUEL;BSK2704OF005640;2027-05-20;OUI
INDIVIDUEL;BSK2704OF005641;2027-05-20;OUI
INDIVIDUEL;BSK2704OF005644;2027-05-20;OUI
INDIVIDUEL;BSK2704OF005645;2027-05-20;OUI
INDIVIDUEL;BSK2704OF005647;2027-05-20;OUI
INDIVIDUEL;BSK2704OF005648;2027-05-20;OUI
INDIVIDUEL;BSK2704OF005649;2027-05-20;NON
INDIVIDUEL;BSK2704OF005650;2027-05-20;OUI
INDIVIDUEL;BSK2704OF005655;2027-05-20;OUI
INDIVIDUEL;BSK2704OF005656;2027-05-20;OUI
INDIVIDUEL;BSK2704OF005657;2027-05-20;OUI
INDIVIDUEL;BSK2704OF005658;2027-05-20;OUI
INDIVIDUEL;BSK2704OF005659;2027-05-20;OUI
INDIVIDUEL;BSK2704OF005660;2027-05-20;OUI
INDIVIDUEL;BSK2704OF005661;2027-05-20;OUI
INDIVIDUEL;BSK2704OF005662;2027-05-20;OUI
INDIVIDUEL;BSK2704OF005663;2027-05-20;OUI
INDIVIDUEL;BSK2704OF005664;2027-05-20;OUI
INDIVIDUEL;BSK2704OF005665;2027-05-20;OUI
INDIVIDUEL;BSK2704OF005666;2027-05-20;OUI
INDIVIDUEL;BSK2704OF005667;2027-05-20;OUI
INDIVIDUEL;BSK2704OF005668;2027-05-20;OUI
INDIVIDUEL;BSK2704OF005669;2027-05-20;OUI
INDIVIDUEL;BSK2704OF005670;2027-05-20;OUI
INDIVIDUEL;BSK2704OF005671;2027-05-20;OUI
INDIVIDUEL;BSK2704OF005672;2027-05-20;OUI
INDIVIDUEL;BSK2704OF005675;2027-05-20;OUI
INDIVIDUEL;BSK2704OF005704;2027-05-20;OUI
INDIVIDUEL;BSK2704OF005705;2027-05-20;OUI
INDIVIDUEL;BSK2704OF005706;2027-05-20;OUI
INDIVIDUEL;BSK2704OF005707;2027-05-20;OUI
INDIVIDUEL;BSK2704OF005708;2027-05-20;OUI
INDIVIDUEL;BSK2704OF005710;2027-05-20;OUI
INDIVIDUEL;BSK2704OF005711;2027-05-20;OUI
INDIVIDUEL;BSK2705OF005941;2027-05-20;OUI
INDIVIDUEL;BSK2705OF005942;2027-05-20;OUI
INDIVIDUEL;BSK2705OF005943;2027-05-20;OUI
INDIVIDUEL;BSK2705OF005944;2027-05-20;OUI
INDIVIDUEL;BSK2705OF005945;2027-05-20;OUI
INDIVIDUEL;BSK2705OF005985;2027-05-20;OUI
INDIVIDUEL;BSK2705OF005986;2027-05-20;OUI
INDIVIDUEL;BSK2705OF005987;2027-05-20;OUI
INDIVIDUEL;BSK2705OF006396;2027-05-20;NON
INDIVIDUEL;BSK2705OF006397;2027-05-20;NON
INDIVIDUEL;BSK2705OF006398;2027-05-20;NON
INDIVIDUEL;BSK2705OF006406;2027-05-20;OUI
INDIVIDUEL;BSK2704OF005493;2027-05-21;OUI
INDIVIDUEL;BSK2704OF005494;2027-05-21;OUI
INDIVIDUEL;BSK2704OF005467;2027-05-21;OUI
INDIVIDUEL;BSK2704OF005468;2027-05-21;OUI
INDIVIDUEL;BSK2705OF005988;2027-05-21;OUI
INDIVIDUEL;BSK2705OF005989;2027-05-21;OUI
INDIVIDUEL;BSK2705OF005990;2027-05-21;OUI
INDIVIDUEL;BSK2705OF005991;2027-05-21;OUI
INDIVIDUEL;BSK2705OF005992;2027-05-21;OUI
INDIVIDUEL;BSK2705OF005993;2027-05-21;OUI
INDIVIDUEL;BSK2705OF005994;2027-05-21;OUI
INDIVIDUEL;BSK2705OF005995;2027-05-21;OUI
INDIVIDUEL;BSK2705OF005996;2027-05-21;OUI
INDIVIDUEL;BSK2705OF005997;2027-05-21;OUI
INDIVIDUEL;BSK2705OF005998;2027-05-21;OUI
INDIVIDUEL;BSK2705OF005999;2027-05-21;OUI
INDIVIDUEL;BSK2705OF006000;2027-05-21;OUI
INDIVIDUEL;BSK2705OF006001;2027-05-21;OUI
INDIVIDUEL;BSK2705OF006334;2027-05-21;OUI
INDIVIDUEL;BSK2705OF006335;2027-05-21;OUI
INDIVIDUEL;BSK2705OF006336;2027-05-21;OUI
INDIVIDUEL;BSK2705OF006337;2027-05-21;OUI
INDIVIDUEL;BSK2705OF006338;2027-05-21;OUI
INDIVIDUEL;BSK2705OF006339;2027-05-21;OUI
INDIVIDUEL;BSK2704OF005686;2027-05-28;OUI
INDIVIDUEL;BSK2705OF005953;2027-06-18;OUI
INDIVIDUEL;BSK2705OF005954;2027-06-18;OUI
INDIVIDUEL;BSK2705OF005955;2027-06-18;OUI
INDIVIDUEL;BSK2705OF005956;2027-06-18;ÉCHOUÉ(stock insuffisant)
INDIVIDUEL;BSK2705OF005957;2027-06-18;ÉCHOUÉ(stock insuffisant)
INDIVIDUEL;BSK2705OF005958;2027-06-18;ÉCHOUÉ(stock insuffisant)
INDIVIDUEL;BSK2705OF005962;2027-06-18;OUI
INDIVIDUEL;BSK2705OF005963;2027-06-18;OUI
INDIVIDUEL;BSK2705OF005964;2027-06-18;OUI
INDIVIDUEL;BSK2705OF005965;2027-06-18;OUI
INDIVIDUEL;BSK2705OF005966;2027-06-18;ÉCHOUÉ(stock insuffisant)
INDIVIDUEL;BSK2705OF005967;2027-06-18;ÉCHOUÉ(stock insuffisant)
INDIVIDUEL;BSK2705OF005968;2027-06-18;OUI
INDIVIDUEL;BSK2705OF005969;2027-06-18;OUI
INDIVIDUEL;BSK2705OF005970;2027-06-18;OUI
INDIVIDUEL;BSK2705OF005971;2027-06-18;OUI
INDIVIDUEL;BSK2705OF005972;2027-06-18;OUI
INDIVIDUEL;BSK2705OF005973;2027-06-18;OUI
INDIVIDUEL;BSK2705OF005974;2027-06-18;ÉCHOUÉ(stock insuffisant)
INDIVIDUEL;BSK2705OF005975;2027-06-18;OUI
INDIVIDUEL;BSK2705OF005976;2027-06-18;OUI
INDIVIDUEL;BSK2705OF005977;2027-06-18;OUI
INDIVIDUEL;BSK2705OF005978;2027-06-18;OUI
INDIVIDUEL;BSK2705OF005979;2027-06-18;OUI
INDIVIDUEL;BSK2705OF005980;2027-06-18;OUI
INDIVIDUEL;BSK2705OF005981;2027-06-18;OUI
INDIVIDUEL;BSK2705OF005982;2027-06-18;OUI
INDIVIDUEL;BSK2705OF005983;2027-06-18;OUI
INDIVIDUEL;BSK2705OF005984;2027-06-18;OUI
INDIVIDUEL;BSK2705OF006015;2027-06-18;ÉCHOUÉ(stock insuffisant)
INDIVIDUEL;BSK2705OF006016;2027-06-18;ÉCHOUÉ(stock insuffisant)
INDIVIDUEL;BSK2705OF006026;2027-06-18;OUI
INDIVIDUEL;BSK2705OF006035;2027-06-18;ÉCHOUÉ(stock insuffisant)
INDIVIDUEL;BSK2705OF006036;2027-06-18;ÉCHOUÉ(stock insuffisant)
INDIVIDUEL;BSK2705OF006037;2027-06-18;ÉCHOUÉ(stock insuffisant)
INDIVIDUEL;BSK2705OF006043;2027-06-18;ÉCHOUÉ(poste indispo)
INDIVIDUEL;BSK2705OF006121;2027-06-18;ÉCHOUÉ(stock insuffisant)
INDIVIDUEL;BSK2705OF006161;2027-06-18;OUI
INDIVIDUEL;BSK2705OF006177;2027-06-18;ÉCHOUÉ(poste indispo)
